tree
version=v3
num_class=1
num_tree_per_iteration=1
label_index=0
max_feature_idx=26
objective=regression
feature_names=hour day_of_week week_of_year mean_hour_device is_banner is_interstitial is_rewarded popularity_of_brand popularity_of_device is_apple is_US mean_win_bid_device median_win_bid_device min_win_bid_device max_win_bid_device mean_sent_price_device median_sent_price_device min_sent_price_device max_sent_price_device is_WIFI is_3G mean_win_bid_c1 mean_win_bid_c3 size_width size_height mediation_minor sentPrice
feature_infos=[0:23] [-27:-21] [26:28] [0:23] [0:1] [0:1] [0:1] [2:2088820] [1:25150] [0:1] [0:1] [0.026666666666666668:824.59746268656716] [0.01:787.5] [0.01:363.31] [0.029999999999999999:3405.7199999999998] [0.01:242.86124999999998] [0.01:297.5] [0.01:112.70999999999999] [0.01:970.40999999999997] [0:1] [0:1] [0.31463279002876321:46.957659574468082] [3.733726845628992:4.599169221682283] [320:1024] [50:1024] [0:4] [0.01:970.40999999999997]
tree_sizes=3023 3048 3029 3036 3019 3044 3062 3027 2996 2995 3053 3053 3046 3003 3060 2976 3013 3039 2963 3004 2956 2970 2927 2910 2996 2969 2898 3012 2863 2874 2884 2821 2942 2901 2827 2796 2775 2795 2833 2963 2806 2843 2758 2802 2908 2842 2834 2893 2885 2912 2665 2926 2915 2772 2886 2780 2820 2800 2777 2898 2820 2762 2907 2758 2893 2720 2779 2750 2848 2880 2869 2753 2817 2821 2790 2742 2875 2984 2905 2779 2673 2888 2706 2738 2660 2810 2742 2864 2697 2910 2898 2924 2755 2741 2861 2666 2874 2752 2744 2816 2908 2691 2913 2774 2899 2799 2775 2768 2849 2766 2776 2884 2727 2834 2969 2800 2941 2835 2806 2753 2755 2763 2767 2736 2721 2863 2705 2783 2813 2853 2985 2735 2825 2884 2780 2842 2784 2809 2836 2751 2903 2855 2861 2717 2760 2798 2792 2952 2784 2825 2795 2768 2904 2835 2804 2919 2903 2772 2811 2840 2760 2820 2977 2723 2940 2864 2782 2839 2884 2888 2803 2746 2724 2819 2890 2785 2752 2760 2864 2748 2698 2921 2856 2877 2729 2665 2868 2826 2759 2905 2905 2781 2775 2982 3113 2770 2910 2695 2753 2813 2806 2759 2703 2677 2786 2719 2793 2870 2729 2759 2777 2870 2702 2825 2719 2941 2868 2730 2732 2927 2880 2690 2661 2712 2774 2924 2816 2720 2745 3144 2852 2806 2730 2762 2760 2770 2692 2729 2700 2870 2818 2789 2736 2758 2812 2759 2867 2776 2785 2844 2747 2816 2836 2716 2771 2745 2713 2705 2790 2818 2857 2864 2780 2766 2795 2812 2757 2699 2817 2911 2948 2815 2738 2782 2811 2786 2779 2719 2681 2974 2854 2855 2851 2762 2863 2800 2726 2762 2708 2710 2711 2773 2702 2853 2711 2848 2840 2794 2824 2786 2757 2732 2897 2971 2841 2721 2842 2809 2845 2812 2794 2873 2835 2830 2703 2746 2761 2760 2678 2820

Tree=0
num_leaves=31
num_cat=0
split_feature=12 26 12 14 21 11 14 12 4 14 14 14 14 16 11 11 11 18 12 11 11 14 16 14 14 4 21 8 12 11
split_gain=1.00205e+09 3.12763e+08 2.01682e+08 1.29381e+08 9.67539e+07 1.31373e+08 5.65254e+07 4.26023e+07 3.84152e+07 2.84244e+07 2.75019e+07 2.72301e+07 1.86139e+07 2.16514e+07 1.75562e+07 1.69514e+07 1.39234e+07 1.30632e+07 1.27287e+07 1.21457e+07 1.14241e+07 1.04528e+07 9.82111e+06 9.38084e+06 8.21072e+06 8.13478e+06 8.05854e+06 6.87113e+06 6.68949e+06 6.28429e+06
threshold=110.17000000000002 3.5950000000000002 327.12750000000005 204.54500000000004 7.5210234038549517 11.453212068034558 204.54500000000004 200.10000000000002 1.0000000180025095e-35 80.085000000000022 50.205000000000005 300.30000000000007 751.73500000000013 84.570000000000007 39.961155172413804 4.777430555555557 19.909737973662995 40.985000000000007 5.0825000000000005 4.0142608117210257 7.6890743396532173 300.30000000000007 1.8450000000000004 509.5750000000001 751.73500000000013 1.0000000180025095e-35 32.102631101271896 185.50000000000003 3.2750000000000004 1.6521021594684386
decision_type=2 2 2 2 2 2 2 2 2 2 2 2 2 2 2 2 2 2 2 2 2 2 2 2 2 2 2 2 2 2
left_child=1 4 7 9 -1 10 14 25 12 -3 29 20 -4 17 18 -11 -13 26 -7 -12 -5 -8 -22 -9 -18 -2 -14 -17 -21 -6
right_child=2 3 8 11 5 6 21 23 -10 15 19 16 13 -15 -16 27 24 -19 -20 28 22 -23 -24 -25 -26 -27 -28 -29 -30 -31
leaf_value=3.8306372151114112 19.550077656073668 5.675843234265125 43.333509597645325 8.2660764159710141 4.0397120814763543 9.3743533337365683 11.585360994159046 28.035890503779438 4.0643999974411615 6.0464739496813378 4.9461128864578665 14.899951595306458 55.81785395336837 85.080943700437132 10.204108163552348 10.28078858491833 22.466693583460543 46.227436478582931 5.9023786806883134 7.0285211441374491 14.487679995946841 17.031009771279045 10.036510546818906 38.691207793068827 51.732869908696138 4.0543941416257114 78.734939269805153 8.1021775771068594 4.7290426341628802 4.6027221840479129
leaf_weight=5817808 10573 126739 1410 7555 598532 12442 15573 3357 177 29945 145295 5048 383 265 14479 23753 3025 883 69777 57463 13066 4556 7987 1096 99 350 256 37069 16223 296449
leaf_count=5817808 10573 126739 1410 7555 598532 12442 15573 3357 177 29945 145295 5048 383 265 14479 23753 3025 883 69777 57463 13066 4556 7987 1096 99 350 256 37069 16223 296449
internal_value=4.18463 4.12535 27.2727 7.57084 4.00105 4.80656 7.99681 22.4144 49.413 6.64327 4.47198 13.0562 51.9236 58.7015 6.99323 7.9941 18.1471 54.1085 6.42778 5.47648 11.6019 12.8179 12.799 30.6584 23.3941 19.0536 64.999 8.953 6.52226 4.2262
internal_weight=0 7.30288e+06 18750 254286 7.0486e+06 1.23079e+06 116827 15376 3374 217506 1.11396e+06 36780 3197 1787 96698 90767 8172 1522 82219 218981 28608 20129 21053 4453 3124 10923 639 60822 73686 894981
internal_count=7321633 7302883 18750 254286 7048597 1230789 116827 15376 3374 217506 1113962 36780 3197 1787 96698 90767 8172 1522 82219 218981 28608 20129 21053 4453 3124 10923 639 60822 73686 894981
is_linear=0
shrinkage=1


Tree=1
num_leaves=31
num_cat=0
split_feature=11 26 12 14 21 11 12 14 4 14 14 11 4 14 16 11 11 12 11 12 11 11 16 12 12 14 6 18 12 11
split_gain=8.13985e+08 2.36923e+08 1.97351e+08 9.63201e+07 7.34509e+07 9.57023e+07 4.76523e+07 4.29258e+07 3.11163e+07 3.07024e+07 1.98597e+07 1.94522e+07 1.80916e+07 1.50773e+07 1.82138e+07 1.30726e+07 1.28088e+07 1.15581e+07 8.43356e+06 8.42812e+06 8.53538e+06 8.3857e+06 8.13309e+06 8.11933e+06 8.4117e+06 7.83217e+06 1.00261e+07 7.78037e+06 7.33173e+06 7.38311e+06
threshold=97.595652173913066 3.4550000000000005 327.12750000000005 222.31500000000003 7.5210234038549517 10.493977542540565 200.10000000000002 204.54500000000004 1.0000000180025095e-35 121.16500000000002 50.005000000000003 9.6443558052434479 1.0000000180025095e-35 751.73500000000013 11.135000000000002 33.912511961722494 6.9857524038461554 5.0825000000000005 4.5520454545454552 10.325000000000001 33.912511961722494 18.720427927927933 1.9250000000000003 30.217500000000005 141.31500000000003 751.73500000000013 1.0000000180025095e-35 40.985000000000007 3.3625000000000003 39.961155172413804
decision_type=2 2 2 2 2 2 2 2 2 2 2 2 2 2 2 2 2 2 2 2 2 2 2 2 2 2 2 2 2 2
left_child=1 4 6 9 -1 10 12 15 13 21 -6 -5 23 -4 27 17 -11 -7 -12 20 -13 -3 -9 -2 -25 -8 -27 -15 -18 -30
right_child=2 3 8 11 5 7 25 22 -10 16 18 19 -14 14 -16 -17 28 -19 -20 -21 -22 -23 -24 24 -26 26 -28 -29 29 -31
leaf_value=-0.31863450125569631 28.069407534599307 1.3332847143298079 35.233997600907131 5.1906301750466248 0.027748114886814057 4.4238012946816134 22.740087747244623 8.3619875814586333 -0.10820270864540281 2.5118502828296112 0.72770920381423831 11.493952667382361 -0.19020104255657899 51.366478614645146 62.547796187593931 4.7198503314470805 6.732540807612196 1.3173181082632599 2.1577736383909647 6.1233775182298205 18.692311368811129 3.2246981181568204 2.5615879274255597 10.621362394212355 15.387705103585532 22.400673039754235 60.343364005455605 34.614636033791115 1.9177171694027006 5.7978033116022445
leaf_weight=5816677 352 146512 1410 7103 882662 14398 4173 16409 177 27440 156401 9339 1105 471 642 19313 19076 71230 56005 2299 2000 27905 2835 8469 6579 150 130 674 9218 10479
leaf_count=5816677 352 146512 1410 7103 882662 14398 4173 16409 177 27440 156401 9339 1105 471 642 19313 19076 71230 56005 2299 2000 27905 2835 8469 6579 150 130 674 9218 10479
internal_value=0 -0.0608852 18.2598 2.89546 -0.170708 0.535006 14.6463 3.16588 40.7055 2.33186 0.236654 9.43413 12.1695 42.9651 49.0652 2.36972 4.16516 1.83966 1.10477 11.6443 12.7636 1.63589 7.50748 13.0564 12.7052 23.8264 40.0169 41.5056 5.33522 3.98196
internal_weight=0 7.2973e+06 24332 261371 7.03593e+06 1.21925e+06 20958 124185 3374 240630 1.09507e+06 20741 16505 3197 1787 104941 66213 85628 212406 13638 11339 174417 19244 15400 15048 4453 280 1145 38773 19697
internal_count=7321633 7297301 24332 261371 7035930 1219253 20958 124185 3374 240630 1095068 20741 16505 3197 1787 104941 66213 85628 212406 13638 11339 174417 19244 15400 15048 4453 280 1145 38773 19697
is_linear=0
shrinkage=0.1


Tree=2
num_leaves=31
num_cat=0
split_feature=11 26 12 14 21 11 14 12 4 14 4 11 11 14 11 12 14 16 18 14 26 14 14 11 12 12 21 11 6 14
split_gain=6.59327e+08 1.92963e+08 1.59854e+08 7.48347e+07 6.35895e+07 8.1659e+07 4.28572e+07 3.85984e+07 2.52042e+07 2.49626e+07 1.46542e+07 1.42836e+07 1.39216e+07 1.36519e+07 1.34702e+07 1.34891e+07 1.22126e+07 1.56094e+07 9.051e+06 7.69542e+06 7.05634e+06 6.91513e+06 6.88086e+06 7.68829e+06 6.57666e+06 6.81348e+06 6.4369e+06 5.62707e+06 5.31872e+06 6.53707e+06
threshold=97.595652173913066 3.8950000000000005 327.12750000000005 222.31500000000003 4.6875534757621171 7.6890743396532173 204.54500000000004 200.10000000000002 1.0000000180025095e-35 80.085000000000022 1.0000000180025095e-35 9.6443558052434479 4.6400353362644529 33.465000000000011 28.835726227795195 3.7450000000000006 751.73500000000013 62.100000000000009 40.985000000000007 300.30000000000007 13.035000000000002 509.5750000000001 325.42000000000002 19.909737973662995 30.217500000000005 141.31500000000003 32.102631101271896 3.76062962962963 1.0000000180025095e-35 751.73500000000013
decision_type=2 2 2 2 2 2 2 2 2 2 2 2 2 2 2 2 2 2 2 2 2 2 2 2 2 2 2 2 2 2
left_child=1 4 7 9 -1 13 14 10 16 -3 24 -5 -11 -6 15 -7 -4 18 26 -8 -14 -9 -13 -24 -2 -26 -18 -15 -23 -30
right_child=2 3 8 11 5 6 19 21 -10 12 -12 22 20 27 -16 -17 17 -19 -20 -21 -22 28 23 -25 25 -27 -28 -29 29 -31
leaf_value=-0.28870684411095282 25.262466994198888 1.2364273009132218 31.710596993831878 4.8869410078184901 -0.069300387408677694 3.4015802398706736 5.5634784267355855 19.192130234019899 -0.097382444066474338 1.5303779440943868 -0.17118094218262722 9.094830404689338 3.6078464042056577 0.46963906333689326 3.9079153844284793 0.89010787151497961 41.096787089654114 66.458309335900609 33.669732337263198 10.123595912603925 5.9719570487040841 20.240716243654393 11.078677155942074 20.560328642280098 9.5592263483483162 13.848934438971876 61.578644594550134 1.4263903020722908 29.137762142944339 54.309027859614446
leaf_weight=5790328 352 114495 1410 6568 749616 27376 19152 3357 177 28001 1105 9123 53004 270381 26856 97736 383 267 881 4587 16573 466 2689 1254 8469 6579 256 79562 500 130
leaf_count=5790328 352 114495 1410 6568 749616 27376 19152 3357 177 28001 1105 9123 53004 270381 26856 97736 383 267 881 4587 16573 466 2689 1254 8469 6579 256 79562 500 130
internal_value=0 -0.0547967 16.4338 2.78482 -0.147918 0.49133 2.49311 13.1817 36.6349 2.238 10.9526 8.69119 3.41322 0.17145 1.87584 1.43965 38.6686 44.1587 40.2416 6.44461 4.17097 21.4438 10.6035 14.0941 11.7508 11.4347 49.3024 0.687163 28.3405 34.3318
internal_weight=0 7.2973e+06 24332 231707 7.06559e+06 1.27527e+06 175707 20958 3374 212073 16505 19634 97578 1.09956e+06 151968 125112 3197 1787 1520 23739 69577 4453 13066 3943 15400 15048 639 349943 1096 630
internal_count=7321633 7297301 24332 231707 7065594 1275266 175707 20958 3374 212073 16505 19634 97578 1099559 151968 125112 3197 1787 1520 23739 69577 4453 13066 3943 15400 15048 639 349943 1096 630
is_linear=0
shrinkage=0.1


Tree=3
num_leaves=31
num_cat=0
split_feature=12 26 12 14 21 11 12 14 14 21 11 11 11 14 14 16 14 18 8 11 14 12 18 5 4 14 11 12 11 16
split_gain=5.34347e+08 1.67927e+08 1.06802e+08 6.46777e+07 5.84854e+07 7.87272e+07 3.11952e+07 2.26289e+07 2.1929e+07 2.04181e+07 1.91224e+07 1.46788e+07 1.3958e+07 1.39371e+07 9.85597e+06 1.29023e+07 8.69168e+06 8.24367e+06 7.44972e+06 7.25308e+06 6.51452e+06 5.84273e+06 5.12734e+06 5.00143e+06 4.87007e+06 4.78633e+06 4.28904e+06 5.59014e+06 4.18415e+06 5.07814e+06
threshold=110.17000000000002 4.6350000000000007 327.12750000000005 204.54500000000004 4.6875534757621171 14.572858851674644 7.6850000000000014 325.42000000000002 72.845000000000013 10.487127586999657 56.445755494505498 33.912511961722494 5.137612136577407 286.27500000000003 751.73500000000013 11.135000000000002 100.01000000000001 24.365000000000006 403.50000000000006 1.411858552631579 541.41500000000008 200.10000000000002 40.985000000000007 1.0000000180025095e-35 1.0000000180025095e-35 751.73500000000013 3.8031448814343558 2.8025000000000007 7.6890743396532173 1.8450000000000004
decision_type=2 2 2 2 2 2 2 2 2 2 2 2 2 2 2 2 2 2 2 2 2 2 2 2 2 2 2 2 2 2
left_child=1 4 7 12 -1 8 11 24 19 -4 -8 -7 -3 28 -11 22 -14 26 25 -6 -13 -9 -16 -17 -2 -15 -10 -28 -5 -30
right_child=2 3 9 13 5 6 10 21 17 14 -12 20 16 18 15 23 -18 -19 -20 -21 -22 -23 -24 -25 -26 -27 27 -29 29 -31
leaf_value=-0.25986344548342738 11.069223713575241 1.0242070050312684 0.10562767845958305 3.2973575165851337 -0.14883481494816495 5.83155325102119 1.652989952810225 14.208308113336393 0.62001862674409969 28.555629738775846 5.7827215753034107 11.729149197611934 1.9801481371410816 14.261331427875531 41.385239953043104 57.707551669668398 3.9489828208509494 3.5315987737999843 8.5831674002206793 0.38213361474745178 25.095570919654563 21.397903063739733 27.786199392975263 39.317290697469339 -1.1867585841666406 38.170827905062971 2.2735105324409148 0.31955800621487301 7.7145551017674379 4.1646906446677763
leaf_weight=5791677 10075 74774 179 5755 583255 16264 67955 1740 86001 1408 13428 1804 49584 2225 471 411 40933 15201 6744 460302 457 3226 674 231 335 87 48044 21060 10960 6373
leaf_count=5791677 10075 74774 179 5755 583255 16264 67955 1740 86001 1408 13428 1804 49584 2225 471 411 40933 15201 6744 460302 457 3226 674 231 335 87 48044 21060 10960 6373
internal_value=0 -0.0432874 16.8599 2.83343 -0.123221 0.479158 3.17744 13.3245 0.257074 32.9715 2.33439 6.8811 2.03527 6.93774 34.8128 39.7428 2.87048 1.3092 10.2625 0.0853698 14.4308 18.8788 33.3802 51.0905 10.6748 15.161 1.09139 1.67803 5.63364 6.40934
internal_weight=0 7.30288e+06 18750 197435 7.10545e+06 1.31377e+06 99908 15376 1.21386e+06 3374 81383 18525 165291 32144 3195 1787 90517 170306 9056 1.04356e+06 2261 4966 1145 642 10410 2312 155105 69104 23088 17333
internal_count=7321633 7302883 18750 197435 7105448 1313771 99908 15376 1213863 3374 81383 18525 165291 32144 3195 1787 90517 170306 9056 1043557 2261 4966 1145 642 10410 2312 155105 69104 23088 17333
is_linear=0
shrinkage=0.1


Tree=4
num_leaves=31
num_cat=0
split_feature=11 26 12 21 11 14 14 12 4 14 12 11 11 21 14 14 16 26 11 14 6 18 11 4 14 12 14 5 12 21
split_gain=4.35354e+08 1.27749e+08 1.04336e+08 4.97993e+07 6.03805e+07 4.45505e+07 3.32624e+07 2.56297e+07 1.6558e+07 1.37112e+07 1.13975e+07 1.73579e+07 9.99192e+06 9.84642e+06 9.28862e+06 8.00882e+06 1.10992e+07 6.74519e+06 6.53884e+06 6.30835e+06 7.12924e+06 6.25267e+06 6.1623e+06 6.13616e+06 6.05042e+06 5.79747e+06 5.14684e+06 5.91466e+06 4.95828e+06 4.9019e+06
threshold=97.595652173913066 5.535000000000001 327.12750000000005 7.5210234038549517 6.1965905415339391 222.31500000000003 133.24000000000004 200.10000000000002 1.0000000180025095e-35 80.085000000000022 5.0825000000000005 24.628928571428577 39.961155172413804 5.9200554027476917 30.175000000000004 751.73500000000013 84.570000000000007 16.025000000000002 12.669509803921573 509.5750000000001 1.0000000180025095e-35 40.985000000000007 24.628928571428577 1.0000000180025095e-35 509.5750000000001 3.0825000000000005 751.73500000000013 1.0000000180025095e-35 6.4625000000000012 32.102631101271896
decision_type=2 2 2 2 2 2 2 2 2 2 2 2 2 2 2 2 2 2 2 2 2 2 2 2 2 2 2 2 2 2
left_child=1 3 7 -1 14 9 22 13 15 -3 11 -8 -12 -2 -5 -4 21 -11 -7 -20 -21 29 25 26 -13 -6 -9 -28 -15 -17
right_child=2 5 8 4 6 18 10 23 -10 17 12 24 -14 28 -16 16 -18 -19 19 20 -22 -23 -24 -25 -26 -27 27 -29 -30 -31
leaf_value=-0.23235698793713022 -0.19484948731088064 1.2099100155921629 25.688009017579102 -0.087289224761998907 2.055924075937257 5.1368331635705999 4.2862794859927575 17.11875527037401 -0.098206962001020637 2.7232186655656374 0.66839264566083145 9.9001937290979267 4.496870882508202 23.562042400920131 0.51858874272284783 32.853905572218935 54.655799285600771 5.2404901868215994 8.6364492737160212 8.5746230453427081 29.209838887722029 27.027535051465168 2.4910625447156769 -7.6831435755679482 21.937196865608964 0.54502874356489384 46.738333773979775 17.266537478253561 9.335281286489737 50.727552874013782
leaf_weight=5819138 1108 69535 1410 688933 33330 6008 31367 4085 177 57970 15476 3403 12184 249 399920 383 265 13039 9485 342 328 883 29676 95 476 106691 130 143 15148 256
leaf_count=5819138 1108 69535 1410 688933 33330 6008 31367 4085 177 57970 15476 3403 12184 249 399920 383 265 13039 9485 342 328 883 29676 95 476 106691 130 143 15148 256
internal_value=0 -0.0445272 13.354 -0.10651 0.447665 2.77983 1.91018 10.7266 29.6743 2.20804 3.87426 5.06668 2.35481 8.91014 0.135241 31.3226 35.7686 3.18545 7.75179 9.29887 18.6766 32.48 1.1821 17.4591 11.3773 0.904676 18.0072 31.3007 9.56536 40.0146
internal_weight=0 7.2973e+06 24332 7.14059e+06 1.32146e+06 156707 232603 20958 3374 140544 62906 35246 27660 16505 1.08885e+06 3197 1787 71009 16163 10155 670 1522 169697 4453 3879 140021 4358 273 15397 639
internal_count=7321633 7297301 24332 7140594 1321456 156707 232603 20958 3374 140544 62906 35246 27660 16505 1088853 3197 1787 71009 16163 10155 670 1522 169697 4453 3879 140021 4358 273 15397 639
is_linear=0
shrinkage=0.1


Tree=5
num_leaves=31
num_cat=0
split_feature=12 26 14 11 14 21 11 14 14 4 6 16 14 12 14 12 12 11 4 8 12 8 11 12 4 13 11 11 16 18
split_gain=3.55768e+08 1.16338e+08 5.51422e+07 4.73797e+07 4.02473e+07 3.29927e+07 3.51936e+07 2.31537e+07 1.54971e+07 1.49371e+07 9.59091e+06 9.79936e+06 8.83378e+06 8.71944e+06 8.61599e+06 7.61714e+06 7.20181e+06 8.85825e+06 6.97406e+06 6.88285e+06 6.20849e+06 5.79242e+06 5.7659e+06 5.7386e+06 4.72709e+06 4.5259e+06 4.25296e+06 4.21664e+06 3.84835e+06 3.74365e+06
threshold=141.31500000000003 5.955000000000001 751.73500000000013 39.961155172413804 204.54500000000004 2.8599439912788571 4.4802317546857395 204.54500000000004 325.42000000000002 1.0000000180025095e-35 1.0000000180025095e-35 11.135000000000002 286.27500000000003 10.325000000000001 69.955000000000013 2.8025000000000007 6.4625000000000012 24.628928571428577 1.0000000180025095e-35 185.50000000000003 327.12750000000005 403.50000000000006 1.7100276476710905 71.13000000000001 1.0000000180025095e-35 0.34500000000000003 8.18688307854835 18.720427927927933 84.570000000000007 49.685000000000009
decision_type=2 2 2 2 2 2 2 2 2 2 2 2 2 2 2 2 2 2 2 2 2 2 2 2 2 2 2 2 2 2
left_child=1 3 8 5 14 -1 22 15 -2 13 24 29 -6 -5 -3 26 17 25 20 -16 -10 -14 -7 -15 28 -9 -8 -17 -4 -12
right_child=2 4 10 9 12 6 7 16 18 -11 11 -13 21 23 19 27 -18 -19 -20 -21 -22 -23 -24 -25 -26 -27 -28 -29 -30 -31
leaf_value=-0.21134400696620595 9.6653901372450051 0.97594123234649166 22.342576337708724 12.037180387007655 4.9943723547137031 -0.10427047398685096 1.3169801458297947 3.4259940292244786 15.466223508951865 -0.037535863733750133 35.73999377792957 47.056890433877712 13.210863757175947 3.1132437403849536 4.1005825563256044 0.3320642124403706 -0.018897488181374163 10.640321475195357 -1.8201502899164144 1.9660431378802503 23.119209261794463 7.251121105760852 0.38000918761028041 6.1877363618030854 -0.90701131377369171 7.2651678469811216 2.8205335580409288 1.4778284718605263 45.688536061996075 22.108491826476765
leaf_weight=5775617 6600 52731 745 1493 20296 671455 62302 18698 4271 9212 408 480 2246 17422 22697 124525 3801 2249 196 45170 1410 5954 387871 9318 80 3674 26951 43285 78 398
leaf_count=5775617 6600 52731 745 1493 20296 671455 62302 18698 4271 9212 408 480 2246 17422 22697 124525 3801 2249 196 45170 1410 5954 387871 9318 80 3674 26951 43285 78 398
internal_value=0 -0.0312296 15.5594 -0.0888174 2.73351 -0.107475 0.338617 1.32404 12.991 3.45899 30.1986 35.7453 6.11351 4.59986 1.93485 1.02459 4.03243 4.65788 16.7258 2.6799 17.3657 8.88351 0.073048 4.1846 22.2994 4.05648 1.771 0.627603 24.5552 29.0088
internal_weight=0 7.30697e+06 14666 7.15787e+06 149094 7.12043e+06 1.34481e+06 285485 12477 37445 2189 1286 28496 28233 120598 257063 28422 24621 5877 67867 5681 8200 1.05933e+06 26740 903 22372 89253 167810 823 806
internal_count=7321633 7306967 14666 7157873 149094 7120428 1344811 285485 12477 37445 2189 1286 28496 28233 120598 257063 28422 24621 5877 67867 5681 8200 1059326 26740 903 22372 89253 167810 823 806
is_linear=0
shrinkage=0.1


Tree=6
num_leaves=31
num_cat=0
split_feature=12 26 14 11 14 4 11 14 14 4 26 11 6 16 12 12 12 11 4 11 16 14 12 14 12 11 14 4 11 14
split_gain=2.88172e+08 9.42476e+07 4.46652e+07 3.76728e+07 3.35236e+07 2.61033e+07 2.79413e+07 1.84945e+07 1.25526e+07 1.21025e+07 8.19041e+06 7.77768e+06 7.76864e+06 7.93748e+06 7.01296e+06 6.0343e+06 5.68919e+06 7.2839e+06 5.64899e+06 5.44434e+06 5.3025e+06 5.16804e+06 5.02887e+06 4.72326e+06 4.64134e+06 4.23882e+06 4.21771e+06 3.82894e+06 3.76302e+06 3.67136e+06
threshold=141.31500000000003 5.6350000000000007 751.73500000000013 39.961155172413804 204.54500000000004 1.0000000180025095e-35 4.4802317546857395 204.54500000000004 325.42000000000002 1.0000000180025095e-35 40.945000000000007 4.4802317546857395 1.0000000180025095e-35 11.135000000000002 13.195000000000002 3.0825000000000005 6.4625000000000012 21.984252873563221 1.0000000180025095e-35 7.6890743396532173 1.8450000000000004 127.95500000000001 327.12750000000005 30.005000000000006 62.007500000000007 21.984252873563221 509.5750000000001 1.0000000180025095e-35 9.2011025993237556 366.89500000000004
decision_type=2 2 2 2 2 2 2 2 2 2 2 2 2 2 2 2 2 2 2 2 2 2 2 2 2 2 2 2 2 2
left_child=1 3 8 5 11 6 23 15 -2 14 19 -3 27 -14 -5 28 17 -9 22 -6 25 -13 -10 -1 -16 -21 -12 -4 -8 -19
right_child=2 4 12 9 10 -7 7 16 18 -11 26 21 13 -15 24 -17 -18 29 -20 20 -22 -23 -24 -25 -26 -27 -28 -29 -30 -31
leaf_value=-0.0891414563395478 8.6988511273721514 0.69125278485588471 22.099675108195441 10.859976976119867 2.1417066932527637 -0.19020188448441311 1.2142230789097532 3.4935108708816567 13.919601306547413 -0.033823901994753741 10.167315024614695 1.7549543280173545 26.107925114941509 42.351201636592549 2.5976730213618406 0.5517245566177944 -0.00080213894655689448 7.0349565661371534 -1.6381352639348457 5.6704701947663958 3.3902443614482447 3.4874962467469146 20.807287733258931 0.35610650059872051 5.2800652666265941 9.4472355224009199 29.974280923868704 -0.81631019333377486 2.734521611286675 15.913205795756486
leaf_weight=691872 6600 48484 823 1475 5516 5775540 69786 20732 4271 9211 2212 55172 806 480 14719 162343 3732 2818 196 10441 6955 25027 1410 363389 11483 4154 113 80 21235 558
leaf_count=691872 6600 48484 823 1475 5516 5775540 69786 20732 4271 9211 2212 55172 806 480 14719 162343 3732 2818 196 10441 6955 25027 1410 363389 11483 4154 113 80 21235 558
internal_value=0 -0.0281067 14.0034 -0.0815111 2.38711 -0.0980437 0.300218 1.18597 11.6919 3.10597 5.43429 1.69114 27.1788 32.1707 4.15091 0.917147 3.63249 4.19494 15.0532 4.94502 5.66257 2.29561 15.6291 0.0641838 3.77323 6.74541 11.13 20.0695 1.56891 8.50239
internal_weight=0 7.30697e+06 14666 7.14889e+06 158074 7.112e+06 1.33646e+06 281204 12477 36888 29391 128683 2189 1286 27677 253364 27840 24108 5877 27066 21550 80199 5681 1.05526e+06 26202 14595 2325 903 91021 3376
internal_count=7321633 7306967 14666 7148893 158074 7112005 1336465 281204 12477 36888 29391 128683 2189 1286 27677 253364 27840 24108 5877 27066 21550 80199 5681 1055261 26202 14595 2325 903 91021 3376
is_linear=0
shrinkage=0.1


Tree=7
num_leaves=31
num_cat=0
split_feature=11 26 12 14 11 4 12 26 12 11 4 14 21 11 18 4 21 16 14 4 14 12 6 14 3 18 5 14 21 10
split_gain=2.35894e+08 6.93765e+07 5.53544e+07 3.15288e+07 1.68761e+07 1.72074e+07 1.43665e+07 1.28015e+07 1.0253e+07 9.22795e+06 9.09996e+06 1.20284e+07 8.66438e+06 6.25756e+06 5.92311e+06 5.14075e+06 4.75856e+06 4.44853e+06 5.06226e+06 4.26916e+06 4.09102e+06 3.97577e+06 3.96598e+06 4.81914e+06 7.10535e+06 3.90124e+06 4.29512e+06 3.68913e+06 3.67663e+06 3.36692e+06
threshold=97.595652173913066 2.4150000000000005 327.12750000000005 222.31500000000003 21.984252873563221 1.0000000180025095e-35 171.39000000000001 11.200000000000001 9.5100000000000016 7.6890743396532173 1.0000000180025095e-35 72.845000000000013 10.487127586999657 39.961155172413804 27.645000000000003 1.0000000180025095e-35 16.460509296098724 84.570000000000007 751.73500000000013 1.0000000180025095e-35 325.42000000000002 6.4625000000000012 1.0000000180025095e-35 509.5750000000001 12.098617176128096 40.985000000000007 1.0000000180025095e-35 80.085000000000022 28.872821175412202 1.0000000180025095e-35
decision_type=2 2 2 2 2 2 2 2 2 2 2 2 2 2 2 2 2 2 2 2 2 2 2 2 2 2 2 2 2 2
left_child=1 4 6 7 10 8 19 13 20 -5 11 -1 -4 27 -13 28 22 25 -19 21 -6 -2 -11 -24 -25 26 -14 -3 -8 -28
right_child=2 3 12 9 5 -7 15 -9 -10 16 -12 14 17 -15 -16 -17 -18 18 -20 -21 -22 -23 23 24 -26 -27 29 -29 -30 -31
leaf_value=0.016564844817108088 18.919777947353072 0.5059651796583966 0.30789588168887788 1.6186669697989648 5.6323537342290848 -0.06318670737714327 10.167076643008473 2.8760514922219329 2.0806843597604674 5.5366355668312046 -0.17191093784190173 0.83041516926112535 33.190380091105048 3.050059259544907 3.3649552886007279 -4.5567096838100474 4.2557429393844464 17.620176002732638 40.861293830691643 -0.38055385523973473 13.823708904968749 6.1520994544512249 8.7320178899606695 10.851063962371983 40.387822892235931 19.054781287945065 4.4559350055930897 1.2568084580674213 14.822622985078008 25.676361881877501
leaf_weight=976099 249 187153 179 6334 4968 48508 5071 35335 38534 4615 5730877 128698 492 12545 9932 199 7720 145 265 1001 695 11889 4303 245 122 1959 113 100618 2549 221
leaf_count=976099 249 187153 179 6334 4968 48508 5071 35335 38534 4615 5730877 128698 492 12545 9932 199 7720 145 265 1001 695 11889 4303 245 122 1959 113 100618 2549 221
internal_value=0 -0.0327765 9.82985 1.32276 -0.102912 1.23727 7.9161 1.07564 2.66457 4.87674 -0.121061 0.140359 21.7173 0.863802 1.012 11.3101 6.0903 22.9168 32.6419 5.89637 6.63765 6.41402 7.61565 9.67017 20.6698 21.4851 27.249 0.768495 11.7244 18.497
internal_weight=0 7.2973e+06 24332 358990 6.93831e+06 92705 20958 335651 44197 23339 6.84561e+06 1.11473e+06 3374 300316 138630 7819 17005 3195 410 13139 5663 12138 9285 4670 367 2785 826 287771 7620 334
internal_count=7321633 7297301 24332 358990 6938311 92705 20958 335651 44197 23339 6845606 1114729 3374 300316 138630 7819 17005 3195 410 13139 5663 12138 9285 4670 367 2785 826 287771 7620 334
is_linear=0
shrinkage=0.1


Tree=8
num_leaves=31
num_cat=0
split_feature=12 26 14 21 11 14 12 11 14 12 12 11 14 6 16 26 12 11 14 21 3 0 2 21 25 8 14 26 14 4
split_gain=1.91494e+08 5.74941e+07 4.3182e+07 2.30426e+07 3.17984e+07 1.99438e+07 1.82492e+07 9.73911e+06 8.42947e+06 7.7809e+06 7.11928e+06 6.7302e+06 6.31096e+06 5.46741e+06 5.87128e+06 5.18844e+06 4.77515e+06 6.04567e+06 3.76511e+06 3.47483e+06 3.30707e+06 5.48527e+06 3.60208e+06 4.77907e+06 3.50678e+06 3.07064e+06 3.42451e+06 3.01294e+06 3.00894e+06 2.84138e+06
threshold=90.50500000000001 6.6350000000000007 541.41500000000008 4.6875534757621171 12.669509803921573 222.31500000000003 7.0750000000000011 2.3547594520263835 751.73500000000013 200.10000000000002 45.030000000000008 33.912511961722494 122.90000000000002 1.0000000180025095e-35 11.135000000000002 53.555000000000007 2.1625000000000005 6.9857524038461554 541.41500000000008 24.488251813304284 10.943537562934328 14.500000000000002 26.500000000000004 32.102631101271896 3.5000000000000004 376.50000000000006 751.73500000000013 19.960000000000004 124.59000000000002 1.0000000180025095e-35
decision_type=2 2 2 2 2 2 2 2 2 2 2 2 2 2 2 2 2 2 2 2 2 2 2 2 2 2 2 2 2 2
left_child=1 3 9 -1 7 12 11 -5 19 -2 -8 28 -3 -10 -15 25 17 -9 -13 -4 -16 22 23 -22 -23 26 -7 -14 -6 -11
right_child=2 5 8 4 6 15 10 16 13 29 -12 18 27 14 20 -17 -18 -19 -20 -21 21 24 -24 -25 -26 -27 -28 -29 -30 -31
leaf_value=-0.1537137561879782 5.8465979997180542 1.0763994696460031 9.4779048960892407 -0.060057685446610401 2.107733367160471 6.8713155787164126 0.82647168326800446 0.59749810336569154 16.261140865390807 11.304180598638744 3.0753720836481793 7.0758575887053672 2.2491643032347834 21.202705128328635 23.260692761354388 11.983052555712904 0.04321123639232366 2.0634470507680893 16.678464660971773 16.985837262416823 100.99123784383139 36.788994992589487 42.703900456224751 44.061625623703009 3.0627344564958054 4.0033155652488075 29.34267056921254 4.6113850467894606 4.4331072002812677 -6.871351606602019
leaf_weight=5792174 14176 76141 1087 809575 8693 3956 88221 265118 904 3806 16749 2048 31371 808 157 1118 139268 31472 510 1424 30 103 117 29 44 10393 69 6522 15462 88
leaf_count=5792174 14176 76141 1087 809575 8693 3956 88221 265118 904 3806 16749 2048 31371 808 157 1118 139268 31472 510 1424 30 103 117 29 44 10393 69 6522 15462 88
internal_value=0 -0.0285664 9.15568 -0.0662974 0.301377 2.05914 1.77917 0.145126 17.6913 6.93417 1.18531 4.11278 1.60121 22.2225 26.4065 5.42038 0.526241 0.753054 8.99037 13.7357 35.1663 40.9533 52.863 73.0089 26.6941 4.9115 7.25654 2.65574 3.59624 10.8934
internal_weight=0 7.29886e+06 22773 7.16929e+06 1.37712e+06 129570 131683 1.24543e+06 4703 18070 104970 26713 114034 2192 1288 15536 435858 296590 2558 2511 480 323 176 59 147 14418 4025 37893 24155 3894
internal_count=7321633 7298860 22773 7169290 1377116 129570 131683 1245433 4703 18070 104970 26713 114034 2192 1288 15536 435858 296590 2558 2511 480 323 176 59 147 14418 4025 37893 24155 3894
is_linear=0
shrinkage=0.1


Tree=9
num_leaves=31
num_cat=0
split_feature=12 26 12 21 11 14 14 14 14 14 6 16 4 12 11 11 8 11 14 18 6 18 14 3 0 19 17 8 4 16
split_gain=1.55455e+08 4.49768e+07 4.09197e+07 2.19536e+07 2.87462e+07 1.68662e+07 1.29694e+07 1.26486e+07 6.72174e+06 5.30046e+06 4.43742e+06 4.40729e+06 4.38589e+06 3.98361e+06 4.64768e+06 3.98046e+06 3.87341e+06 3.84197e+06 3.64706e+06 3.42143e+06 3.14756e+06 3.11876e+06 2.72709e+06 2.67873e+06 4.49889e+06 5.95775e+06 2.58902e+06 2.32165e+06 2.24336e+06 2.48776e+06
threshold=78.065000000000012 10.205000000000002 200.10000000000002 9.3395517139861202 5.137612136577407 222.31500000000003 751.73500000000013 286.27500000000003 78.445000000000007 150.04000000000005 1.0000000180025095e-35 11.135000000000002 1.0000000180025095e-35 5.0825000000000005 33.912511961722494 1.3049925104853208 403.50000000000006 9.2011025993237556 470.11500000000007 24.365000000000006 1.0000000180025095e-35 49.685000000000009 751.73500000000013 10.943537562934328 13.500000000000002 1.0000000180025095e-35 0.025000000000000005 174.50000000000003 1.0000000180025095e-35 84.570000000000007
decision_type=2 2 2 2 2 2 2 2 2 2 2 2 2 2 2 2 2 2 2 2 2 2 2 2 2 2 2 2 2 2
left_child=1 3 20 -1 15 8 12 9 -6 -3 28 21 18 17 -15 -5 22 -10 -4 27 -2 -12 -9 -13 25 -25 -24 -7 29 -8
right_child=2 7 6 4 5 19 10 16 13 -11 11 23 -14 14 -16 -17 -18 -19 -20 -21 -22 -23 26 24 -26 -27 -28 -29 -30 -31
leaf_value=-0.1368347251843067 3.3400816556638553 1.4435378885521644 9.4284854557443776 -0.12587229939757558 0.50778666758844115 5.5496362673314383 14.526634902542535 10.721484658587043 1.4307883893171029 3.388674131540117 26.0036632247309 20.934623476198524 -3.3147582901586405 0.25243332229485616 2.0271437087222619 0.25863964274338375 5.6315025471672921 3.0588427184488296 14.625161352255013 4.966425003253983 6.012531429696466 13.285558812940804 17.281655537585419 98.771753983270571 25.661691226959228 41.427441471273255 57.50773080388705 2.1162540063561064 -2.3208888087953841 33.315525431510729
leaf_weight=5835619 6770 37061 3105 559259 165394 2318 730 1364 37824 22523 374 157 202 39131 23690 519131 3824 23501 2390 10599 12627 398 48 21 170 132 24 13099 70 78
leaf_count=5835619 6770 37061 3105 559259 165394 2318 730 1364 37824 22523 374 157 202 39131 23690 519131 3824 23501 2390 10599 12627 398 48 21 170 132 24 13099 70 78
internal_value=0 -0.0281501 7.54254 -0.0516668 0.30488 1.14437 13.6458 2.59377 0.925226 2.17881 20.303 24.1253 11.1567 1.48136 0.921682 0.0592296 7.29443 2.05469 11.6887 3.58333 5.07978 19.4469 11.7227 31.6497 36.8579 49.2982 30.6903 2.63248 14.8526 16.3404
internal_weight=0 7.29441e+06 27224 7.22956e+06 1.39395e+06 315556 7827 64844 289540 59584 2130 1252 5697 124146 62821 1.07839e+06 5260 61325 5495 26016 19397 772 1436 480 323 153 72 15417 878 808
internal_count=7321633 7294409 27224 7229565 1393946 315556 7827 64844 289540 59584 2130 1252 5697 124146 62821 1078390 5260 61325 5495 26016 19397 772 1436 480 323 153 72 15417 878 808
is_linear=0
shrinkage=0.1


Tree=10
num_leaves=31
num_cat=0
split_feature=12 26 18 12 12 14 11 4 14 8 11 21 26 4 14 6 14 3 3 16 14 8 12 14 3 14 8 12 5 14
split_gain=1.27101e+08 4.18365e+07 2.17717e+07 1.97608e+07 1.32959e+07 8.05889e+06 6.49672e+06 5.70031e+06 1.29863e+07 6.13113e+06 5.40556e+06 5.21383e+06 4.75583e+06 4.22863e+06 3.63426e+06 3.33649e+06 6.90902e+06 4.37106e+06 3.45134e+06 3.02993e+06 2.89518e+06 2.67952e+06 2.6156e+06 2.37448e+06 2.31497e+06 2.15676e+06 3.98448e+06 2.11815e+06 2.01744e+06 1.99517e+06
threshold=141.31500000000003 2.1950000000000007 23.925000000000004 327.12750000000005 25.082500000000003 300.30000000000007 33.912511961722494 1.0000000180025095e-35 203.35500000000005 536.50000000000011 3.0530415107678563 10.487127586999657 23.575000000000003 1.0000000180025095e-35 325.42000000000002 1.0000000180025095e-35 541.41500000000008 11.975017341671292 8.0432935959456362 11.135000000000002 751.73500000000013 227.50000000000003 62.007500000000007 110.01500000000001 14.735513333536977 50.765000000000008 174.50000000000003 8.6850000000000023 1.0000000180025095e-35 78.445000000000007
decision_type=2 2 2 2 2 2 2 2 2 2 2 2 2 2 2 2 2 2 2 2 2 2 2 2 2 2 2 2 2 2
left_child=1 4 6 13 7 12 25 8 10 -10 -1 -5 23 14 -2 -7 24 18 -18 -13 -21 28 -6 -4 -17 -3 27 -27 -16 -12
right_child=3 2 5 11 22 15 -8 -9 9 -11 29 19 -14 -15 21 16 17 -19 -20 20 -22 -23 -24 -25 -26 26 -28 -29 -30 -31
leaf_value=-0.057088125579204257 6.0898807750179165 0.25490857824684326 0.84764358161611841 -0.59267185962857816 1.3415320372003683 3.5706782602258977 2.4291510478079337 -0.1250110868528049 5.45301720735125 1.5676905192236448 0.30363463953620778 14.531761275092542 4.1944857211606132 -3.5105677500069987 13.256851274513176 5.5799710225325443 32.073624065518381 32.293975923875131 5.5329557429800822 15.713897789583806 25.488088156723904 5.9406756441791089 3.2810940100754729 2.3263137302661998 16.415472162337533 2.7173919574682337 0.58489403264885831 0.71479446082042852 8.1675472735769663 0.9398427196317537
leaf_weight=824279 6348 142931 16386 179 23992 3758 19309 5774804 4948 22669 190892 1979 10287 351 2027 3228 64 167 209 574 642 1301 9790 32202 210 14860 137336 8194 1265 66452
leaf_count=824279 6348 142931 16386 179 23992 3758 19309 5774804 4948 22669 190892 1979 10287 351 2027 3228 64 167 209 574 642 1301 9790 32202 210 14860 137336 8194 1265 66452
internal_value=0 -0.0186663 0.990216 9.30002 -0.0754179 2.63761 0.650601 -0.0851296 0.122497 2.26381 0.0678234 16.0152 2.24119 7.29355 7.64016 5.69411 7.75183 19.5504 11.7549 16.9457 20.8743 9.7828 1.90362 1.82764 6.24183 0.537381 0.789105 2.00562 11.3012 0.467918
internal_weight=0 7.30697e+06 389141 14666 6.91783e+06 66511 322630 6.88404e+06 1.10924e+06 27617 1.08162e+06 3374 58875 11292 10941 7636 3878 440 273 3195 1216 4593 33782 48588 3438 303321 160390 23054 3292 257344
internal_count=7321633 7306967 389141 14666 6917826 66511 322630 6884044 1109240 27617 1081623 3374 58875 11292 10941 7636 3878 440 273 3195 1216 4593 33782 48588 3438 303321 160390 23054 3292 257344
is_linear=0
shrinkage=0.1


Tree=11
num_leaves=31
num_cat=0
split_feature=11 26 12 11 4 12 26 14 12 12 4 14 4 26 18 26 16 14 21 14 11 4 14 5 21 8 14 14 18 18
split_gain=1.04056e+08 3.08693e+07 2.43549e+07 1.50837e+07 1.30992e+07 1.26033e+07 8.88387e+06 8.2569e+06 6.46701e+06 4.40195e+06 4.22865e+06 4.13411e+06 2.65275e+06 2.54221e+06 2.51053e+06 2.50764e+06 2.44179e+06 2.36045e+06 2.24903e+06 2.88703e+06 2.13689e+06 3.70313e+06 2.41696e+06 2.07659e+06 2.0545e+06 1.81493e+06 1.78204e+06 1.68309e+06 1.614e+06 2.13954e+06
threshold=97.595652173913066 10.205000000000002 327.12750000000005 15.949366438356167 1.0000000180025095e-35 8.0925000000000029 1.2850000000000004 222.31500000000003 171.39000000000001 51.042500000000011 1.0000000180025095e-35 509.5750000000001 1.0000000180025095e-35 33.435000000000009 31.650000000000002 53.555000000000007 11.135000000000002 751.73500000000013 5.9200554027476917 751.73500000000013 2.4751905692723262 1.0000000180025095e-35 203.35500000000005 1.0000000180025095e-35 28.872821175412202 462.50000000000006 325.42000000000002 751.73500000000013 40.985000000000007 27.645000000000003
decision_type=2 2 2 2 2 2 2 2 2 2 2 2 2 2 2 2 2 2 2 2 2 2 2 2 2 2 2 2 2 2
left_child=1 3 8 6 5 11 20 13 18 -7 16 23 24 -3 -8 25 28 -18 -2 -20 -1 22 -22 -5 -10 26 -9 -26 29 -4
right_child=2 7 10 4 -6 9 14 15 12 -11 -12 -13 -14 -15 -16 -17 17 -19 19 -21 21 -23 -24 -25 27 -27 -28 -29 -30 -31
leaf_value=-0.13467504855343751 -0.64439365137618898 1.470589168496182 13.220438791291977 4.7884984264678971 -0.035226390833738595 0.77350977720252112 0.33367406246028086 4.8502492875829155 6.6698177273522425 2.6816275885084933 -0.63201248827627154 12.104715561305776 -3.8615476920994833 4.3029002061608619 1.6160744215364606 9.2179451935570569 14.121851359512142 22.939279793950259 4.1655142652534227 24.981180583896922 0.27546402571512585 -0.061171156496204117 1.6980683467063749 2.6270226677451909 9.6226713554176726 3.2739206182111724 10.669440780833003 22.672120727497401 11.097373923927011 25.566750860444589
leaf_weight=4447724 1004 51699 436 8304 104665 82475 397166 2111 5071 14167 177 595 199 3376 15876 1097 576 642 12068 67 240393 1898120 12567 9564 2446 6701 701 103 1336 207
leaf_count=4447724 1004 51699 436 8304 104665 82475 397166 2111 5071 14167 177 595 199 3376 15876 1097 576 642 12068 67 240393 1898120 12567 9564 2446 6701 701 103 1336 207
internal_value=0 -0.0217689 6.52863 -0.0413708 0.774399 1.51059 -0.0669392 2.13631 5.25922 1.05323 14.4137 3.90461 7.53632 1.6442 0.382965 4.69074 15.2467 18.7695 3.90412 4.28044 -0.0951003 -0.0132728 0.346139 3.63155 7.83398 4.16868 6.30091 10.15 13.0786 17.1951
internal_weight=0 7.2973e+06 24332 7.23162e+06 219770 115105 7.01185e+06 65685 20958 96642 3374 18463 7819 55075 413042 10610 3197 1218 13139 12135 6.5988e+06 2.15108e+06 252960 17868 7620 9513 2812 2549 1979 643
internal_count=7321633 7297301 24332 7231616 219770 115105 7011846 65685 20958 96642 3374 18463 7819 55075 413042 10610 3197 1218 13139 12135 6598804 2151080 252960 17868 7620 9513 2812 2549 1979 643
is_linear=0
shrinkage=0.1


Tree=12
num_leaves=31
num_cat=0
split_feature=11 26 12 18 11 4 26 12 12 4 11 12 11 15 11 24 11 12 11 4 16 14 14 21 12 14 21 12 11 14
split_gain=8.42854e+07 2.50889e+07 1.97274e+07 1.35517e+07 6.82344e+06 7.47632e+06 5.38254e+06 5.23828e+06 4.68025e+06 3.42521e+06 3.41589e+06 3.31788e+06 3.0144e+06 6.20019e+06 2.97062e+06 2.29216e+06 4.16311e+06 3.51468e+06 2.56391e+06 2.14873e+06 1.97785e+06 1.91196e+06 1.8535e+06 1.82171e+06 2.57888e+06 1.80234e+06 1.66414e+06 1.64953e+06 2.06321e+06 1.59519e+06
threshold=97.595652173913066 1.9650000000000001 327.12750000000005 23.925000000000004 19.909737973662995 1.0000000180025095e-35 33.435000000000009 171.39000000000001 9.5100000000000016 1.0000000180025095e-35 24.628928571428577 10.890000000000002 6.9857524038461554 1.2395566996643994 24.628928571428577 205.00000000000003 3.2108046420741592 2.2025000000000006 8.18688307854835 1.0000000180025095e-35 11.135000000000002 751.73500000000013 276.74500000000006 5.9200554027476917 41.440000000000005 325.42000000000002 28.872821175412202 9.7850000000000019 24.628928571428577 751.73500000000013
decision_type=2 2 2 2 2 2 2 2 2 2 2 2 2 2 2 2 2 2 2 2 2 2 2 2 2 2 2 2 2 2
left_child=1 4 7 10 15 8 12 23 25 20 -3 -12 -5 14 -14 -1 -17 18 -18 26 -4 -22 -8 -2 29 -6 -9 28 -15 -25
right_child=2 3 9 6 5 -7 22 19 -10 -11 11 -13 13 27 -16 16 17 -19 -20 -21 21 -23 -24 24 -26 -27 -28 -29 -30 -31
leaf_value=-0.10269687510723709 -0.57995428476554289 0.39691157346676781 11.77072661063338 0.77952130727836599 3.4299251462952824 -0.026765936266742282 3.9513564664452816 6.0028359049181486 1.2424094805161519 -0.56881123976518877 5.2454151640432647 1.2240128132806165 4.3722309784244482 1.8075513216790933 12.237913958670669 -0.047505575153505036 0.59166748521589596 0.052959960783833804 1.7780447275790419 -3.4753928990819349 12.709665896425335 20.645351347117177 8.0987367056796646 9.9941666303789223 3.5967708876354636 8.2622451474953333 9.1349762087757274 0.93252591864440548 4.5340913205935625 32.456354406901767
leaf_weight=5715542 1004 320772 1979 19793 6083 59691 4154 5071 41567 177 2224 26476 6736 13405 517 827500 90012 119108 22838 199 576 642 1455 327 11773 884 2549 15044 3500 35
leaf_count=5715542 1004 320772 1979 19793 6083 59691 4154 5071 41567 177 2224 26476 6736 13405 517 827500 90012 119108 22838 199 576 642 1455 327 11773 884 2549 15044 3500 35
internal_value=0 -0.019592 5.87576 0.736397 -0.0650703 0.722694 2.06695 4.7333 1.64444 12.9723 0.490428 1.53564 1.78551 2.29342 4.9329 -0.0776542 0.0574456 0.431855 0.83176 6.78269 13.722 16.8925 5.02721 3.51371 3.8524 4.04307 7.05058 1.69421 2.37205 12.1659
internal_weight=0 7.2973e+06 24332 414076 6.88322e+06 108225 64604 20958 48534 3374 349472 28700 58995 39202 7253 6.775e+06 1.05946e+06 231958 112850 7819 3197 1218 5609 13139 12135 6967 7620 31949 16905 362
internal_count=7321633 7297301 24332 414076 6883225 108225 64604 20958 48534 3374 349472 28700 58995 39202 7253 6775000 1059458 231958 112850 7819 3197 1218 5609 13139 12135 6967 7620 31949 16905 362
is_linear=0
shrinkage=0.1


Tree=13
num_leaves=31
num_cat=0
split_feature=12 26 14 4 14 14 11 12 13 6 14 8 8 5 12 11 26 14 11 14 8 14 0 17 19 18 16 16 18 3
split_gain=6.88097e+07 2.06979e+07 1.88855e+07 9.51047e+06 1.39963e+07 6.28806e+06 5.91775e+06 7.75389e+06 5.00795e+06 4.57981e+06 4.36621e+06 3.71181e+06 3.547e+06 3.30361e+06 3.19883e+06 2.76386e+06 2.30473e+06 2.27045e+06 2.12441e+06 1.88206e+06 1.8684e+06 1.91951e+06 1.54589e+06 2.48036e+06 2.18966e+06 1.53388e+06 2.81904e+06 1.56738e+06 1.45266e+06 1.42495e+06
threshold=78.065000000000012 10.205000000000002 541.41500000000008 1.0000000180025095e-35 122.90000000000002 222.31500000000003 6.9857524038461554 5.0825000000000005 0.32500000000000007 1.0000000180025095e-35 31.190000000000005 156.50000000000003 205.50000000000003 1.0000000180025095e-35 171.39000000000001 56.445755494505498 86.485000000000014 201.28500000000003 19.909737973662995 127.95500000000001 462.50000000000006 325.42000000000002 15.500000000000002 5.6000000000000005 1.0000000180025095e-35 85.175000000000011 9.0125000000000011 33.710000000000001 42.785000000000004 13.972787856349504
decision_type=2 2 2 2 2 2 2 2 2 2 2 2 2 2 2 2 2 2 2 2 2 2 2 2 2 2 2 2 2 2
left_child=1 3 14 4 10 19 -6 8 13 -4 -1 22 -12 18 -2 -9 20 -10 -8 -3 21 -7 23 25 -25 26 -11 -27 -28 -21
right_child=2 5 9 -5 6 16 7 15 17 11 12 -13 -14 -15 -16 -17 -18 -19 -20 29 -22 -23 -24 24 -26 27 28 -29 -30 -31
leaf_value=-0.057346148631939202 3.0402115894974782 0.87047286246460409 6.8150717634361273 -0.092004244896674733 0.45703066025697076 4.1816589272984563 2.5243365877588246 0.092384921932109593 2.757769499796161 17.38582195159124 0.87742748780967306 9.7095549379506192 0.19304860205753169 0.8562882778828742 5.6563041962336262 1.9929512330515635 11.712990187428971 5.3998819193012837 6.1552160127955746 1.6542428336570809 2.821967063545312 9.7120750689642001 11.944185306091567 55.970635885000235 23.070993318991228 8.327145975054675 27.609838468888228 21.256916401484244 52.925456559658052 3.7150414998408601
leaf_weight=791972 15871 34077 1812 5784658 71963 2188 11390 25730 5726 392 92866 1483 410410 14554 6625 10890 372 7529 1877 15854 7217 880 444 32 55 262 68 146 34 4256
leaf_count=791972 15871 34077 1812 5784658 71963 2188 11390 25730 5726 392 92866 1483 410410 14554 6625 10890 372 7529 1877 15854 7217 880 444 32 55 262 68 146 34 4256
internal_value=0 -0.0187284 5.01811 -0.0346816 0.194808 1.75992 1.11042 1.7156 2.65884 10.7633 0.0890144 13.2167 0.319332 1.8967 3.81064 0.657572 3.98043 4.25852 3.03803 1.32321 3.70075 5.76796 16.8462 19.0469 35.172 17.4916 21.2392 12.954 36.0484 2.09038
internal_weight=0 7.29441e+06 27224 7.22956e+06 1.44491e+06 64844 149659 77696 41076 4728 1.29525e+06 2916 503276 27821 22496 36620 10657 13255 13267 54187 10285 3068 1433 989 87 902 494 408 102 20110
internal_count=7321633 7294409 27224 7229565 1444907 64844 149659 77696 41076 4728 1295248 2916 503276 27821 22496 36620 10657 13255 13267 54187 10285 3068 1433 989 87 902 494 408 102 20110
is_linear=0
shrinkage=0.1


Tree=14
num_leaves=31
num_cat=0
split_feature=12 26 14 11 24 12 14 26 6 8 14 13 14 6 12 8 14 12 8 14 11 4 18 17 4 5 14 14 12 11
split_gain=5.57359e+07 1.67653e+07 1.52973e+07 7.91486e+06 6.85972e+06 9.09552e+06 5.14249e+06 5.02345e+06 3.70964e+06 3.00657e+06 2.7554e+06 2.75504e+06 2.38635e+06 2.17754e+06 2.06975e+06 1.98521e+06 1.97268e+06 1.87314e+06 2.76609e+06 1.74955e+06 1.47626e+06 1.7087e+06 1.60684e+06 1.44611e+06 1.41852e+06 1.39081e+06 1.38139e+06 1.36987e+06 1.3486e+06 1.94088e+06
threshold=78.065000000000012 10.205000000000002 541.41500000000008 15.949366438356167 400.00000000000006 8.0925000000000029 286.27500000000003 0.92500000000000016 1.0000000180025095e-35 156.50000000000003 509.5750000000001 156.215 150.04000000000005 1.0000000180025095e-35 38.780000000000008 403.50000000000006 168.34000000000003 9.7850000000000019 690.50000000000011 509.5750000000001 2.1418529929577468 1.0000000180025095e-35 27.645000000000003 0.025000000000000005 1.0000000180025095e-35 1.0000000180025095e-35 97.145000000000024 751.73500000000013 5.370000000000001 5.137612136577407
decision_type=2 2 2 2 2 2 2 2 2 2 2 2 2 2 2 2 2 2 2 2 2 2 2 2 2 2 2 2 2 2
left_child=1 3 11 7 -5 10 12 20 24 -10 16 13 -3 -2 -7 19 -6 18 -14 -8 -1 22 -22 -21 -4 -18 -9 -25 29 -28
right_child=2 6 8 4 5 14 15 26 9 -11 -12 -13 17 -15 -16 -17 25 -19 -20 23 21 -23 -24 27 -26 -27 28 -29 -30 -31
leaf_value=-0.11118507361858553 1.802099971083954 0.82598089812932418 7.1246285585105795 -0.011284147257555074 1.6109188468969684 0.4444977178846351 6.18000487351269 0.1550053956367701 15.161565974766527 8.738599486195465 9.2472337314928783 8.0291200268798786 4.3625708986842406 3.9155849051021665 1.5249001714055037 3.3906841592936026 5.0629757970514619 0.61897633091918081 1.685076427465257 10.223859894781402 0.18515829803009687 -0.041671470169336769 1.6675233729757293 17.844933529619901 -1.7655093967324438 2.7205915508480452 0.30402300724441805 46.641565632820132 -0.55716407473723628 1.1287947610350206
leaf_weight=4006992 7569 37061 1610 106453 6761 69834 1194 390942 1433 1483 721 1231 6144 13696 23766 3824 4755 6007 10372 165 256539 2219476 7527 53 202 5429 73094 24 10476 46800
leaf_count=4006992 7569 37061 1610 106453 6761 69834 1194 390942 1433 1483 721 1231 6144 13696 23766 3824 4755 6007 10372 165 256539 2219476 7527 53 202 5429 73094 24 10476 46800
internal_value=0 -0.0168556 4.5163 -0.0312135 0.562578 1.11162 1.58393 -0.0496508 9.68695 11.895 3.19276 3.42958 1.31933 3.16332 0.718823 4.58118 2.93514 2.13113 2.68111 7.75142 -0.0736387 -0.0130608 0.227412 15.5046 6.13356 3.81427 0.249009 26.8205 0.530897 0.625968
internal_weight=0 7.29441e+06 27224 7.22956e+06 217719 111266 64844 7.01185e+06 4728 2916 17666 22496 59584 21265 93600 5260 16945 22523 16516 1436 6.49053e+06 2.48354e+06 264066 242 1812 10184 521312 77 130370 119894
internal_count=7321633 7294409 27224 7229565 217719 111266 64844 7011846 4728 2916 17666 22496 59584 21265 93600 5260 16945 22523 16516 1436 6490534 2483542 264066 242 1812 10184 521312 77 130370 119894
is_linear=0
shrinkage=0.1


Tree=15
num_leaves=31
num_cat=0
split_feature=11 12 26 26 14 21 12 26 14 11 6 12 11 12 11 15 5 25 21 16 3 4 15 12 14 25 1 2 21 0
split_gain=4.57608e+07 1.83553e+07 1.18114e+07 6.83727e+06 4.30661e+06 2.75721e+06 3.98391e+06 2.75668e+06 2.4329e+06 2.37784e+06 4.2429e+06 3.18769e+06 2.30384e+06 4.36168e+06 3.95887e+06 2.36888e+06 1.98162e+06 1.95033e+06 1.79174e+06 2.04201e+06 1.92162e+06 1.7225e+06 1.56675e+06 1.52686e+06 1.4842e+06 1.46418e+06 1.44067e+06 1.37985e+06 1.75381e+06 1.5886e+06
threshold=56.445755494505498 200.10000000000002 13.035000000000002 1.4750000000000003 751.73500000000013 4.6875534757621171 27.252500000000001 53.555000000000007 751.73500000000013 15.247429966617927 1.0000000180025095e-35 4.8525000000000009 3.8031448814343558 3.2750000000000004 9.6443558052434479 1.4030475065616801 1.0000000180025095e-35 3.5000000000000004 24.488251813304284 11.135000000000002 10.943537562934328 1.0000000180025095e-35 0.50899688334817472 90.50500000000001 206.62500000000003 3.5000000000000004 -26.499999999999996 26.500000000000004 14.78430661152403 6.5000000000000009
decision_type=2 2 2 2 2 2 2 2 2 2 2 2 2 2 2 2 2 2 2 2 2 2 2 2 2 2 2 2 2 2
left_child=2 5 3 9 21 -2 8 24 -7 -1 -11 -12 -5 14 22 17 25 -16 27 -20 26 -3 -14 -8 -4 -10 -21 28 -6 -30
right_child=1 4 7 12 18 6 23 -9 16 10 11 -13 13 -15 15 -17 -18 -19 19 20 -22 -23 -24 -25 -26 -27 -28 -29 29 -31
leaf_value=-0.063267258964856396 -0.38723486991088174 6.3830957964267432 1.3007984980156275 0.13811174026785447 -1.6087506722320211 6.6677260233096689 1.7305770575220898 5.9533122777898821 20.89639459876787 0.087227635546701446 3.5473712134997122 0.90073520904838744 1.7083432578622721 0.080880853673769529 1.3181020185912515 1.1999182887872895 9.52433600736701 3.937922475405264 10.812283817272018 -12.768828279321845 24.941588646428595 -3.0193965687610138 0.49939826193888348 3.0584888386900895 2.9515680929179302 58.238872855050232 14.772003666617032 5.3320888293326094 26.82194117064379 11.215258570084206
leaf_weight=6618118 3741 5495 20114 243809 66 1266 21709 1652 21 142014 5623 23866 12480 93397 4307 15394 46 8352 731 22 257 202 76003 14404 7469 21 139 622 98 195
leaf_count=6618118 3741 5495 20114 243809 66 1266 21709 1652 21 142014 5623 23866 12480 93397 4307 15394 46 8352 731 22 257 202 76003 14404 7469 21 139 622 98 195
internal_value=0 3.04463 -0.0205282 -0.0286245 7.484 2.20142 2.45989 1.98544 7.7853 -0.0537407 0.31388 1.4054 0.347204 0.590036 0.998095 2.03323 23.8632 3.04658 11.3202 14.0001 19.5751 6.04971 0.669913 2.26023 1.7478 39.5676 11.0087 8.18135 13.118 16.4352
internal_weight=0 49035 7.2726e+06 7.24336e+06 7827 41208 37467 29235 1354 6.78962e+06 171503 29489 453742 209933 116536 28053 88 12659 2130 1149 418 5697 88483 36113 27583 42 161 981 359 293
internal_count=7321633 49035 7272598 7243363 7827 41208 37467 29235 1354 6789621 171503 29489 453742 209933 116536 28053 88 12659 2130 1149 418 5697 88483 36113 27583 42 161 981 359 293
is_linear=0
shrinkage=0.1


Tree=16
num_leaves=31
num_cat=0
split_feature=12 11 6 12 26 14 14 18 12 6 14 13 17 4 14 13 6 15 11 15 11 21 14 14 16 26 18 18 0 3
split_gain=3.72626e+07 1.52813e+07 6.92712e+06 9.89436e+06 6.39691e+06 5.24377e+06 4.96816e+06 4.41829e+06 3.4983e+06 1.99628e+06 3.75777e+06 3.72937e+06 1.94934e+06 1.87087e+06 3.0334e+06 1.84014e+06 1.75936e+06 1.68107e+06 1.66378e+06 1.96578e+06 1.58373e+06 2.53439e+06 2.23422e+06 1.55939e+06 1.48254e+06 1.40043e+06 1.26481e+06 1.69052e+06 1.25917e+06 1.84418e+06
threshold=171.39000000000001 24.628928571428577 1.0000000180025095e-35 10.890000000000002 1.7250000000000003 405.02000000000004 751.73500000000013 27.645000000000003 54.522500000000008 1.0000000180025095e-35 541.41500000000008 0.16500000000000004 0.025000000000000005 1.0000000180025095e-35 300.30000000000007 3.5500000000000003 1.0000000180025095e-35 0.76639610389610402 4.0675672993180898 1.7837480407523512 2.7998982456140356 2.8599439912788571 203.35500000000005 751.73500000000013 50.882500000000007 29.215000000000003 40.985000000000007 27.645000000000003 15.500000000000002 13.172733361620265
decision_type=2 2 2 2 2 2 2 2 2 2 2 2 2 2 2 2 2 2 2 2 2 2 2 2 2 2 2 2 2 2
left_child=1 4 13 5 20 -4 16 -6 -5 -9 18 -12 17 14 15 -3 -2 -7 -11 -20 -1 -22 -23 -16 26 -21 27 -8 -26 -30
right_child=6 2 3 8 7 12 24 9 -10 10 11 -13 -14 -15 23 -17 -18 -19 19 25 21 22 -24 -25 28 -27 -28 -29 29 -31
leaf_value=-0.08239057394099375 2.8312738557979653 1.8167711660142947 4.5544716362017841 0.82788212548813611 0.2546084172718297 22.655577988791887 7.3586830258040141 0.62742464831419908 2.5634410119937479 0.18616061953215479 4.9075571056410494 38.127981192605539 27.464725916223092 -0.055481772201408847 3.3682781659650658 0.18011148397521815 5.7584281826968855 9.2981527568182436 3.5088208859955188 0.39271375848963519 -0.021621719554239416 0.22980040255850664 1.3735143581481934 12.464811817667274 19.592229846108374 3.725794150692781 6.7674777292080437 17.049962614235266 15.983794913291931 -14.382130854924521
leaf_weight=4813989 3152 9747 5566 34302 364218 114 362 17231 17559 4034 83 57 88 39595 2810 23271 5891 543 8265 5123 1687636 256034 18301 202 259 1672 1081 358 60 30
leaf_count=4813989 3152 9747 5566 34302 364218 114 362 17231 17559 4034 83 57 88 39595 2810 23271 5891 543 8265 5123 1687636 256034 18301 202 259 1672 1081 358 60 30
internal_value=0 -0.00882743 1.05005 1.87046 -0.0285685 5.60905 5.76542 0.35968 1.4155 1.40915 2.10946 18.433 13.488 0.41898 0.940388 0.663258 4.73815 11.6159 1.98978 2.4729 -0.0515268 0.0242021 0.306098 3.97834 10.0862 1.21286 8.93025 12.1774 16.0514 5.86182
internal_weight=0 7.31044e+06 133797 58172 7.17664e+06 6311 11193 400683 51861 36465 19234 140 745 75625 36030 33018 9043 657 19094 15060 6.77596e+06 1.96197e+06 274335 3012 2150 6795 1801 720 349 90
internal_count=7321633 7310440 133797 58172 7176643 6311 11193 400683 51861 36465 19234 140 745 75625 36030 33018 9043 657 19094 15060 6775960 1961971 274335 3012 2150 6795 1801 720 349 90
is_linear=0
shrinkage=0.1


Tree=17
num_leaves=31
num_cat=0
split_feature=12 11 12 26 6 12 14 18 12 4 4 6 14 13 17 14 3 15 4 21 14 11 24 18 12 16 14 8 5 3
split_gain=3.03027e+07 1.10844e+07 5.42075e+06 5.19952e+06 5.17823e+06 8.2999e+06 4.24745e+06 3.61059e+06 2.28271e+06 1.71155e+06 1.7053e+06 1.67296e+06 3.0567e+06 3.01682e+06 1.57896e+06 1.4642e+06 1.45199e+06 1.36166e+06 1.33626e+06 2.22e+06 1.75549e+06 1.27267e+06 1.98136e+06 2.02349e+06 1.25568e+06 1.1942e+06 1.18759e+06 1.46338e+06 1.28941e+06 1.094e+06
threshold=141.31500000000003 24.628928571428577 327.12750000000005 1.5350000000000004 1.0000000180025095e-35 10.890000000000002 405.02000000000004 27.645000000000003 54.522500000000008 1.0000000180025095e-35 1.0000000180025095e-35 1.0000000180025095e-35 541.41500000000008 0.16500000000000004 0.025000000000000005 143.31500000000003 14.006894853484365 0.76639610389610402 1.0000000180025095e-35 21.806458357887127 751.73500000000013 2.4302756033719142 400.00000000000006 29.790000000000003 2.0350000000000006 11.135000000000002 276.74500000000006 227.50000000000003 1.0000000180025095e-35 9.5710168793742287
decision_type=2 2 2 2 2 2 2 2 2 2 2 2 2 2 2 2 2 2 2 2 2 2 2 2 2 2 2 2 2 2
left_child=1 3 9 21 18 6 -6 -5 -7 26 25 -9 15 -14 17 -13 -17 -8 19 -3 -21 -1 -23 24 -24 -4 -2 28 29 -28
right_child=2 4 10 7 5 8 14 11 -10 -11 -12 12 13 -15 -16 16 -18 -19 -20 20 -22 22 23 -25 -26 -27 27 -29 -30 -31
leaf_value=-0.078773307984712451 2.2909763610882896 2.170008340899872 7.0708396522278383 0.2206823490151483 4.0990244752643106 0.7450939165583047 20.390020220661373 0.5529609630117982 2.2156823150660485 -3.3835320210524773 -1.4964998805590268 0.70400915142473797 4.5089437530154273 34.31518313759252 24.718253553997386 2.0519190905947506 5.3553905289612409 8.3683374754851254 -0.040254561080610873 0.29656451875738893 14.862959571918811 -0.02305004330537536 0.40489415882203406 1.759615209106514 -0.009849782303270372 11.050653906701186 3.7701440443750474 2.3332936033484724 3.3885369083029033 7.9481797793948319
leaf_weight=4425435 3830 8924 1979 397725 5566 34302 114 18089 15247 351 177 7643 84 57 88 10205 1530 543 39443 26014 83 2014575 153264 8646 139390 1218 888 2202 1891 2130
leaf_count=4425435 3830 8924 1979 397725 5566 34302 114 18089 15247 351 177 7643 84 57 88 10205 1530 543 39443 26014 83 2014575 153264 8646 139390 1218 888 2202 1891 2130
internal_value=0 -0.00911431 4.54098 -0.0257117 0.904863 1.63265 5.04815 0.30924 1.19762 3.49008 8.05809 1.24579 1.88785 16.5583 12.1392 1.78111 2.48262 10.4543 0.35891 0.808475 0.342892 -0.0473418 0.012721 0.251896 0.207353 8.58708 3.71059 4.4752 5.43598 6.71886
internal_weight=0 7.30697e+06 14666 7.17664e+06 130324 55860 6311 435333 49549 11292 3374 37608 19519 141 745 19378 11735 657 74464 35021 26097 6.74131e+06 2.31588e+06 301300 292654 3197 10941 7111 4909 3018
internal_count=7321633 7306967 14666 7176643 130324 55860 6311 435333 49549 11292 3374 37608 19519 141 745 19378 11735 657 74464 35021 26097 6741310 2315875 301300 292654 3197 10941 7111 4909 3018
is_linear=0
shrinkage=0.1


Tree=18
num_leaves=31
num_cat=0
split_feature=11 12 26 4 14 8 12 14 14 6 18 26 21 12 14 18 16 0 25 2 0 0 11 15 25 15 11 5 16 18
split_gain=2.47892e+07 9.93007e+06 6.92208e+06 3.65506e+06 5.90455e+06 3.09848e+06 3.83479e+06 2.93006e+06 2.61406e+06 2.70939e+06 2.41416e+06 1.757e+06 1.55617e+06 2.41878e+06 1.62945e+06 1.55487e+06 1.73814e+06 4.10562e+06 1.88582e+06 1.8318e+06 2.47734e+06 1.47453e+06 1.28242e+06 3.02181e+06 1.24975e+06 1.2143e+06 1.57528e+06 1.15824e+06 1.12991e+06 1.11539e+06
threshold=56.445755494505498 200.10000000000002 13.035000000000002 1.0000000180025095e-35 50.765000000000008 447.50000000000006 3.7450000000000006 150.04000000000005 541.41500000000008 1.0000000180025095e-35 23.925000000000004 53.555000000000007 4.6875534757621171 27.252500000000001 751.73500000000013 115.04000000000001 9.0125000000000011 14.500000000000002 3.5000000000000004 26.500000000000004 6.5000000000000009 11.500000000000002 6.9857524038461554 0.79020568791922574 3.5000000000000004 1.7837480407523512 12.669509803921573 1.0000000180025095e-35 33.710000000000001 70.430000000000021
decision_type=2 2 2 2 2 2 2 2 2 2 2 2 2 2 2 2 2 2 2 2 2 2 2 2 2 2 2 2 2 2
left_child=2 12 3 4 -1 6 7 -6 -3 -10 -7 -4 -2 14 -14 16 -11 19 -19 20 -18 27 -12 29 -9 26 -25 -16 -17 -24
right_child=1 8 11 -5 5 10 -8 24 9 15 22 -13 13 -15 21 28 17 18 -20 -21 -22 -23 23 25 -26 -27 -28 -29 -30 -31
leaf_value=-0.0081463468914318767 -0.32408459728618366 3.6694911377396124 1.330818108627307 -0.057024488886613683 1.0758782406505847 0.16352232776074171 0.35780916680152575 1.6423136538213072 4.1367634895212815 9.8075529324241657 0.43648703525538973 4.6882830043717334 5.0497639331913682 1.659287726126653 45.130968915499182 5.3127541690089846 71.963460286458343 14.860773350624369 -10.728230429755317 22.790907249125567 26.168049257772942 4.6127976246369196 4.2250433138764203 1.0008033833002947 3.6183851599146992 0.18081999325245274 3.9416023664907693 14.324133528833805 11.25700188420273 13.07527436665352
leaf_weight=1039368 3741 3894 27583 5781661 38582 268748 63856 5454 1589 653 19047 1652 1266 36113 26 917 21 80 45 110 27 39 2501 5880 7746 7730 2639 23 491 151
leaf_count=1039368 3741 3894 27583 5781661 38582 268748 63856 5454 1589 653 19047 1652 1266 36113 26 917 21 80 45 110 27 39 2501 5880 7746 7730 2639 23 491 151
internal_value=0 2.24088 -0.015109 -0.0213071 0.119971 0.435268 0.876381 1.51587 5.50613 7.32456 0.268949 1.52054 1.62069 1.81487 5.96437 9.48557 12.6444 19.1903 5.64873 29.9036 46.2035 19.1223 1.01558 1.59915 2.80191 1.08833 1.9118 30.6706 7.38564 4.72896
internal_weight=0 49035 7.2726e+06 7.24336e+06 1.4617e+06 422334 115638 51782 7827 3933 306696 29235 41208 37467 1354 2344 936 283 125 158 48 88 37948 18901 13200 16249 8519 49 1408 2652
internal_count=7321633 49035 7272598 7243363 1461702 422334 115638 51782 7827 3933 306696 29235 41208 37467 1354 2344 936 283 125 158 48 88 37948 18901 13200 16249 8519 49 1408 2652
is_linear=0
shrinkage=0.1


Tree=19
num_leaves=31
num_cat=0
split_feature=12 14 26 6 11 12 11 14 14 6 8 11 12 8 24 13 0 19 14 14 13 0 16 10 18 24 21 11 14 12
split_gain=2.036e+07 6.43814e+06 6.42857e+06 3.19533e+06 4.81816e+06 5.94073e+06 3.35111e+06 2.7318e+06 2.52476e+06 2.07957e+06 1.9278e+06 1.839e+06 1.62298e+06 1.401e+06 1.3222e+06 1.31053e+06 1.23345e+06 1.36944e+06 1.21795e+06 1.20942e+06 1.13825e+06 1.13685e+06 2.7756e+06 1.12753e+06 1.12406e+06 993541 1.23357e+06 3.41073e+06 1.40867e+06 908061
threshold=71.13000000000001 541.41500000000008 10.955000000000002 1.0000000180025095e-35 5.137612136577407 3.3625000000000003 12.669509803921573 509.5750000000001 286.27500000000003 1.0000000180025095e-35 5341.5000000000009 33.912511961722494 21.205000000000002 216.50000000000003 400.00000000000006 0.83500000000000008 18.500000000000004 1.0000000180025095e-35 405.02000000000004 300.30000000000007 0.21500000000000002 13.500000000000002 9.0125000000000011 1.0000000180025095e-35 31.650000000000002 400.00000000000006 16.460509296098724 9.2011025993237556 199.57000000000002 110.17000000000002
decision_type=2 2 2 2 2 2 2 2 2 2 2 2 2 2 2 2 2 2 2 2 2 2 2 2 2 2 2 2 2 2
left_child=2 14 3 23 -5 6 24 -8 -4 -3 11 -9 -7 16 -2 -10 17 20 -17 -16 -11 22 -22 -1 -6 -25 27 -27 -29 -21
right_child=1 9 8 4 5 12 7 10 15 13 -12 -13 -14 -15 19 18 -18 -19 -20 29 21 -23 -24 25 -26 26 -28 28 -30 -31
leaf_value=-0.075167270726433741 -1.6962601652824905 3.2836698056187354 0.94326101096454917 0.032768827392338613 0.83713996292679116 -0.00069201446126765463 2.4749684626632864 1.634170109069276 2.8901286712106025 -3.9698502280495385 36.417984349387034 16.345419949047656 0.81658202656316059 5.0633401264621618 1.674064816103872 5.2550270594521002 4.5375984445667266 9.4009179316173981 16.55984856619764 -0.098278610000642599 18.176081077655155 9.6530702721582706 52.649329455145477 -0.007228574632560417 2.5018605987353322 0.25496792555212927 -0.071915719710541448 1.1039284698996485 3.313359666967199 3.6638889867922431
leaf_weight=3926157 964 1812 40088 608212 44587 93802 14896 167 3800 22 28 173 32793 1248 19091 330 386 1038 134 721 120 73 29 2333827 4462 97328 77760 6684 5078 5823
leaf_count=3926157 964 1812 40088 608212 44587 93802 14896 167 3800 22 28 173 32793 1248 19091 330 386 1038 134 721 120 73 29 2333827 4462 97328 77760 6684 5078 5823
internal_value=0 2.54389 -0.0109313 -0.018278 0.170337 0.608616 1.39126 2.68524 1.18933 5.94417 11.1967 9.1196 0.211014 7.5974 1.93948 3.50274 9.49338 10.9855 8.51978 2.07621 17.7266 19.8767 24.8856 -0.0416579 0.98858 0.0105357 0.232418 0.449348 2.0578 3.24938
internal_weight=0 31327 7.29031e+06 7.24595e+06 799120 190908 64313 15264 44352 4728 368 340 126595 2916 26599 4264 1668 1282 464 25635 244 222 149 6.44683e+06 49049 2.52068e+06 186850 109090 11762 6544
internal_count=7321633 31327 7290306 7245954 799120 190908 64313 15264 44352 4728 368 340 126595 2916 26599 4264 1668 1282 464 25635 244 222 149 6446834 49049 2520677 186850 109090 11762 6544
is_linear=0
shrinkage=0.1


Tree=20
num_leaves=31
num_cat=0
split_feature=12 14 26 11 6 12 8 3 6 26 26 11 14 8 13 6 12 11 8 15 0 19 0 15 18 0 16 14 25 9
split_gain=1.65857e+07 5.55817e+06 5.1665e+06 2.79886e+06 3.34146e+06 7.39951e+06 1.74935e+06 2.26543e+06 1.68445e+06 1.66189e+06 1.4882e+06 1.46833e+06 1.89875e+06 1.32967e+06 1.277e+06 1.2482e+06 1.16713e+06 1.56513e+06 1.13481e+06 1.0311e+06 999092 1.10924e+06 1.06178e+06 996523 997850 996047 4.15468e+06 934122 888940 869307
threshold=62.007500000000007 541.41500000000008 13.645000000000001 9.6443558052434479 1.0000000180025095e-35 5.0825000000000005 5341.5000000000009 13.317969413763807 1.0000000180025095e-35 86.485000000000014 0.70500000000000007 33.912511961722494 541.41500000000008 132.50000000000003 156.215 1.0000000180025095e-35 8.0925000000000029 21.984252873563221 216.50000000000003 1.3456173533083648 18.500000000000004 1.0000000180025095e-35 3.5000000000000004 1.6544514443044476 27.645000000000003 13.500000000000002 8.8150000000000013 209.56500000000003 3.5000000000000004 1.0000000180025095e-35
decision_type=2 2 2 2 2 2 2 2 2 2 2 2 2 2 2 2 2 2 2 2 2 2 2 2 2 2 2 2 2 2
left_child=2 14 3 10 -5 6 11 -8 -3 16 -1 23 -13 -7 15 -2 17 -4 20 -19 21 22 -10 24 -6 26 -24 -15 -12 -20
right_child=1 8 9 4 5 13 7 -9 18 -11 28 12 -14 27 -16 -17 -18 19 29 -21 -22 -23 25 -25 -26 -27 -28 -29 -30 -31
leaf_value=-0.04719510732347431 0.70288263074034063 2.9553028286309302 1.1456018383923698 0.065614535239278265 2.0225464288914758 0.75016924147110453 31.598031607733834 5.1325404442911564 1.2755842476356323 7.0388080384701501 -0.10492324446333379 3.7644619301227751 14.61684927391773 0.091699922386530353 4.8222511746225374 2.0436820800368936 0.02768863142228158 10.773177818366459 3.8080956939004715 2.9403919602148227 4.0838386170141439 8.4608261700755474 16.29900697603404 0.92669845019276653 4.3605658657777262 9.7676135082244873 64.947822425478975 -1.3410764564042053 0.18505893064804982 13.857989912135629
leaf_weight=6166391 11189 1812 17653 373295 14814 34803 45 115 41 500 137357 1623 179 55222 1231 18297 6344 175 1155 4239 386 1038 107 7518 2082 75 21 4959 458874 93
leaf_count=6166391 11189 1812 17653 373295 14814 34803 45 115 41 500 137357 1623 179 55222 1231 18297 6344 175 1155 4239 386 1038 107 7518 2082 75 21 4959 458874 93
internal_value=0 2.15792 -0.0104976 -0.0158125 0.213808 0.66964 2.15142 12.576 5.34975 1.32365 -0.0326082 2.0878 4.84247 0.258166 1.66663 1.53489 1.22307 1.56673 6.83766 3.25094 8.54405 9.88698 15.954 1.88448 2.31065 18.9186 24.2805 -0.0263629 0.118254 4.55701
internal_weight=0 35445 7.28619e+06 7.25728e+06 494655 121360 26376 160 4728 28911 6.76262e+06 26216 1802 94984 30717 29486 28411 22067 2916 4414 1668 1282 244 24414 16896 203 128 60181 596231 1248
internal_count=7321633 35445 7286188 7257277 494655 121360 26376 160 4728 28911 6762622 26216 1802 94984 30717 29486 28411 22067 2916 4414 1668 1282 244 24414 16896 203 128 60181 596231 1248
is_linear=0
shrinkage=0.1


Tree=21
num_leaves=31
num_cat=0
split_feature=11 12 26 6 14 16 11 21 4 14 15 14 26 21 11 15 0 17 0 1 19 12 8 4 12 14 0 10 5 18
split_gain=1.37094e+07 5.4851e+06 3.74283e+06 2.16377e+06 3.54687e+06 1.85468e+06 3.98426e+06 2.55528e+06 1.72858e+06 1.60207e+06 1.41521e+06 1.65681e+06 1.15714e+06 1.13699e+06 1.1345e+06 1.51018e+06 1.03504e+06 1.08801e+06 1.101e+06 1.44094e+06 3.3441e+06 1.01632e+06 950206 909168 1.67867e+06 1.11968e+06 1.12879e+06 868211 821122 800658
threshold=56.445755494505498 200.10000000000002 13.645000000000001 1.0000000180025095e-35 71.435000000000016 0.98250000000000004 9.2011025993237556 25.921826227355329 1.0000000180025095e-35 470.11500000000007 1.1359032517061423 325.42000000000002 40.945000000000007 25.921826227355329 4.0142608117210257 0.55032776786310889 18.500000000000004 5.6000000000000005 14.500000000000002 -23.499999999999996 1.0000000180025095e-35 0.97250000000000014 7224.0000000000009 1.0000000180025095e-35 27.252500000000001 751.73500000000013 11.500000000000002 1.0000000180025095e-35 1.0000000180025095e-35 46.900000000000013
decision_type=2 2 2 2 2 2 2 2 2 2 2 2 2 2 2 2 2 2 2 2 2 2 2 2 2 2 2 2 2 2
left_child=2 23 3 27 -5 6 13 10 9 -3 11 -8 -4 14 -6 29 17 -11 19 -19 -21 22 -17 24 25 -2 28 -1 -27 -16
right_child=1 8 12 4 5 -7 7 -9 -10 16 -12 -13 -14 -15 15 21 -18 18 -20 20 -22 -23 -24 -25 -26 26 -28 -29 -30 -31
leaf_value=-0.064288571432982541 4.0526391712989875 2.6319381227814587 0.92750118312177898 0.031072247601954806 0.31890522907878016 -0.12796331607645389 3.4805292695541881 1.0517529640128269 -3.7388780798982171 6.0638388753302346 1.8128886647129787 9.2581284968002482 2.9764125545638276 -0.096752337280411937 2.4384139693096318 1.4302442488126048 2.7515629931237089 8.5342011183500297 -0.89036387166669295 61.731283049149944 8.7573442523296077 0.18305821629978866 6.8353994460656624 -0.28096137766029133 1.2243423622192402 37.997490606858179 3.0230527504896507 0.010931011271886559 12.058610149829285 13.5148550120267
leaf_weight=3925085 1266 3105 23884 633273 44066 32670 4696 23084 272 3327 5671 555 3116 31939 5820 6636 996 48 31 22 26 12245 342 3741 36113 26 39 2519450 23 66
leaf_count=3925085 1266 3105 23884 633273 44066 32670 4696 23084 272 3327 5671 555 3116 31939 5820 6636 996 48 31 22 26 12245 342 3741 36113 26 39 2519450 23 66
internal_value=0 1.66647 -0.0112361 -0.0156153 0.139384 0.548176 0.711656 1.64801 4.09326 4.37524 2.90823 4.09119 1.16396 0.396746 0.624601 1.16109 5.59163 6.4106 15.4946 20.7856 33.0371 0.731954 1.69516 1.20553 1.35395 4.8108 15.718 -0.034882 25.8221 2.56261
internal_weight=0 49035 7.2726e+06 7.2456e+06 801063 167790 135120 34006 7827 7555 10922 5251 27000 101114 69175 25109 4450 3454 127 96 48 19223 6978 41208 37467 1354 88 6.44454e+06 49 5886
internal_count=7321633 49035 7272598 7245598 801063 167790 135120 34006 7827 7555 10922 5251 27000 101114 69175 25109 4450 3454 127 96 48 19223 6978 41208 37467 1354 88 6444535 49 5886
is_linear=0
shrinkage=0.1


Tree=22
num_leaves=31
num_cat=0
split_feature=12 11 6 12 13 14 26 8 4 26 14 14 15 2 18 18 25 11 15 11 21 15 21 16 13 21 0 3 3 0
split_gain=1.13673e+07 4.5562e+06 2.45877e+06 5.06356e+06 2.3027e+06 2.28764e+06 1.95832e+06 1.63647e+06 1.37961e+06 1.27195e+06 1.065e+06 1.03933e+06 1.03861e+06 1.14981e+06 1.49609e+06 1.88836e+06 996770 1.34918e+06 2.50721e+06 1.90726e+06 1.78913e+06 1.17004e+06 917165 908841 831072 1.32777e+06 823789 1.81434e+06 951533 809565
threshold=141.31500000000003 21.984252873563221 1.0000000180025095e-35 13.195000000000002 202.99500000000003 325.42000000000002 0.87500000000000011 101.50000000000001 1.0000000180025095e-35 21.300000000000004 366.89500000000004 751.73500000000013 2.4855725623582772 26.500000000000004 83.420000000000016 33.140000000000008 3.5000000000000004 3.8031448814343558 1.2042180817180819 7.2922110575007748 10.487127586999657 0.50899688334817472 27.676095370189646 84.570000000000007 128.35500000000005 36.995128987870253 15.500000000000002 13.172733361620265 13.172733361620265 6.5000000000000009
decision_type=2 2 2 2 2 2 2 2 2 2 2 2 2 2 2 2 2 2 2 2 2 2 2 2 2 2 2 2 2 2
left_child=1 6 -3 5 8 -4 -1 10 11 16 -5 -2 29 14 15 -14 -8 -18 19 21 -21 -19 -17 -6 25 -15 27 -16 -28 -13
right_child=4 2 3 7 23 -7 9 -9 -10 -11 -12 12 13 24 26 22 17 18 -20 20 -22 -23 -24 -25 -26 -27 28 -29 -30 -31
leaf_value=-0.033176415128109073 2.2726609048176214 0.19651902987635445 2.6976213963308426 1.2469852046187957 5.6766320951386469 7.5331097527319217 -0.072695830314372559 0.20082804634119028 -2.625622663217964 1.4675231500078494 12.732149947094328 -12.968690281288298 8.3159840616708003 4.4568077370397843 5.6492700072481634 41.660498293708358 0.097336732037662133 1.4678202924480184 0.013045158732832969 -0.12274943275968625 2.2377818126268987 0.34027207024543049 19.189958758231921 13.15834911254348 -2.3405635518589238 26.368691760096056 3.8883134304637643 33.48929653520937 -19.144075767199197 2.5666517087391445
leaf_weight=6542699 11382 90970 6398 24932 1152 1155 163109 31507 528 7287 81 51 96 596 176 34 299661 11588 63837 4090 14938 44715 39 189 174 29 71 27 24 98
leaf_count=6542699 11382 90970 6398 24932 1152 1155 163109 31507 528 7287 81 51 96 596 176 34 299661 11588 63837 4090 14938 44715 39 189 174 29 71 27 24 98
internal_value=0 -0.00558229 0.530731 1.00524 2.78124 3.43706 -0.0172088 0.680266 2.38373 0.154274 1.28418 2.59042 5.14637 6.07582 10.0178 17.5337 0.138376 0.21683 0.474125 0.864854 1.73039 0.572338 29.6557 6.7311 3.77183 5.47352 5.75535 9.35213 -1.9304 -2.75081
internal_weight=0 7.30697e+06 155043 64073 14666 7553 7.15192e+06 56520 13325 609225 25013 12797 1415 1266 467 169 601938 438829 139168 75331 19028 56303 73 1341 799 625 298 203 95 149
internal_count=7321633 7306967 155043 64073 14666 7553 7151924 56520 13325 609225 25013 12797 1415 1266 467 169 601938 438829 139168 75331 19028 56303 73 1341 799 625 298 203 95 149
is_linear=0
shrinkage=0.1


Tree=23
num_leaves=31
num_cat=0
split_feature=11 12 26 11 6 12 11 21 14 15 18 8 18 21 8 14 11 15 26 15 14 11 8 21 16 13 0 21 21 21
split_gain=9.32476e+06 3.62098e+06 2.5913e+06 1.80091e+06 3.02614e+06 2.54738e+06 3.05421e+06 1.54889e+06 1.42046e+06 1.52475e+06 1.38656e+06 1.32975e+06 1.02728e+06 933929 1.12361e+06 964074 910206 817386 813373 805857 829190 746515 745475 733850 665969 815405 963898 869615 750547 736713
threshold=56.445755494505498 327.12750000000005 18.140000000000004 3.2108046420741592 1.0000000180025095e-35 2.4025000000000007 7.2922110575007748 25.921826227355329 158.11500000000004 1.1784247076023393 93.940000000000012 5341.5000000000009 147.99500000000003 28.872821175412202 216.50000000000003 541.41500000000008 17.262942467089228 0.65088800582993878 86.485000000000014 0.083242469122003046 250.17500000000004 10.904732543479069 7427.5000000000009 10.487127586999657 11.135000000000002 202.99500000000003 5.5000000000000009 33.883288290323883 25.921826227355329 16.460509296098724
decision_type=2 2 2 2 2 2 2 2 2 2 2 2 2 2 2 2 2 2 2 2 2 2 2 2 2 2 2 2 2 2
left_child=2 12 3 -1 -5 6 17 8 -8 10 -10 -12 13 -2 15 -15 -7 -6 -4 20 -9 -11 -19 -3 -25 26 -26 -28 29 -27
right_child=1 23 18 4 5 16 7 19 9 21 11 -13 -14 14 -16 -17 -18 22 -20 -21 -22 -23 -24 24 25 28 27 -29 -30 -31
leaf_value=-0.041905966019592476 0.71238338493162057 -1.6951052359362553 1.1399135181291884 0.018746978085787611 0.6990903083046407 -0.093893076505589868 1.1483885944858323 1.593380134631903 3.8537079871589683 0.085548129781429325 6.901813096996773 27.694496069563197 3.2083215955951214 2.147606131214022 0.44198785270315399 7.6675307118129439 0.42639593893355432 0.091067151919802636 5.4477379017255529 0.62764009035133395 6.4559683543176227 2.6573885961066561 5.3210188340640414 3.7530059451178026 10.080382286042276 21.318338364362717 -0.47866043374358613 10.719951702827631 14.391100425210167 5.4492737619058831
leaf_weight=5340980 29421 179 15568 1632265 45855 96838 8178 1399 4991 1876 89 47 2283 8951 4678 328 51509 51318 451 17659 468 2833 274 1979 198 32 358 86 201 341
leaf_count=5340980 29421 179 15568 1632265 45855 96838 8178 1399 4991 1876 89 47 2283 8951 4678 328 51509 51318 451 17659 468 2833 274 1979 198 32 358 86 201 341
internal_value=0 1.37438 -0.00926666 -0.0120712 0.0711126 0.372787 0.68712 1.45349 2.12225 2.93195 4.12517 14.0875 1.14079 1.03197 1.70565 2.34273 0.0867615 0.391886 1.2612 0.836527 2.81228 1.6328 0.118843 4.53564 4.88472 6.72654 4.27799 1.69044 9.46516 6.81069
internal_weight=0 49035 7.2726e+06 7.25658e+06 1.9156e+06 283334 134987 37540 18014 9836 5127 136 45661 43378 13957 9279 148347 97447 16019 19526 1867 4709 51592 3374 3195 1216 642 444 574 373
internal_count=7321633 49035 7272598 7256579 1915599 283334 134987 37540 18014 9836 5127 136 45661 43378 13957 9279 148347 97447 16019 19526 1867 4709 51592 3374 3195 1216 642 444 574 373
is_linear=0
shrinkage=0.1


Tree=24
num_leaves=31
num_cat=0
split_feature=12 11 24 12 21 12 14 13 14 11 26 6 12 15 21 18 14 8 2 14 5 25 11 15 12 6 8 11 13 10
split_gain=7.66555e+06 2.58258e+06 2.79237e+06 5.68155e+06 2.99057e+06 2.00561e+06 1.80835e+06 1.14097e+06 1.71978e+06 1.12924e+06 1.0275e+06 931777 928520 836880 1.11538e+06 1.97246e+06 809414 1.11449e+06 763700 915961 735656 718023 708983 1.48483e+06 846615 745591 925562 706134 697854 689888
threshold=90.50500000000001 12.669509803921573 400.00000000000006 9.5100000000000016 14.78430661152403 327.12750000000005 168.34000000000003 0.92500000000000016 405.02000000000004 33.912511961722494 0.60500000000000009 1.0000000180025095e-35 33.622500000000009 1.3456173533083648 14.222470423884381 93.940000000000012 246.57500000000002 227.50000000000003 27.500000000000004 405.02000000000004 1.0000000180025095e-35 3.5000000000000004 4.0675672993180898 0.50899688334817472 0.97250000000000014 1.0000000180025095e-35 7224.0000000000009 56.445755494505498 0.31500000000000006 1.0000000180025095e-35
decision_type=2 2 2 2 2 2 2 2 2 2 2 2 2 2 2 2 2 2 2 2 2 2 2 2 2 2 2 2 2 2
left_child=1 10 -3 4 6 11 -4 13 -9 18 29 -2 -5 14 28 -16 -13 -18 20 -20 -6 -12 -23 -24 25 -25 -27 -10 -8 -1
right_child=5 2 3 12 9 -7 7 8 27 -11 21 16 -14 -15 15 -17 17 -19 19 -21 -22 22 23 24 -26 26 -28 -29 -30 -31
leaf_value=-0.057157347767461647 0.51507394764893821 -0.01564149291924077 1.1334680092365192 0.036177445528268536 1.4690176141400353 4.0820751758377334 0.52692910517357949 4.3720882309828921 11.345848470400362 2.4294419398197586 -0.084139410562640918 1.08016637537319 0.61124905021218012 1.9299324979421699 4.926085319155673 18.588228292214243 3.7122908291678458 1.067881757358131 -0.12258065338526497 -5.3764471775343443 0.246873653942419 0.08696886070590526 1.3186103842300669 0.25937164855003186 0.049780572662026651 1.026216903540847 5.1608555057332532 27.132669598915999 4.0404384408779412 0.012645679404369179
leaf_weight=4027232 6971 192841 6275 96410 10283 3374 1030 2163 170 3918 171496 5682 39613 5355 1447 114 4164 2582 4707 357 9453 413140 14250 21390 77644 14122 563 34 1253 2183600
leaf_count=4027232 6971 192841 6275 96410 10283 3374 1030 2163 170 3918 171496 5682 39613 5355 1447 114 4164 2582 4707 357 9453 413140 14250 21390 77644 14122 563 34 1253 2183600
internal_value=0 -0.00571545 0.249731 0.530014 1.48349 1.83183 2.50031 3.24187 5.19989 0.851793 -0.019567 1.44045 0.203651 2.73805 3.86382 5.92383 1.95951 2.70016 0.602549 -0.492966 0.883644 0.0941642 0.150675 0.356345 0.235765 0.636057 1.18473 13.977 2.45528 -0.032616
internal_weight=0 7.29886e+06 375423 182582 46559 22773 17841 11566 2367 28718 6.92344e+06 19399 136023 9199 3844 1561 12428 6746 24800 5064 19736 712605 541109 127969 113719 36075 14685 204 2283 6.21083e+06
internal_count=7321633 7298860 375423 182582 46559 22773 17841 11566 2367 28718 6923437 19399 136023 9199 3844 1561 12428 6746 24800 5064 19736 712605 541109 127969 113719 36075 14685 204 2283 6210832
is_linear=0
shrinkage=0.1


Tree=25
num_leaves=31
num_cat=0
split_feature=12 14 26 24 14 21 8 16 11 11 13 14 14 8 21 4 14 15 11 16 8 5 8 12 11 26 13 12 13 0
split_gain=6.25976e+06 2.26501e+06 2.04231e+06 1.4152e+06 2.70548e+06 1.9817e+06 2.74595e+06 2.82189e+06 1.71625e+06 1.29537e+06 1.12079e+06 1.01032e+06 817596 816134 803219 792229 778686 719348 1.73478e+06 681116 1.49081e+06 678657 853601 1.15339e+06 1.31742e+06 667207 770159 830494 836413 670438
threshold=54.522500000000008 300.30000000000007 29.215000000000003 400.00000000000006 102.40500000000002 16.460509296098724 1010.5000000000001 1.6850000000000003 11.975994789405126 21.984252873563221 202.99500000000003 20.005000000000006 509.5750000000001 82.500000000000014 24.488251813304284 1.0000000180025095e-35 201.28500000000003 1.9107239583333335 9.2011025993237556 11.135000000000002 55.500000000000007 1.0000000180025095e-35 124.50000000000001 0.98250000000000015 6.4294398404523116 86.485000000000014 19.945000000000004 200.10000000000002 0.21500000000000002 5.5000000000000009
decision_type=2 2 2 2 2 2 2 2 2 2 2 2 2 2 2 2 2 2 2 2 2 2 2 2 2 2 2 2 2 2
left_child=2 14 3 -1 11 6 7 8 -6 17 15 -5 -4 -13 -2 25 -10 18 -8 20 -12 22 -7 24 -24 26 27 -3 29 -29
right_child=1 10 12 4 5 21 9 -9 16 -11 19 13 -14 -15 -16 -17 -18 -19 -20 -21 -22 -23 23 -25 -26 -27 -28 28 -30 -31
leaf_value=-0.030824657127238086 0.27532427166196899 1.9295541294766982 1.5516769045378753 -0.078632233123018244 1.281979295896277 1.2610398582929196 0.28896139268213122 -0.27720129407042515 1.9912565820937786 4.4706150837574343 8.2429988593595098 0.41787761423821168 8.4017026569590225 0.064095981619236117 1.343272469695117 -2.3650445946780119 3.7533235182093443 -0.73156874176751929 2.3701635552183147 7.258082784629531 -2.0725658605528343 -0.22020870783173227 0.146208195448356 -0.23810729138936426 1.7007968553259145 4.96666080108022 1.4153486028094004 -13.763804873904668 6.4403979021681836 2.9204519202743753
leaf_weight=5785759 15193 1507 6556 567549 19573 7883 76959 8120 4915 758 257 72963 179 613376 13128 385 5121 6067 4225 720 308 44842 16141 32614 8231 833 6369 37 996 69
leaf_count=5785759 15193 1507 6556 567549 19573 7883 76959 8120 4915 758 257 72963 179 613376 13128 385 5121 6067 4225 720 308 44842 16141 32614 8231 833 6369 37 996 69
internal_value=0 1.25067 -0.00683608 -0.00844743 0.0784834 0.389517 0.660513 1.37425 1.82715 0.354537 2.43547 0.0200791 1.73373 0.101706 0.770364 2.08472 2.89037 0.318778 0.397272 5.21861 2.61965 0.0789324 0.28572 0.150801 0.67123 2.25933 2.00814 3.45524 5.54164 -2.9033
internal_weight=0 39802 7.28183e+06 7.2751e+06 1.48934e+06 235449 125738 37729 29609 88009 11481 1.25389e+06 6735 686339 28321 10196 10036 87251 81184 1285 565 109711 64869 56986 24372 9811 8978 2609 1102 106
internal_count=7321633 39802 7281831 7275096 1489337 235449 125738 37729 29609 88009 11481 1253888 6735 686339 28321 10196 10036 87251 81184 1285 565 109711 64869 56986 24372 9811 8978 2609 1102 106
is_linear=0
shrinkage=0.1


Tree=26
num_leaves=31
num_cat=0
split_feature=12 11 6 12 14 14 8 17 11 6 12 14 0 2 21 10 3 8 0 3 14 8 1 20 14 14 12 11 8 3
split_gain=5.07709e+06 2.13266e+06 1.28442e+06 2.98448e+06 1.62729e+06 1.12609e+06 1.09027e+06 1.07961e+06 883336 1.49788e+06 2.05966e+06 934296 822277 889662 1.03327e+06 803470 1.18724e+06 801439 1.11515e+06 1.80824e+06 793063 762184 886878 759943 758314 725255 718094 1.3389e+06 1.09025e+06 1.84047e+06
threshold=141.31500000000003 21.984252873563221 1.0000000180025095e-35 14.742500000000001 405.02000000000004 751.73500000000013 108.50000000000001 0.025000000000000005 3.0692729639752119 1.0000000180025095e-35 0.98250000000000015 103.90000000000002 18.500000000000004 26.500000000000004 14.78430661152403 1.0000000180025095e-35 10.943537562934328 148.50000000000003 6.5000000000000009 11.755687085502389 250.17500000000004 108.50000000000001 -22.499999999999996 1.0000000180025095e-35 541.41500000000008 325.42000000000002 2.4425000000000003 9.2011025993237556 5341.5000000000009 13.317969413763807
decision_type=2 2 2 2 2 2 2 2 2 2 2 2 2 2 2 2 2 2 2 2 2 2 2 2 2 2 2 2 2 2
left_child=1 8 -3 4 -4 -2 20 -6 -1 -10 11 -11 13 14 -7 -15 -17 18 19 23 -5 22 -20 -16 -9 -8 27 -12 -29 -30
right_child=5 2 3 6 7 12 25 24 9 10 26 -13 -14 15 17 16 -18 -19 21 -21 -22 -23 -24 -25 -26 -27 -28 28 29 -31
leaf_value=-0.032994650618732108 1.491701870211688 0.12164012970879663 2.0817390071144337 0.85112742743597658 5.6029987903738245 -4.5432577856655776 0.13127094496361039 10.024449921978846 0.011319136042302076 0.44936142992311895 0.1424243877255873 1.249102626580795 0.17760210564152157 -4.6767325335701484 9.1963788367667298 2.0705950368234736 9.5808759883553005 3.426008044660481 8.0421995194990252 40.330073912938438 4.6230419896412318 20.315699497858684 -9.6366035381952937 26.996258840253279 29.089127248876238 -2.9479845312769246 -0.051935431057226415 1.0392928660883758 22.910149041414261 2.9972414337934516
leaf_weight=5229316 12477 90970 6847 25261 664 58 29858 54 1661951 35049 71522 25047 457 113 106 741 294 153 134 30 570 36 36 31 34 785 112615 16159 60 205
leaf_count=5229316 12477 90970 6847 25261 664 58 29858 54 1661951 35049 71522 25047 457 113 106 741 294 153 134 30 570 36 36 31 34 785 112615 16159 60 205
internal_value=0 -0.0037307 0.363195 0.706151 2.56671 1.85873 0.455799 6.98237 -0.0116851 0.0462749 0.269153 0.78268 3.95073 4.9463 8.12393 3.32981 4.20395 9.52069 12.0207 18.0934 0.93436 7.09758 4.29845 13.2241 17.3903 0.0523878 0.11528 0.3294 1.14363 7.50582
internal_weight=0 7.30697e+06 155043 64073 7599 14666 56474 752 7.15192e+06 1.92261e+06 260657 60096 2189 1732 584 1148 1035 526 373 167 25831 206 170 137 88 30643 200561 87946 16424 265
internal_count=7321633 7306967 155043 64073 7599 14666 56474 752 7151924 1922608 260657 60096 2189 1732 584 1148 1035 526 373 167 25831 206 170 137 88 30643 200561 87946 16424 265
is_linear=0
shrinkage=0.1


Tree=27
num_leaves=31
num_cat=0
split_feature=12 14 26 24 14 21 8 14 12 11 14 13 14 15 13 5 8 12 11 5 15 14 14 6 4 12 14 8 14 14
split_gain=4.26183e+06 1.57689e+06 1.4571e+06 988970 1.85621e+06 1.63966e+06 2.11888e+06 1.3426e+06 1.17742e+06 2.18324e+06 1.08664e+06 815041 757366 877009 754974 687429 818000 680061 1.00663e+06 655702 647234 752472 623334 616030 614414 560473 555569 551242 550307 549163
threshold=54.522500000000008 300.30000000000007 29.215000000000003 400.00000000000006 50.765000000000008 16.460509296098724 205.50000000000003 197.49500000000003 3.2750000000000004 8.18688307854835 139.87500000000003 202.99500000000003 240.00500000000002 0.94303353658536593 0.90500000000000014 1.0000000180025095e-35 124.50000000000001 0.82250000000000012 3.8571709969148871 1.0000000180025095e-35 1.2395566996643994 470.11500000000007 366.89500000000004 1.0000000180025095e-35 1.0000000180025095e-35 0.99250000000000005 751.73500000000013 7224.0000000000009 10.425000000000002 509.5750000000001
decision_type=2 2 2 2 2 2 2 2 2 2 2 2 2 2 2 2 2 2 2 2 2 2 2 2 2 2 2 2 2 2
left_child=2 23 3 25 28 6 10 -8 9 12 -6 24 13 19 20 16 26 18 -18 -9 -11 -22 27 -2 -3 -1 -7 -20 -5 -4
right_child=1 11 29 4 5 15 7 8 -10 14 -12 -13 -14 -15 -16 -17 17 -19 22 -21 21 -23 -24 -25 -26 -27 -28 -29 -30 -31
leaf_value=-0.042945748222267599 0.036493758277809547 1.8752018001231656 1.3153479240807653 -0.10792942664004433 0.91706612242476437 0.74133355040299265 0.19645206722121852 2.5908534041451432 -0.87476450669598393 2.7000959108143965 2.4320704153064061 4.39389664087778 -0.29965993960756165 -0.48974353872956516 5.3235638187105794 -0.15532411260284618 0.088571486241772468 -0.1274973597680864 0.86827657093016919 0.81914362811158348 1.4664580156003706 -3.4164683622329735 5.7195349810816722 0.99695482200587338 -2.197273209065973 0.030489023125715938 14.836537218093873 4.6994186214658731 0.04509659080326886 6.9293626262488992
leaf_weight=4427635 10785 9811 6556 358010 18659 21592 154403 3274 3400 5750 6344 1285 7799 3095 740 94340 38757 64669 13893 5771 3822 344 282 17536 385 1358124 28 386 683979 179
leaf_count=4427635 10785 9811 6556 358010 18659 21592 154403 3274 3400 5750 6344 1285 7799 3095 740 94340 38757 64669 13893 5771 3822 344 282 17536 385 1358124 28 386 683979 179
internal_value=0 1.03196 -0.00564061 -0.00700166 0.0656684 0.236051 0.436505 0.321713 0.890638 1.08683 1.30147 2.02054 0.469278 0.96326 2.24235 0.0532023 0.194115 0.0904972 0.354901 1.46045 2.01241 1.06326 1.06379 0.631199 1.72143 -0.025708 0.759588 0.971843 -0.00748059 1.46455
internal_weight=0 39802 7.28183e+06 7.2751e+06 1.48934e+06 447348 213401 188398 33995 30595 25003 11481 19939 12140 10656 233947 139607 117987 53318 9045 9916 4166 14561 28321 10196 5.78576e+06 21620 14279 1.04199e+06 6735
internal_count=7321633 39802 7281831 7275096 1489337 447348 213401 188398 33995 30595 25003 11481 19939 12140 10656 233947 139607 117987 53318 9045 9916 4166 14561 28321 10196 5785759 21620 14279 1041989 6735
is_linear=0
shrinkage=0.1


Tree=28
num_leaves=31
num_cat=0
split_feature=11 12 26 6 14 8 16 11 21 14 3 13 4 13 14 5 1 3 8 13 14 14 17 2 2 1 13 3 18 21
split_gain=3.46961e+06 1.45543e+06 1.02237e+06 788702 1.36587e+06 956124 975363 1.41146e+06 1.29115e+06 726995 1.59751e+06 604282 582438 988452 901132 1.04633e+06 836897 713829 686652 637582 573669 561037 476267 469755 693305 763094 745921 675671 583164 508655
threshold=56.445755494505498 327.12750000000005 33.435000000000009 1.0000000180025095e-35 39.545000000000009 132.50000000000003 1.3925000000000003 11.453212068034558 14.78430661152403 509.5750000000001 12.098617176128096 4.3350000000000009 1.0000000180025095e-35 4.955000000000001 751.73500000000013 1.0000000180025095e-35 -25.499999999999996 6.8933563948253811 95.500000000000014 118.00000000000001 470.11500000000007 115.93500000000002 0.025000000000000005 27.500000000000004 26.500000000000004 -21.499999999999996 202.99500000000003 9.6424795419193412 33.140000000000008 33.883288290323883
decision_type=2 2 2 2 2 2 2 2 2 2 2 2 2 2 2 2 2 2 2 2 2 2 2 2 2 2 2 2 2 2
left_child=2 12 3 -1 -5 11 7 22 9 20 -11 21 13 14 18 16 -16 -18 -2 -15 -9 -6 -7 24 -3 27 -27 -26 -25 -29
right_child=1 23 -4 4 5 6 -8 8 -10 10 -12 -13 -14 19 15 -17 17 -19 -20 -21 -22 -23 -24 28 25 26 -28 29 -30 -31
leaf_value=-0.018317271511162081 2.462982678440353 4.0468148602898237 1.4693752866483483 -0.02400850165230289 0.75473148620849084 0.1164633124708612 -0.27596368956904521 2.2278182032345568 0.57750820628390043 0.3697407432153923 15.919658567706746 0.237811010017143 -0.48905867348354293 0.41621636405871776 5.5625476813897858 0.61442196339736754 14.447128256436052 38.334695781360971 0.64636102274218088 1.9585113524343996 -2.9417204243796213 1.9159752699988815 0.58475703594308892 13.407153408527376 3.3895236515711589 3.1014792886611664 17.077632376726935 -1.9335732373251493 4.17260390646645 10.190326817830403
leaf_weight=6452351 4437 1276 4696 473252 18811 206660 41184 5150 23054 147 120 17339 3836 30357 41 81 29 22 3918 2940 224 5342 24268 80 415 152 51 893 471 36
leaf_count=6452351 4437 1276 4696 473252 18811 206660 41184 5150 23054 147 120 17339 3836 30357 41 81 29 22 3918 2940 224 5342 24268 80 415 152 51 893 471 36
internal_value=0 0.838355 -0.00565255 -0.00660561 0.0860529 0.23822 0.176149 0.247867 0.909319 2.26538 7.35847 0.688224 0.690259 0.798421 1.75901 8.90267 16.1999 24.7516 1.61109 0.552395 2.01234 1.01157 0.165676 2.84256 2.32127 0.898001 6.61273 0.0348387 5.51337 -1.46376
internal_weight=0 49035 7.2726e+06 7.2679e+06 815551 342299 300807 259623 28695 5641 267 41492 45661 41825 8528 173 92 51 8355 33297 5374 24153 230928 3374 2823 1547 203 1344 551 929
internal_count=7321633 49035 7272598 7267902 815551 342299 300807 259623 28695 5641 267 41492 45661 41825 8528 173 92 51 8355 33297 5374 24153 230928 3374 2823 1547 203 1344 551 929
is_linear=0
shrinkage=0.1


Tree=29
num_leaves=31
num_cat=0
split_feature=11 13 26 17 26 13 16 24 21 14 15 11 14 4 13 13 14 0 21 14 13 1 2 0 26 3 5 13 21 3
split_gain=2.87262e+06 1.37844e+06 842861 775609 714649 646135 616867 613433 1.30379e+06 2.15238e+06 1.23923e+06 1.81584e+06 550830 547663 1.91975e+06 872435 997994 1.24193e+06 635965 916218 954739 670300 613069 541949 2.26994e+06 775169 520771 769700 597313 509099
threshold=39.961155172413804 118.00000000000001 86.485000000000014 0.065000000000000016 21.300000000000004 0.055000000000000007 84.570000000000007 400.00000000000006 16.460509296098724 197.49500000000003 2.4855725623582772 7.9678711167878218 751.73500000000013 1.0000000180025095e-35 4.955000000000001 0.60500000000000009 509.5750000000001 17.500000000000004 30.648314400036234 751.73500000000013 19.945000000000004 -25.499999999999996 27.500000000000004 14.500000000000002 33.435000000000009 13.172733361620265 1.0000000180025095e-35 1.5050000000000001 25.921826227355329 8.0432935959456362
decision_type=2 2 2 2 2 2 2 2 2 2 2 2 2 2 2 2 2 2 2 2 2 2 2 2 2 2 2 2 2 2
left_child=4 2 13 -4 5 -1 -3 -7 9 -9 11 -11 29 14 15 -2 -17 26 19 -16 22 -22 -21 24 -23 -25 28 -28 -18 -13
right_child=1 6 3 -5 -6 7 -8 8 -10 10 -12 12 -14 -15 18 16 17 -19 -20 20 21 23 -24 25 -26 -27 27 -29 -30 -31
leaf_value=-0.030634008951057636 0.62714871025648355 2.0168971363249777 6.8936232781242541 1.0200955613982814 0.83210137965391873 0.0060242243349475531 7.6609645771434405 0.18026233027312721 -0.028639490884018189 0.5935174381976176 -0.60012448701317977 3.7692990566146074 -4.5469022276072666 -0.22240819255559693 -0.11342039141678423 1.9638822495897363 23.410441022041518 -0.92397040881258163 0.74226862840510899 21.610957098980339 -8.1736556463241588 2.0666130925855066 2.613274504645513 4.318034653138306 33.319589729966786 -16.997966758410136 -0.42018968360918063 11.842085082154526 9.8981679894947661 2.0430940529247432
leaf_weight=4514066 5216 4682 391 529 10154 2132917 202 269977 293557 14151 3779 2124 116 9777 25876 7500 39 179 16904 49 50 117 26 59 29 24 111 95 203 8734
leaf_count=4514066 5216 4682 391 529 10154 2132917 202 269977 293557 14151 3779 2124 116 9777 25876 7500 39 179 16904 49 50 117 26 59 29 24 111 95 203 8734
internal_value=0 0.628276 0.510342 3.51634 -0.00624482 -0.00742069 2.25033 0.0310281 0.121048 0.268069 1.08822 1.34216 2.30754 0.468601 0.588224 1.63649 2.28429 6.11691 0.263957 -0.0442925 5.00868 2.3161 15.0251 4.60644 8.2744 -1.84563 8.93012 5.23474 12.0758 2.38077
internal_weight=0 72058 67174 920 7.24958e+06 7.23942e+06 4884 2.72536e+06 592438 298881 28904 25125 10974 66254 56477 13343 8127 627 43134 26230 354 279 75 229 146 83 448 206 242 10858
internal_count=7321633 72058 67174 920 7249575 7239421 4884 2725355 592438 298881 28904 25125 10974 66254 56477 13343 8127 627 43134 26230 354 279 75 229 146 83 448 206 242 10858
is_linear=0
shrinkage=0.1


Tree=30
num_leaves=31
num_cat=0
split_feature=11 26 13 4 13 14 0 5 21 13 7 0 21 11 6 18 14 15 11 12 17 12 14 0 2 14 0 11 15 21
split_gain=2.34073e+06 1.31066e+06 1.00062e+06 724269 1.82777e+06 998515 910665 782509 733357 714384 676533 933754 577235 575675 952406 853418 2.06452e+06 813272 1.34411e+06 705583 644086 544958 660899 521615 557358 490261 485277 470891 460233 448042
threshold=33.912511961722494 86.485000000000014 202.99500000000003 1.0000000180025095e-35 4.955000000000001 509.5750000000001 17.500000000000004 1.0000000180025095e-35 30.648314400036234 1.5050000000000001 1919260.5000000002 8.5000000000000018 25.921826227355329 1.276641460750046 1.0000000180025095e-35 31.650000000000002 541.41500000000008 2.0798201438848927 5.2407036602074779 0.60250000000000015 0.025000000000000005 62.007500000000007 405.02000000000004 4.5000000000000009 26.500000000000004 470.11500000000007 6.5000000000000009 2.4094214142761845 2.4855725623582772 14.222470423884381
decision_type=2 2 2 2 2 2 2 2 2 2 2 2 2 2 2 2 2 2 2 2 2 2 2 2 2 2 2 2 2 2
left_child=13 2 3 4 5 -2 7 10 -6 26 12 28 -7 -1 29 19 17 18 -17 27 -20 22 -10 24 -14 -21 -9 -16 -12 -15
right_child=1 -3 -4 -5 8 6 -8 9 21 -11 11 -13 23 14 15 16 -18 -19 20 25 -22 -23 -24 -25 -26 -27 -28 -29 -30 -31
leaf_value=-0.040294500730939688 1.220829195344493 3.4278070987615594 3.4036813339437924 -0.13327445799519028 -0.023403486789460692 24.57472122758627 -0.66057338087986683 -2.7506441950479292 0.40689969613070059 10.657876652290946 -6.3433572395427813 11.150444549984403 27.285503149231278 0.0080124539409847147 0.16928681140818491 -0.054516788985055457 17.916755134037565 -0.047674795570467471 1.5890830733473691 0.049445567938902812 3.8585957453890907 1.2648891572638132 -3.644218418759694 6.2913280677078367 10.285484123229981 -2.3868627406908693 4.0380667241777131 0.55863373042822617 5.6122430311483251 -0.14843109015730735
leaf_weight=2970325 16503 1496 1129 19500 33675 32 312 187 11746 95 74 117 30 3572001 82458 4965 70 8389 5996 336446 1580 9986 417 133 54 828 241 49838 57 192953
leaf_count=2970325 16503 1496 1129 19500 33675 32 312 187 11746 95 74 117 30 3572001 82458 4965 70 8389 5996 336446 1580 9986 417 133 54 828 241 49838 57 192953
internal_value=0 0.4911 0.444506 0.408643 0.552107 1.4334 4.06713 5.51325 0.270544 2.8132 8.35455 4.65763 12.0366 -0.0065099 0.0170715 0.14813 0.771823 0.714482 1.22431 0.120237 2.0624 0.717458 0.26801 10.1877 16.3569 0.0434645 1.07197 0.31596 -1.1413 -5.24061e-06
internal_weight=0 95784 94288 93159 73659 17835 1332 1020 55824 523 497 248 249 7.22585e+06 4.25552e+06 490570 21000 20930 12541 469570 7576 22149 12163 217 84 337274 428 132296 131 3.76495e+06
internal_count=7321633 95784 94288 93159 73659 17835 1332 1020 55824 523 497 248 249 7225849 4255524 490570 21000 20930 12541 469570 7576 22149 12163 217 84 337274 428 132296 131 3764954
is_linear=0
shrinkage=0.1


Tree=31
num_leaves=31
num_cat=0
split_feature=11 13 26 17 21 13 14 0 0 13 14 26 13 12 21 21 18 18 16 21 14 26 0 2 2 2 8 16 26 14
split_gain=1.896e+06 1.06202e+06 679384 552832 516420 1.63964e+06 858323 622406 866887 755438 664815 886332 498166 471726 576985 468243 982398 900188 759961 460041 747234 797321 724973 1.80116e+06 441022 632163 451089 431131 939999 877558
threshold=33.912511961722494 118.00000000000001 86.485000000000014 0.065000000000000016 4.6875534757621171 4.955000000000001 325.42000000000002 17.500000000000004 7.5000000000000009 0.77500000000000013 751.73500000000013 11.200000000000001 0.14500000000000005 327.12750000000005 28.872821175412202 32.102631101271896 46.900000000000013 33.140000000000008 4.3825000000000012 30.648314400036234 751.73500000000013 0.025000000000000005 14.500000000000002 26.500000000000004 27.500000000000004 26.500000000000004 65.500000000000014 1.3925000000000003 1.9650000000000001 203.35500000000005
decision_type=2 2 2 2 2 2 2 2 2 2 2 2 2 2 2 2 2 2 2 2 2 2 2 2 2 2 2 2 2 2
left_child=12 2 4 -4 -2 6 -6 8 9 13 -10 -12 -1 14 -8 -3 17 -17 -18 20 -7 -22 23 -23 25 -20 -26 28 -14 -30
right_child=1 15 3 -5 5 19 7 -9 10 -11 11 -13 27 -15 -16 16 18 -19 24 -21 21 22 -24 -25 26 -27 -28 -29 29 -31
leaf_value=-0.019359488314998917 -0.11994701336170069 1.0337898603427624 5.3537886997734354 0.73046074660260829 0.97466679195081518 -0.11000896224063042 -0.61401670964628352 0.53928895729859716 4.8088615856423003 4.4940721823653176 8.1851214806823176 26.236639387467331 0.033334452544471586 -10.38944437559261 9.2072562918734189 3.6394716682130333 -3.4520595788523774 10.895519092049579 4.8601998224410989 0.54691748462403922 9.5894564543167746 27.457253576208046 -8.2815816612385991 -1.8120545008308011 -4.628678316116333 -0.88612916447891943 10.137039042711258 -0.18003890349935572 0.21813070699967263 1.005297890593406
leaf_weight=5714958 19500 2800 489 549 14780 31447 558 862 685 670 136 34 1310348 43 67 650 276 232 336 20726 165 27 67 95 25 445 120 80451 103689 16403
leaf_count=5714958 19500 2800 489 549 14780 31447 558 862 685 670 136 34 1310348 43 67 650 276 232 336 20726 165 27 67 95 25 445 120 80451 103689 16403
internal_value=0 0.44199 0.364806 2.9085 0.335424 0.461625 1.29006 2.81594 3.71083 2.12149 6.198 11.7954 -0.00585891 -0.258205 0.438824 1.87852 3.01347 5.54809 1.15363 0.180337 -0.0585786 4.51016 0.075845 4.66558 2.52638 1.58604 7.59123 0.0452072 0.0578755 0.325647
internal_weight=0 95784 90900 1038 89862 70362 17835 3055 2193 1338 855 170 7.22585e+06 668 625 4884 2084 882 1202 52527 31801 354 189 122 926 781 145 1.51089e+06 1.43044e+06 120092
internal_count=7321633 95784 90900 1038 89862 70362 17835 3055 2193 1338 855 170 7225849 668 625 4884 2084 882 1202 52527 31801 354 189 122 926 781 145 1510891 1430440 120092
is_linear=0
shrinkage=0.1


Tree=32
num_leaves=31
num_cat=0
split_feature=26 11 13 21 12 11 24 12 17 11 14 13 15 15 14 18 14 14 21 14 3 8 14 0 0 8 21 14 15 9
split_gain=1.54696e+06 1.23633e+06 727976 484088 450025 436722 797399 1.59678e+06 1.03792e+06 952902 784877 1.0354e+06 856006 725360 678286 605859 490137 436483 419147 495353 410939 372605 626704 612211 461812 555495 366569 417030 625990 337140
threshold=86.485000000000014 33.912511961722494 202.99500000000003 28.872821175412202 1.3525000000000003 3.4164512195121959 400.00000000000006 2.2025000000000006 0.025000000000000005 15.949366438356167 60.005000000000003 0.48500000000000004 1.6046656050955417 0.68889976734252112 209.56500000000003 35.285000000000004 104.98500000000001 751.73500000000013 14.102594559223187 133.24000000000004 8.9634802916982341 282.50000000000006 541.41500000000008 2.5000000000000004 5.5000000000000009 95.500000000000014 14.78430661152403 143.31500000000003 0.47304295220810649 1.0000000180025095e-35
decision_type=2 2 2 2 2 2 2 2 2 2 2 2 2 2 2 2 2 2 2 2 2 2 2 2 2 2 2 2 2 2
left_child=1 5 3 -3 -5 -1 -7 8 9 13 -10 12 -12 15 -13 26 -17 -15 19 -9 -11 22 -6 -24 25 -25 27 -8 -29 -18
right_child=-2 2 -4 4 21 6 7 18 10 20 11 14 -14 17 -16 16 29 -19 -20 -21 -22 -23 23 24 -26 -27 -28 28 -30 -31
leaf_value=-0.019266409975954107 2.9427012078462988 0.18926851562556377 2.8830884793857439 4.8650549868201471 0.74179990848245714 -0.0018559198922761908 0.34800446572725718 0.25700002178731673 0.21839594011589869 2.1548911445797407 1.1429010619294846 1.6534138224748756 -0.20507637704806819 -0.0038071025380883813 4.152213564566801 -1.4562994004118663 2.4244737736398134 -2.0722468480987604 -0.084004690077646271 2.1514380490467113 0.76918801159890415 -0.094719788313810879 -3.1701215440766854 21.859644514514557 3.5167048593791757 6.4025258823107656 0.1339470906994405 1.9337200886101646 0.44434903977730722 8.4106575130224233
leaf_weight=5484129 1786 67858 1129 257 19054 1289307 27875 17837 17099 2762 15931 5478 6689 89161 1355 326 1590 1032 200092 1496 9505 5197 114 31 555 93 42162 4815 6818 100
leaf_count=5484129 1786 67858 1129 257 19054 1289307 27875 17837 17099 2762 15931 5478 6689 89161 1355 326 1590 1032 200092 1496 9505 5197 114 31 555 93 42162 4815 6818 100
internal_value=0 -0.000718002 0.359051 0.328462 0.701782 -0.00541271 0.0382155 0.152486 0.334977 0.229361 0.757299 1.07016 0.744288 0.169266 2.14893 0.381303 2.09386 -0.0274745 -0.0410437 0.403593 1.08119 0.659058 0.856438 3.61092 4.74942 10.2668 0.339029 0.557888 1.06081 2.77869
internal_weight=0 7.31985e+06 94288 93159 25301 7.22556e+06 1.74143e+06 452123 232698 186146 46552 29453 22620 173879 6833 83686 2016 90193 219425 19333 12267 25044 19847 793 679 124 81670 39508 11633 1690
internal_count=7321633 7319847 94288 93159 25301 7225559 1741430 452123 232698 186146 46552 29453 22620 173879 6833 83686 2016 90193 219425 19333 12267 25044 19847 793 679 124 81670 39508 11633 1690
is_linear=0
shrinkage=0.1


Tree=33
num_leaves=31
num_cat=0
split_feature=11 14 24 0 19 14 0 25 26 3 3 17 11 21 21 14 8 12 13 15 11 18 5 11 22 26 12 14 15 0
split_gain=1.25732e+06 716757 699493 522741 467770 710966 1.25418e+06 1.27207e+06 936347 845755 527243 422040 416177 792030 951317 1.46386e+06 1.37048e+06 830103 571620 529464 964784 674030 523243 491305 442297 523518 426540 416558 626440 683221
threshold=39.961155172413804 300.30000000000007 70.000000000000014 18.500000000000004 1.0000000180025095e-35 751.73500000000013 4.5000000000000009 3.5000000000000004 0.025000000000000005 9.31735420335872 9.6424795419193412 0.015000000000000001 1.1016087439865143 0.85140067531331509 16.460509296098724 122.90000000000002 711.00000000000011 8.0925000000000029 0.95500000000000007 0.81965186257664435 6.9857524038461554 64.200000000000017 1.0000000180025095e-35 21.984252873563221 4.541972752559345 5.0250000000000012 0.83250000000000013 325.42000000000002 1.7837480407523512 20.500000000000004
decision_type=2 2 2 2 2 2 2 2 2 2 2 2 2 2 2 2 2 2 2 2 2 2 2 2 2 2 2 2 2 2
left_child=12 -2 -3 4 5 -4 10 8 9 -8 -7 -6 -1 -14 15 -15 17 18 -17 20 -18 -22 24 26 25 -16 -21 -26 29 -29
right_child=1 2 3 -5 11 6 7 -9 -10 -11 -12 -13 13 14 22 16 19 -19 -20 23 21 -23 -24 -25 27 -27 -28 28 -30 -31
leaf_value=-0.035764272068455255 0.23869969957450754 -0.1804859157750866 1.9836966248697447 0.20076105426721111 5.5262600648653724 2.1719400155891493 26.423943299949169 24.590118780343431 3.7401209057774398 7.455109972637473 -10.704653515504754 1.137756274391313 -0.0076867507503949675 0.11751629164416211 0.067082940022877346 1.3539113491544175 0.42629094023400421 -0.30064325339056802 2.9055897098468346 0.75482429048566768 1.7519296338766148 7.2095231784700857 -0.12763553689923129 2.3845317732084892 0.25188432178469011 -0.39026452678217782 -0.30323217684883663 12.269990899311294 -2.9733733000074114 -5.0006313085556036
leaf_weight=2642889 54805 4004 2116 3140 226 103 40 46 256 57 46 7219 3616020 429853 156654 11541 31270 2497 2989 4811 3709 241 206218 836 91736 29788 18315 109 70 29
leaf_count=2642889 54805 4004 2116 3140 226 103 40 46 256 57 46 7219 3616020 429853 156654 11541 31270 2497 2989 4811 3709 241 206218 836 91736 29788 18315 109 70 29
internal_value=0 0.415656 0.977768 1.32781 1.67788 2.81506 6.0252 8.94866 6.9104 15.2773 -1.80338 1.27097 -0.00413147 0.0140165 0.0932353 0.189129 0.593058 1.38366 1.67311 0.365597 0.612309 2.08491 -0.00690461 0.00297266 0.0825284 -0.00598786 -0.0831202 0.26202 4.73209 8.64066
internal_weight=0 72058 17253 13249 10109 2664 548 399 353 97 149 7445 7.24958e+06 4.60669e+06 990666 506062 76209 17027 14530 59182 35220 3950 484604 23962 278386 186442 23126 91944 208 138
internal_count=7321633 72058 17253 13249 10109 2664 548 399 353 97 149 7445 7249575 4606686 990666 506062 76209 17027 14530 59182 35220 3950 484604 23962 278386 186442 23126 91944 208 138
is_linear=0
shrinkage=0.1


Tree=34
num_leaves=31
num_cat=0
split_feature=26 11 24 13 21 13 21 14 15 12 14 13 14 12 14 26 3 12 2 8 18 22 14 16 13 0 17 8 16 2
split_gain=1.16204e+06 870536 886894 1.49624e+06 715749 647278 498114 485440 512273 426267 551106 379480 361715 355531 346630 423685 392247 352382 394083 531797 400965 342441 334586 327320 326168 308190 305830 286301 621449 519304
threshold=86.485000000000014 15.949366438356167 400.00000000000006 3.1850000000000005 16.460509296098724 202.99500000000003 28.872821175412202 158.11500000000004 1.3456173533083648 62.007500000000007 405.02000000000004 0.77500000000000013 405.02000000000004 90.50500000000001 276.74500000000006 0.025000000000000005 2.1503649056005081 200.10000000000002 27.500000000000004 2976.0000000000005 3.5650000000000004 4.541972752559345 201.28500000000003 84.570000000000007 0.025000000000000005 5.5000000000000009 0.045000000000000005 55.500000000000007 11.135000000000002 27.500000000000004
decision_type=2 2 2 2 2 2 2 2 2 2 2 2 2 2 2 2 2 2 2 2 2 2 2 2 2 2 2 2 2 2
left_child=1 -1 13 4 7 6 -5 -4 11 10 -8 -9 -13 -3 21 24 -17 18 20 25 -18 -6 -23 27 -16 -20 -2 -7 -29 -30
right_child=26 2 3 5 14 23 9 8 -10 -11 -12 12 -14 -15 15 16 17 -19 19 -21 -22 22 -24 -25 -26 -27 -28 28 29 -31
leaf_value=-0.0073618913808357238 3.7171901512804943 -0.030790124989419954 0.73153814088402791 -0.10011918945597727 0.19133106823735205 4.3096166002814487 0.21423074229303649 2.2542573851665049 1.3186851696320419 0.91469243118773458 -3.4450642159230989 4.2891776987715478 12.424438172679837 -2.1273708256702029 -6.8376507954719745 8.0382382738590241 -8.6559686292301521 2.8945539069192341 -2.5999544673393937 -3.6094916002326638 0.96686023865625959 0.65838217602212856 2.3117791998034343 9.4891539138933965 2.3801556505241503 2.2292757412241548 1.0827962260179966 -2.9593916539796861 2.2766084295896749 16.132595017038543
leaf_weight=7050565 995 106755 6130 62929 23274 372 31587 1724 4622 9994 417 742 59 815 39 70 44 538 195 557 2727 10700 1382 63 2443 410 791 263 402 29
leaf_count=7050565 995 106755 6130 62929 23274 372 31587 1724 4622 9994 417 742 59 815 39 70 44 538 195 557 2727 10700 1382 63 2443 410 791 263 402 29
internal_value=0 -0.000622294 0.175839 0.323855 0.74375 0.103503 0.0778765 1.38444 1.94444 0.344582 0.166552 3.08988 4.8884 -0.0466748 0.543026 1.18472 0.61049 0.494198 0.165851 -1.37993 0.814062 0.415562 0.847506 2.48513 2.23532 0.672747 2.55045 2.0712 0.871357 3.20891
internal_weight=0 7.31985e+06 269282 161712 55656 106056 104927 13277 7147 41998 32004 2525 801 107570 42379 7023 4541 4471 3933 1162 2771 35356 12082 1129 2482 605 1786 1066 694 431
internal_count=7321633 7319847 269282 161712 55656 106056 104927 13277 7147 41998 32004 2525 801 107570 42379 7023 4541 4471 3933 1162 2771 35356 12082 1129 2482 605 1786 1066 694 431
is_linear=0
shrinkage=0.1


Tree=35
num_leaves=31
num_cat=0
split_feature=26 11 24 13 21 13 14 15 21 14 13 1 18 0 26 3 2 18 16 11 21 12 8 12 15 22 14 16 3 25
split_gain=941249 705134 718384 1.21195e+06 579757 551921 393207 418605 347651 519435 727589 523402 648450 549296 2.77644e+06 656900 496637 340363 311483 292075 334155 380739 288875 287980 287772 416013 406716 439941 357928 326327
threshold=86.485000000000014 15.949366438356167 400.00000000000006 3.1850000000000005 16.460509296098724 118.00000000000001 158.11500000000004 1.4595326086956524 28.872821175412202 751.73500000000013 19.945000000000004 -24.499999999999996 147.99500000000003 14.500000000000002 33.435000000000009 13.172733361620265 27.500000000000004 93.940000000000012 84.570000000000007 97.595652173913066 33.883288290323883 90.50500000000001 165.50000000000003 90.50500000000001 1.4030475065616801 4.541972752559345 168.34000000000003 1.0025000000000002 3.2436894560357681 3.5000000000000004
decision_type=2 2 2 2 2 2 2 2 2 2 2 2 2 2 2 2 2 2 2 2 2 2 2 2 2 2 2 2 2 2
left_child=1 -1 23 4 6 8 -4 17 9 -5 16 12 -12 14 -13 -15 -11 -8 -7 24 22 -22 -21 -3 26 29 -6 28 -28 -26
right_child=-2 2 3 5 19 18 7 -9 -10 10 11 13 -14 15 -16 -17 -18 -19 -20 20 21 -23 -24 -25 25 -27 27 -29 -30 -31
leaf_value=-0.006625702329566322 2.2954011389720779 -0.027711112652863086 0.65838432799742064 -0.12750025218136302 0.34628345647352871 1.0815028740027559 2.4877590167926478 1.1373968558526864 0.2724283775785486 18.385863543529901 -19.234953996409544 0.95000479532324755 -0.010930450542553052 3.7874427511336957 39.794994188391648 -17.850862169265749 1.2870665586911716 8.2914427555175063 7.9021342681611291 1.8461176705760085 10.219852509498597 2.5020012666406872 0.045944210169825819 -1.9146337406620657 0.11138424737880373 0.72941326347570223 8.2814840303191666 -8.7967689141994576 1.4941242568091322 -1.0649450516349646
leaf_weight=7050565 1786 106755 6130 60702 7683 4358 2686 4356 40574 49 23 92 74 47 23 20 26 105 68 1894 80 318 1684 815 13269 9759 79 41 4704 2868
leaf_count=7050565 1786 106755 6130 60702 7683 4358 2686 4356 40574 49 23 92 74 47 23 20 26 105 68 1894 80 318 1684 815 13269 9759 79 41 4704 2868
internal_value=0 -0.000560064 0.158256 0.291469 0.669375 0.0931523 1.246 1.75 0.0455459 -0.105226 3.71423 1.36367 -4.5692 4.5257 8.719 -2.67175 12.4583 2.7061 1.18629 0.488723 1.30461 4.05333 0.998859 -0.0420073 0.404251 0.214011 0.798147 1.51781 1.60623 -0.0976826
internal_weight=0 7.31985e+06 269282 161712 55656 106056 13277 7147 101630 61056 354 279 97 182 115 67 75 2791 4426 42379 3976 398 3578 107570 38403 25896 12507 4824 4783 16137
internal_count=7321633 7319847 269282 161712 55656 106056 13277 7147 101630 61056 354 279 97 182 115 67 75 2791 4426 42379 3976 398 3578 107570 38403 25896 12507 4824 4783 16137
is_linear=0
shrinkage=0.1


Tree=36
num_leaves=31
num_cat=0
split_feature=26 11 6 8 14 0 18 8 18 13 26 7 19 0 3 1 0 12 14 12 13 15 14 2 8 8 14 8 13 16
split_gain=762412 598328 413999 648606 1.03184e+06 702002 756791 682100 542867 948207 1.46153e+06 537437 529288 1.10105e+06 405790 458792 420745 397969 385030 398967 466467 628649 361904 419073 325243 472519 316735 314381 296086 295171
threshold=86.485000000000014 28.835726227795195 1.0000000180025095e-35 174.50000000000003 541.41500000000008 20.500000000000004 83.420000000000016 116.50000000000001 42.785000000000004 156.215 19.960000000000004 457568.00000000006 1.0000000180025095e-35 13.500000000000002 13.927599199259866 -26.499999999999996 15.500000000000002 3.0825000000000005 250.17500000000004 1.3425000000000005 0.54500000000000015 10.066381131341933 405.02000000000004 27.500000000000004 5.5000000000000009 9.5000000000000018 509.5750000000001 108.50000000000001 0.025000000000000005 1.5150000000000003
decision_type=2 2 2 2 2 2 2 2 2 2 2 2 2 2 2 2 2 2 2 2 2 2 2 2 2 2 2 2 2 2
left_child=1 28 -3 4 18 6 7 8 24 10 -10 -7 13 -8 15 -14 -16 22 -4 -20 -21 -22 -5 -24 -6 -26 -23 -17 -1 -30
right_child=-2 2 3 17 5 11 12 -9 9 -11 -12 -13 14 -15 16 27 -18 -19 19 20 21 26 23 -25 25 -27 -28 -29 29 -31
leaf_value=-0.024743589996968178 2.0658610060338214 0.044314155381641435 0.44360079268770536 0.72905599860349934 13.669342377606561 -16.266457466457201 21.443971542517346 15.616285079799287 36.010423929937957 -1.7712688931103413 3.3592027590825007 -0.099479800401274687 -12.692279068401882 -2.9608625426104194 14.048921636740367 -2.3776966274648474 -1.5834920029748571 -0.13771401774741826 6.4264620376786885 -1.5676106844496775 2.9432535875093535 0.67706131569019201 5.9907160368561749 -3.2826994740356832 -9.5638343224158664 4.2850485268679073 -4.9980722963809967 5.7908667017201907 0.01989837340300946 -0.18192026149759394
leaf_weight=3547490 1786 61849 28823 1376 34 23 36 73 29 29 26 194 35 38 36 207 33 19839 155 513 1881 1808 280 59 26 470 104 61 3580354 73966
leaf_count=3547490 1786 61849 28823 1376 34 23 36 73 29 29 26 194 35 38 36 207 33 19839 155 513 1881 1808 280 59 26 470 104 61 3580354 73966
internal_value=0 -0.000504058 0.222817 0.419305 0.687334 3.39757 4.39553 6.47792 5.39144 12.8604 20.5753 -1.81303 1.18791 8.91176 -0.34856 -1.92465 6.57255 -0.0113764 0.577407 1.44194 1.26252 1.64529 1.45009 4.37676 4.20768 3.5591 0.368372 -0.518434 -0.00416428 0.0158134
internal_weight=0 7.31985e+06 118037 56188 34634 1350 1133 687 614 84 55 217 446 74 372 303 69 21554 33284 4461 4306 3793 1715 339 530 496 1912 268 7.20181e+06 3.65432e+06
internal_count=7321633 7319847 118037 56188 34634 1350 1133 687 614 84 55 217 446 74 372 303 69 21554 33284 4461 4306 3793 1715 339 530 496 1912 268 7201810 3654320
is_linear=0
shrinkage=0.1


Tree=37
num_leaves=31
num_cat=0
split_feature=26 11 24 13 21 13 14 13 14 15 14 18 21 14 26 0 14 10 12 0 21 18 18 18 8 16 8 8 26 3
split_gain=657240 456830 510034 939504 453099 406357 310154 353792 629339 280193 333556 318042 277284 382866 700088 308444 281089 523151 319144 250964 312651 837428 706695 384278 355039 464167 366741 495325 425079 708708
threshold=40.945000000000007 15.949366438356167 400.00000000000006 3.1850000000000005 16.460509296098724 118.00000000000001 158.11500000000004 0.8650000000000001 405.02000000000004 1.3456173533083648 470.11500000000007 49.685000000000009 28.872821175412202 751.73500000000013 0.025000000000000005 3.5000000000000004 541.41500000000008 1.0000000180025095e-35 327.12750000000005 22.500000000000004 32.102631101271896 46.900000000000013 31.650000000000002 42.785000000000004 124.50000000000001 4.3825000000000012 60.500000000000007 50.500000000000007 0.025000000000000005 9.9670154024992748
decision_type=2 2 2 2 2 2 2 2 2 2 2 2 2 2 2 2 2 2 2 2 2 2 2 2 2 2 2 2 2 2
left_child=1 -1 -3 4 6 12 -4 9 -9 11 -11 -8 13 16 15 -15 18 -18 -5 20 24 22 -22 -24 26 -26 27 -7 29 -28
right_child=-2 2 3 5 -6 19 7 8 -10 10 -12 -13 -14 14 -16 -17 17 -19 -20 -21 21 -23 23 -25 25 -27 28 -29 -30 -31
leaf_value=-0.0057554889005538602 0.99116404602459607 -0.040078427673190128 0.58859254247961013 -0.10510294560280414 0.42124152095660145 0.30097022590766415 1.7114832317649182 2.1373093675403232 8.4977194320520706 0.84451064416063781 -2.5226725074225631 7.6238587984194357 0.2320595450165274 -0.98836254775524146 -1.8840734785574456 9.9469057188894521 -13.076117084337319 -1.3309766202061266 -10.094404095411301 -2.5371988302854067 2.660603762863782 -0.070161898548181584 7.7862309778962189 21.130614129702252 12.599163267829203 1.8268914470618425 16.186906383832294 10.705650198956331 -3.9475576704872655 -2.1070235565304758
leaf_weight=7049450 6684 107567 6026 59602 41107 978 1741 1957 169 2270 338 96 40256 32 135 133 46 216 32 182 580 758 214 24 44 440 30 48 406 72
leaf_count=7049450 6684 107567 6026 59602 41107 978 1741 1957 169 2270 338 96 40256 32 135 133 46 216 32 182 580 758 214 24 44 440 30 48 406 72
internal_value=0 -0.000905672 0.127865 0.242251 0.582035 0.0671757 1.10674 1.58192 2.64291 1.07446 0.40812 2.02046 0.0288933 -0.106974 3.45654 7.82613 -0.124822 -3.3931 -0.110463 1.08559 1.26905 2.32446 4.54345 9.13188 0.444801 2.80619 -0.300252 0.787739 -2.49765 3.27354
internal_weight=0 7.31495e+06 265499 157932 53704 104228 12597 6571 2126 4445 2608 1837 100452 60196 300 165 59896 262 59634 3776 3594 1576 818 238 2018 484 1534 1026 508 102
internal_count=7321633 7314949 265499 157932 53704 104228 12597 6571 2126 4445 2608 1837 100452 60196 300 165 59896 262 59634 3776 3594 1576 818 238 2018 484 1534 1026 508 102
is_linear=0
shrinkage=0.1


Tree=38
num_leaves=31
num_cat=0
split_feature=26 13 13 10 24 13 14 15 13 13 17 14 8 26 8 14 14 13 0 0 8 14 0 14 2 3 12 15 21 18
split_gain=553466 448531 372122 339631 703743 1.05346e+06 1.34769e+06 676061 563610 529761 463309 422922 379199 334425 334198 334078 311448 347415 308101 285369 384396 285113 435578 284400 391812 274170 272310 271521 322310 316156
threshold=86.485000000000014 0.30500000000000005 202.99500000000003 1.0000000180025095e-35 205.00000000000003 2.0550000000000002 206.62500000000003 1.3456173533083648 0.85500000000000009 0.49500000000000005 0.025000000000000005 300.30000000000007 2208.5000000000005 0.025000000000000005 24.500000000000004 366.89500000000004 143.31500000000003 0.88500000000000012 1.0000000180025095e-35 2.5000000000000004 101.50000000000001 751.73500000000013 14.500000000000002 366.89500000000004 26.500000000000004 11.975017341671292 5.0025000000000004 0.98538619616592793 23.266330780877443 183.14000000000001
decision_type=2 2 2 2 2 2 2 2 2 2 2 2 2 2 2 2 2 2 2 2 2 2 2 2 2 2 2 2 2 2
left_child=1 -1 3 -3 -5 6 10 9 23 12 -6 -11 -8 -14 21 -10 -12 -18 -13 20 -17 -7 -23 24 -9 -21 -16 -2 -29 -30
right_child=27 2 -4 4 5 14 7 8 15 11 16 18 13 -15 26 19 17 -19 -20 25 -22 22 -24 -25 -26 -27 -28 28 29 -31
leaf_value=-0.010010271850985112 10.888689234852791 -0.043766007359340824 1.8779511089658609 0.035907800931086233 0.20628321627802895 0.51707894701548596 0.68486485942900055 2.2246788955114933 1.273529327234503 2.6450233484567542 0.54838526882927863 -2.4384453995925628 10.700260450325761 2.4498488820744542 1.7484345022440317 18.054288558165233 0.97643538464496238 3.005921074757262 6.6012375918786921 2.1060760917953956 5.0533238671957816 -14.576469519830519 2.9745805373558634 -1.2470466396502187 -0.16158259427521654 9.896603417515756 -0.075579108490131927 0.36364015512121939 0.18822473108330195 4.4644057956432279
leaf_weight=6366188 32 232296 1129 529245 63295 13129 2449 980 2037 1979 16302 41 51 1340 827 30 3318 1131 469 468 94 31 26 1204 2310 50 79428 962 255 537
leaf_count=6366188 32 232296 1129 529245 63295 13129 2449 980 2037 1979 16302 41 51 1340 827 30 3318 1131 469 468 94 31 26 1204 2310 50 79428 962 255 537
internal_value=0 -0.000429468 0.0635276 0.061377 0.0952886 0.259837 0.489698 1.41705 0.752374 2.17037 0.340718 3.30675 1.43379 2.75234 0.0198741 1.90045 0.750773 1.49236 5.87452 3.88959 8.19872 0.48644 -6.57073 0.0679763 0.549219 2.85806 -0.0567833 1.76016 1.59362 3.08761
internal_weight=0 7.31985e+06 953659 952530 720234 190989 97548 13502 7173 6329 84046 2489 3840 1391 93441 2679 20751 4449 510 642 124 13186 57 4494 3290 518 80255 1786 1754 792
internal_count=7321633 7319847 953659 952530 720234 190989 97548 13502 7173 6329 84046 2489 3840 1391 93441 2679 20751 4449 510 642 124 13186 57 4494 3290 518 80255 1786 1754 792
is_linear=0
shrinkage=0.1


Tree=39
num_leaves=31
num_cat=0
split_feature=12 21 14 26 12 14 8 11 21 12 11 15 18 21 11 15 14 13 18 10 26 11 14 16 14 21 14 18 11 3
split_gain=456647 406606 422901 326129 307570 273890 309406 259352 463277 742899 957565 448067 690436 394988 563906 1.01785e+06 644516 843121 445467 408868 329903 304352 363681 332595 297035 380043 316513 304228 292899 267817
threshold=51.042500000000011 28.872821175412202 541.41500000000008 33.435000000000009 171.39000000000001 470.11500000000007 101.50000000000001 0.8190098227322643 0.85140067531331509 0.96250000000000024 3.8571709969148871 1.2799144345238098 35.705000000000005 14.78430661152403 5.137612136577407 1.1784247076023393 196.99000000000004 0.48500000000000004 85.175000000000011 1.0000000180025095e-35 3.5950000000000002 14.572858851674644 366.89500000000004 1.7625000000000004 113.16500000000001 14.222470423884381 150.04000000000005 147.99500000000003 9.2011025993237556 13.593543554312401
decision_type=2 2 2 2 2 2 2 2 2 2 2 2 2 2 2 2 2 2 2 2 2 2 2 2 2 2 2 2 2 2
left_child=3 -2 -3 7 -4 -5 -7 -1 20 10 -10 12 -12 14 18 16 -16 -18 -11 -19 -9 22 -17 -23 -14 -26 -27 -28 -15 -13
right_child=1 2 4 5 -6 6 -8 8 9 13 11 29 24 28 15 21 17 19 -20 -21 -22 23 -24 -25 25 26 27 -29 -30 -31
leaf_value=-0.032732805008294799 0.10384538838939111 0.52805541925330679 10.621528048631623 0.62516665961364415 1.8768157531038794 10.691171767351763 2.2521672332187905 -0.0056990466532301108 0.095754632976108978 -0.014763151025043671 0.5093572525068274 -0.20563127441925563 -0.76101007083315031 -0.18693961233514692 0.37270274949694038 -0.18476782943168654 0.66563066246644231 -3.2162860327818268 -1.811535885290062 2.5444039845292319 -1.4441559163006872 0.74646942380214298 -3.3728684089460423 -0.027030602224973017 1.1405275894156286 1.2173792239907197 4.3245664716622683 -1.7594234440814365 0.0099722644449811906 0.58708304410014789
leaf_weight=2039234 28748 12615 41 4596 2117 53 241 4107746 454492 188818 55293 13011 418 154946 29564 30942 9066 127 1390 4125 1595 8676 362 15473 2233 640 1245 88 147400 6338
leaf_count=2039234 28748 12615 41 4596 2117 53 241 4107746 454492 188818 55293 13011 418 154946 29564 30942 9066 127 1390 4125 1595 8676 362 15473 2233 640 1245 88 147400 6338
internal_value=0 0.322958 0.749348 -0.0019312 2.04296 0.814452 3.77348 -0.00248008 0.00930681 0.0661767 0.151691 0.472415 0.607523 -0.0110694 0.072623 0.267051 0.632909 1.21053 -0.0278936 2.37234 -0.00625737 -0.0158682 -0.221635 0.250864 1.78137 2.03404 3.0453 3.92292 -0.090941 0.0540319
internal_weight=0 43521 14773 7.27811e+06 2158 4890 294 7.27322e+06 5.23399e+06 1.12465e+06 533758 79266 59917 590889 288543 98335 42882 13318 190208 4252 4.10934e+06 55453 31304 24149 4624 4206 1973 1333 302346 19349
internal_count=7321633 43521 14773 7278112 2158 4890 294 7273222 5233988 1124647 533758 79266 59917 590889 288543 98335 42882 13318 190208 4252 4109341 55453 31304 24149 4624 4206 1973 1333 302346 19349
is_linear=0
shrinkage=0.1


Tree=40
num_leaves=31
num_cat=0
split_feature=26 13 10 21 16 18 14 17 14 8 1 21 21 18 8 12 17 14 14 26 17 3 14 21 7 5 0 26 14 18
split_gain=406620 339802 279037 549743 767652 695901 577014 507077 597547 475475 447741 556137 469428 484904 434865 409316 402521 364861 358786 340477 333630 324343 850364 514485 311776 311354 288912 281622 558690 385748
threshold=86.485000000000014 0.31500000000000006 1.0000000180025095e-35 2.8599439912788571 0.71250000000000013 21.285000000000004 509.5750000000001 0.025000000000000005 751.73500000000013 5.5000000000000009 -25.499999999999996 16.460509296098724 33.883288290323883 49.685000000000009 40.500000000000007 200.10000000000002 0.015000000000000001 286.27500000000003 246.57500000000002 0.025000000000000005 0.025000000000000005 9.3746486722232998 541.41500000000008 32.102631101271896 19197.000000000004 1.0000000180025095e-35 6.5000000000000009 26.060000000000006 751.73500000000013 49.685000000000009
decision_type=2 2 2 2 2 2 2 2 2 2 2 2 2 2 2 2 2 2 2 2 2 2 2 2 2 2 2 2 2 2
left_child=1 -1 -3 -4 5 15 14 17 18 -8 12 -12 16 -14 -6 20 -11 -7 -9 21 -5 22 23 -19 -21 -13 -26 29 -29 -18
right_child=-2 2 3 4 6 7 9 8 -10 10 11 25 13 -15 -16 -17 27 19 -20 24 -22 -23 -24 -25 26 -27 -28 28 -30 -31
leaf_value=-0.0085710041037486539 1.5086917365599772 -0.039747221248682157 0.033638181149461065 0.18389679921336366 0.42592487416529218 0.39453292013743479 10.38080843062628 1.3616060922070126 18.319639730453492 10.810864846905073 -7.3094327431458694 4.858944383512612 19.640695054190502 1.4784544650389224 -0.14064694493745006 -2.8744871685313047 -3.7096660377085211 5.3278702640780402 3.7969065802991793 -5.2768104967195546 0.70716801734695567 1.9713197648589689 19.11555516312762 -9.2546005606651303 0.10189834569889487 1.2501785217580341 1.6373186268521154 -1.69832905062129 -15.271413388459578 3.1933249885545059
leaf_weight=6393175 1786 228313 509786 62556 17009 14528 63 3398 22 24 52 555 21 49 66558 412 200 178 736 80 15132 1156 41 28 2061 420 3023 89 46 136
leaf_count=6393175 1786 228313 509786 62556 17009 14528 63 3398 22 24 52 555 21 49 66558 412 200 178 736 80 15132 1156 41 28 2061 420 3023 89 46 136
internal_value=0 -0.000368112 0.0562242 0.0875999 0.23348 0.416694 0.0112899 0.873049 1.88265 1.86029 1.5231 2.76699 -0.737907 6.92713 -0.0253285 0.269148 -1.82185 0.674144 1.79518 1.29272 0.285819 2.67414 5.96344 3.34579 0.917405 3.3044 1.01488 -2.46556 -6.32323 -0.915598
internal_weight=0 7.31985e+06 926672 698359 188573 103351 85222 25251 4156 1655 1592 1027 565 70 83567 78100 495 21095 4134 6567 77688 1403 247 206 5164 975 5084 471 135 336
internal_count=7321633 7319847 926672 698359 188573 103351 85222 25251 4156 1655 1592 1027 565 70 83567 78100 495 21095 4134 6567 77688 1403 247 206 5164 975 5084 471 135 336
is_linear=0
shrinkage=0.1


Tree=41
num_leaves=31
num_cat=0
split_feature=26 6 11 12 8 15 18 14 15 12 11 12 14 14 3 7 15 14 8 18 2 18 14 14 8 7 21 11 14 12
split_gain=329362 304331 704040 1.19295e+06 682013 671559 1.0872e+06 549381 596316 495041 446646 429986 424369 404243 384495 360828 498684 298942 377493 296655 299822 556260 543040 308705 323624 291492 332017 307373 612122 350552
threshold=86.485000000000014 1.0000000180025095e-35 6.4294398404523116 3.3625000000000003 227.50000000000003 1.1784247076023393 44.240000000000009 286.27500000000003 0.94303353658536593 78.065000000000012 39.961155172413804 1.2425000000000004 509.5750000000001 206.09500000000003 12.953987588301315 1919260.5000000002 5.4919345238095243 248.75000000000003 65.500000000000014 147.99500000000003 27.500000000000004 64.200000000000017 405.02000000000004 158.11500000000004 3278.5000000000005 1919260.5000000002 25.921826227355329 13.125339285714288 214.71500000000003 1.2075000000000002
decision_type=2 2 2 2 2 2 2 2 2 2 2 2 2 2 2 2 2 2 2 2 2 2 2 2 2 2 2 2 2 2
left_child=1 -1 -3 5 9 6 25 11 -9 17 19 -8 -12 -6 -15 16 -14 -5 -19 20 21 -7 -22 -23 -25 26 -4 -27 -29 -30
right_child=-2 2 3 4 13 10 7 8 -10 -11 12 -13 15 14 -16 -17 -18 18 -20 -21 22 23 -24 24 -26 27 -28 28 29 -31
leaf_value=-0.0077066345611848316 1.3578225596800597 0.0055870998788048075 1.0654472303244706 0.18577272538103284 -0.05903705410051651 0.20794779784513584 4.0260514309898729 4.4320045207227983 14.340960998968647 0.85086318975226749 1.492467219230365 0.22890883745796389 24.208633416631947 -0.43561034834928486 -1.9476986140202663 0.69085731610007917 6.5759837411484625 1.6292730042880235 -2.810878980176863 -1.5962784359457742 -0.20260986768796699 -0.61378087876422915 -5.0978137792414255 2.9612824905087689 0.48021366191830595 0.84416568407338188 0.10709587744825524 0.69805600354261654 1.9249885021762125 4.8271178344045627
leaf_weight=6472966 1786 648354 6368 64197 55019 17487 819 196 88 12317 1207 469 23 8624 2089 46 53 264 697 906 5172 479 237 1639 774 7543 8362 1787 840 825
leaf_count=6472966 1786 648354 6368 64197 55019 17487 819 196 88 12317 1207 469 23 8624 2089 46 53 264 697 906 5172 479 237 1639 774 7543 8362 1787 840 825
internal_value=0 -0.000331301 0.0560406 0.220813 0.0684567 0.615217 0.968238 3.52123 7.50239 0.269469 0.271342 2.6434 2.06058 -0.168466 -0.730463 7.68119 11.9122 0.159566 -1.59111 0.182262 0.244747 0.420414 -0.417097 1.70513 2.16545 0.812231 0.521406 1.20185 1.98343 3.36298
internal_weight=0 7.31985e+06 846881 198527 143207 55320 27297 1572 284 77475 28023 1288 1329 65732 10713 122 76 65158 961 26694 25788 20379 5409 2892 2413 25725 14730 10995 3452 1665
internal_count=7321633 7319847 846881 198527 143207 55320 27297 1572 284 77475 28023 1288 1329 65732 10713 122 76 65158 961 26694 25788 20379 5409 2892 2413 25725 14730 10995 3452 1665
is_linear=0
shrinkage=0.1


Tree=42
num_leaves=31
num_cat=0
split_feature=13 26 13 15 5 16 14 2 7 8 8 1 3 21 0 16 26 17 14 8 13 8 14 14 13 14 8 1 18 14
split_gain=274055 292308 225158 244364 410794 539066 327625 324757 352872 225083 299122 257799 382070 286570 260048 222555 431243 372940 416972 268442 262394 249878 279903 237703 205168 244009 200928 215208 287467 287484
threshold=0.31500000000000006 86.485000000000014 202.99500000000003 6.8370836019772199 1.0000000180025095e-35 0.027500000000000004 751.73500000000013 27.500000000000004 1919260.5000000002 108.50000000000001 65.500000000000014 -24.499999999999996 11.069204980842914 32.102631101271896 20.500000000000004 0.75750000000000017 6.205000000000001 0.025000000000000005 210.87500000000003 40.500000000000007 128.35500000000005 76.500000000000014 145.51500000000001 541.41500000000008 118.00000000000001 751.73500000000013 376.50000000000006 -22.499999999999996 183.14000000000001 751.73500000000013
decision_type=2 2 2 2 2 2 2 2 2 2 2 2 2 2 2 2 2 2 2 2 2 2 2 2 2 2 2 2 2 2
left_child=-1 2 15 4 5 -4 -6 9 -9 10 -5 12 14 -13 -11 16 -2 20 -19 -17 21 22 -18 -20 25 -23 27 -3 -29 -30
right_child=1 26 3 7 6 -7 -8 8 -10 11 -12 13 -14 -15 -16 19 17 18 23 -21 -22 24 -24 -25 -26 -27 -28 28 29 -31
leaf_value=-0.0073713382086496894 0.054159761862460867 0.3546761858420886 12.439927417523153 1.5015885742929762 0.26148891846338906 -1.4080878860930093 -11.467705384817991 0.19892839814225835 11.096398529028281 0.063036598408058905 -4.5912536833264417 3.2782667844682125 9.9983934336695182 11.623228877050835 -11.423356999291315 0.16187272895129201 0.4748544339595957 0.74080342658598086 2.6424398294898737 -0.13106552295991555 -5.839421240796506 0.10135955393341299 2.3157641742558304 12.511486187934876 5.453362984724448 -3.7965759765954665 5.1012951019881427 -0.22878983675089098 3.048804397201538 11.290042853355409
leaf_weight=6393517 727380 984 37 309 42 117 55 48 78 73 109 148 29 57 27 41722 3459 6987 1026 125018 71 18537 1085 25 71 162 138 133 125 64
leaf_count=6393517 727380 984 37 309 42 117 55 48 78 73 109 148 29 57 27 41722 3459 6987 1026 125018 71 18537 1085 25 71 162 138 133 125 64
internal_value=0 0.050779 0.0485636 1.45991 -1.29167 1.91903 -6.38909 2.24652 6.94498 1.45928 -0.0872148 3.39471 -0.107562 5.59857 -3.03829 0.046842 0.0698287 0.432533 1.02014 -0.057766 0.230557 0.249042 0.91442 2.87719 0.0879619 0.0675895 1.47245 1.089 3.33303 5.83949
internal_weight=0 928116 926672 1129 251 154 97 878 126 752 418 334 129 205 100 925543 758803 31423 8038 166740 23385 23314 4544 1051 18770 18699 1444 1306 322 189
internal_count=7321633 928116 926672 1129 251 154 97 878 126 752 418 334 129 205 100 925543 758803 31423 8038 166740 23385 23314 4544 1051 18770 18699 1444 1306 322 189
is_linear=0
shrinkage=0.1


Tree=43
num_leaves=31
num_cat=0
split_feature=6 11 12 14 8 8 14 18 21 12 13 12 3 3 18 11 14 10 15 14 12 8 0 15 14 14 13 8 1 8
split_gain=253997 587014 945623 677577 891556 514398 538981 500051 438061 406763 443470 497725 393608 739707 490587 541293 392312 391491 367105 421340 394530 366933 344878 342853 507250 305169 478353 363556 290099 287101
threshold=1.0000000180025095e-35 6.4294398404523116 1.2425000000000004 366.89500000000004 5341.5000000000009 227.50000000000003 250.17500000000004 183.14000000000001 25.921826227355329 1.3425000000000005 0.6150000000000001 1.9825000000000002 10.825949615444985 11.111784307915981 44.240000000000009 33.912511961722494 405.02000000000004 1.0000000180025095e-35 1.1784247076023393 751.73500000000013 200.10000000000002 319.50000000000006 18.500000000000004 0.086948627394346792 250.17500000000004 216.98500000000004 0.22500000000000003 782.50000000000011 -22.499999999999996 7224.0000000000009
decision_type=2 2 2 2 2 2 2 2 2 2 2 2 2 2 2 2 2 2 2 2 2 2 2 2 2 2 2 2 2 2
left_child=-1 -2 3 7 21 6 -4 8 29 -8 -11 -12 14 -14 15 -13 -17 -15 19 20 25 -5 -19 24 -10 -7 -27 -28 -6 -3
right_child=1 2 5 4 28 18 9 -9 23 10 11 12 13 17 -16 16 -18 22 -20 -21 -22 -23 -24 -25 -26 26 27 -29 -30 -31
leaf_value=-0.006742297455623672 0.0052650193398112747 1.0103350060159011 0.19749427203724981 5.9942001440356272 20.232165298461915 0.25289858584533204 6.7135757704102801 -3.4651088482668615 0.76283651348102122 -1.2433667919913631 5.3934859223503011 -3.8934782586559176 6.3156154467558565 -0.65417817834536451 -0.99444087710634865 1.1784139064273664 5.2415092532236214 2.8405078480040729 -0.20377426358195622 -2.8937100747779567 -5.1890587645252859 1.1551237831435326 0.35706899496206934 0.182137928155854 4.8288902232409141 -2.4947683612802134 0.9610805766111048 3.709239372335384 5.4817754936218268 3.127289657131322
leaf_weight=6473379 648375 11927 83960 226 40 16561 126 294 1425 798 278 155 326 767 1561 784 341 1540 58693 405 127 511 878 14751 391 268 1276 773 20 677
leaf_count=6473379 648375 11927 83960 226 40 16561 126 294 1425 798 278 155 326 767 1561 784 341 1540 58693 405 127 511 878 14751 391 268 1276 773 20 677
internal_value=0 0.0514533 0.20128 0.716226 3.59332 0.109407 0.270288 0.638403 0.679761 1.07937 0.983795 1.25186 1.0706 1.7787 0.195502 1.64667 2.40998 1.31433 -0.0790987 0.297902 0.365916 2.63902 1.93875 0.341755 1.63829 0.403286 1.4782 1.99784 15.3154 1.12404
internal_weight=0 848254 199879 30262 797 169617 91514 29465 29171 7554 7428 6630 6352 3511 2841 1280 1125 3185 78103 19410 19005 737 2418 16567 1816 18878 2317 2049 60 12604
internal_count=7321633 848254 199879 30262 797 169617 91514 29465 29171 7554 7428 6630 6352 3511 2841 1280 1125 3185 78103 19410 19005 737 2418 16567 1816 18878 2317 2049 60 12604
is_linear=0
shrinkage=0.1


Tree=44
num_leaves=31
num_cat=0
split_feature=17 13 6 14 15 8 13 14 8 14 13 12 8 23 12 14 18 8 3 3 11 25 15 21 8 1 21 16 21 13
split_gain=238172 214198 221829 389064 645662 598837 346660 432876 385251 392626 359412 294995 460304 378081 323093 412558 400426 1.01927e+06 695676 381803 326457 636758 307085 293200 295299 291319 289898 558798 377055 525316
threshold=88.230000000000004 0.055000000000000007 1.0000000180025095e-35 69.285000000000011 0.70977154413403343 95.500000000000014 202.99500000000003 751.73500000000013 4085.5000000000005 150.04000000000005 4.3350000000000009 171.39000000000001 108.50000000000001 748.00000000000011 3.7450000000000006 209.56500000000003 46.900000000000013 5341.5000000000009 12.412117686753858 12.098617176128096 24.628928571428577 3.5000000000000004 2.0798201438848927 32.102631101271896 116.50000000000001 -22.499999999999996 21.806458357887127 122.86 10.487127586999657 0.54500000000000015
decision_type=2 2 2 2 2 2 2 2 2 2 2 2 2 2 2 2 2 2 2 2 2 2 2 2 2 2 2 2 2 2
left_child=1 -1 26 -4 6 -6 7 8 9 -5 -11 14 -13 23 16 -16 20 18 22 -17 -7 -22 -18 -14 25 -25 28 -28 -3 -30
right_child=-2 2 3 4 5 11 -8 -9 -10 10 -12 12 13 -15 15 19 17 -19 -20 -21 21 -23 -24 24 -26 -27 27 -29 29 -31
leaf_value=-0.013516914905601371 8.4954766273498539 0.0072208404950541679 0.007353260891056243 0.46508416283842324 0.54974042576898929 -0.061161841029638266 9.8520267772674561 -2.2285936837448443 0.012354729588285842 1.5364824928571759 0.36089190076265942 -2.1998739937917806 0.22522907498427369 -5.0647954403029551 -0.082752392660083829 -0.42131269350739181 1.1583855984307849 13.783831783930461 2.66931300301871 -1.7841915830495019 -0.83384108622084596 3.7468331595414961 -0.32054219814384854 3.460772862828764 1.8590765841633357 12.005498246979295 -0.1586291304213569 11.970122420846632 0.087581819916335457 0.58963018242092724
leaf_weight=4516757 33 2174156 220581 19972 22718 33389 40 558 9417 8632 3722 424 1099 90 36090 7334 2226 60 1444 2856 570 649 3802 133 1635 57 102322 38 125851 24978
leaf_count=4516757 33 2174156 220581 19972 22718 33389 40 558 9417 8632 3722 424 1099 90 36090 7334 2226 60 1444 2856 570 649 3802 133 1635 57 102322 38 125851 24978
internal_value=0 -3.82909e-05 0.0216669 0.092979 0.213345 0.0900337 0.547027 0.538229 0.575214 0.739183 1.1823 -0.0236594 0.885147 1.31914 -0.0589961 -0.241402 0.14133 0.802095 0.697852 -0.803293 -0.0024771 1.60493 0.225591 1.51563 2.2927 6.02419 0.0105765 -0.154126 0.0178278 0.170723
internal_weight=0 7.3216e+06 2.80484e+06 377498 156917 114576 42341 42301 41743 32326 12354 91858 3438 3014 88420 46280 42140 7532 7472 10190 34608 1219 6028 2924 1825 190 2.42734e+06 102360 2.32498e+06 150829
internal_count=7321633 7321600 2804843 377498 156917 114576 42341 42301 41743 32326 12354 91858 3438 3014 88420 46280 42140 7532 7472 10190 34608 1219 6028 2924 1825 190 2427345 102360 2324985 150829
is_linear=0
shrinkage=0.1


Tree=45
num_leaves=31
num_cat=0
split_feature=17 11 6 12 11 15 18 25 8 8 11 14 14 13 14 8 13 14 7 11 15 21 14 22 12 18 18 26 0 8
split_gain=192920 184233 360105 312234 433372 614121 813303 601594 426685 409725 406846 385019 349701 771266 327106 320137 317010 486242 315229 303627 297063 274759 253813 251701 251117 355244 588484 490729 595832 351423
threshold=88.230000000000004 0.68080614412633322 1.0000000180025095e-35 0.32250000000000006 7.2922110575007748 1.4030475065616801 85.175000000000011 3.5000000000000004 6682.5000000000009 55.500000000000007 2.4094214142761845 103.90000000000002 405.02000000000004 0.49500000000000005 192.90000000000001 7141.5000000000009 156.215 405.02000000000004 1619415.5000000002 33.912511961722494 3.074890243902439 25.921826227355329 206.62500000000003 4.541972752559345 171.39000000000001 64.200000000000017 59.515000000000008 23.575000000000003 2.5000000000000004 148.50000000000003
decision_type=2 2 2 2 2 2 2 2 2 2 2 2 2 2 2 2 2 2 2 2 2 2 2 2 2 2 2 2 2 2
left_child=1 -1 -3 10 -5 6 7 8 16 14 -4 15 -9 19 -7 -12 17 22 -15 -14 21 23 -6 -13 -11 26 -26 28 -28 -27
right_child=-2 2 3 4 5 9 -8 12 -10 24 11 20 13 18 -16 -17 -18 -19 -20 -21 -22 -23 -24 -25 25 29 27 -29 -30 -31
leaf_value=-0.029053904462570054 7.6459289666378147 -0.00063010365341743162 0.11962573178117014 -0.034808116312511232 0.21124047337914043 0.21585038108023802 8.118485075887973 0.86503359248209477 -2.5852044486022754 -0.095865941242488692 0.27718536109229497 1.5336150786362122 0.056927107159999463 20.777750355637437 1.1338031398669151 4.5457979852870363 6.2130158088159533 -1.6798380190763744 6.6144034099578866 6.9151869587349086 -1.1270654241009923 0.63024493561751871 0.9985292934124449 3.9721369541512654 1.3996669786024774 -1.0374556140207343 28.099491071701053 -0.91461656358506949 8.2496141449097671 1.0587348427055594
leaf_weight=1684405 33 4969202 142234 311207 37560 19878 137 15086 537 93279 23848 3639 235 33 4824 177 89 1282 30 89 561 3704 4596 479 1140 1455 20 36 62 1776
leaf_count=1684405 33 4969202 142234 311207 37560 19878 137 15086 537 93279 23848 3639 235 33 4824 177 89 1282 30 89 561 3704 4596 479 1140 1455 20 36 62 1776
internal_value=0 -3.44618e-05 0.00863661 0.0775717 0.0368945 0.159404 0.422456 0.404747 0.21638 0.0312308 0.192482 0.512236 0.941177 3.90937 0.395115 0.308634 0.250944 0.238728 14.0333 1.94083 1.09574 1.25517 0.297074 1.81726 -0.060708 0.669854 2.09552 8.81813 13.091 0.114768
internal_weight=0 7.3216e+06 5.6372e+06 667993 493351 182144 59674 59537 44064 122470 174642 32408 15473 387 24702 24025 43527 43438 63 324 8383 7822 42156 4118 97768 4489 1258 118 82 3231
internal_count=7321633 7321600 5637195 667993 493351 182144 59674 59537 44064 122470 174642 32408 15473 387 24702 24025 43527 43438 63 324 8383 7822 42156 4118 97768 4489 1258 118 82 3231
is_linear=0
shrinkage=0.1


Tree=46
num_leaves=31
num_cat=0
split_feature=13 26 12 14 2 13 18 11 15 18 13 26 21 6 15 7 3 18 7 18 12 2 3 18 8 8 14 8 19 0
split_gain=163433 190046 553956 383535 303254 587776 299538 346647 366137 326430 285618 278083 262496 252890 240360 192939 185550 232005 177696 174104 172518 307422 329902 372850 294423 470573 427219 427187 412762 605825
threshold=0.21500000000000002 3.7450000000000006 0.98250000000000015 216.98500000000004 27.500000000000004 0.17500000000000002 183.14000000000001 3.5506948447701507 1.2799144345238098 39.430000000000007 0.16500000000000004 0.43500000000000005 14.222470423884381 1.0000000180025095e-35 1.0931921487603307 1919260.5000000002 13.701372526182821 59.515000000000008 15585.500000000002 64.200000000000017 327.12750000000005 27.500000000000004 15.31497493734336 33.140000000000008 101.50000000000001 5.5000000000000009 509.5750000000001 116.50000000000001 1.0000000180025095e-35 6.5000000000000009
decision_type=2 2 2 2 2 2 2 2 2 2 2 2 2 2 2 2 2 2 2 2 2 2 2 2 2 2 2 2 2 2
left_child=1 11 6 -4 5 15 7 -3 9 -9 -6 -1 -11 -7 19 18 -10 -18 -5 -14 -2 24 23 -23 25 26 -22 -26 29 -27
right_child=20 2 3 4 10 13 -8 8 16 12 -12 -13 14 -15 -16 -17 17 -19 -20 -21 21 22 -24 -25 27 28 -28 -29 -30 -31
leaf_value=-0.011162053224949679 0.031318274397498402 -0.12766681477815356 -0.31340300006223015 0.47169021485490847 -1.4644934230090507 -0.0053617543644375277 -2.8291383547188467 0.41882573436080178 -0.38148423714149926 0.72776214613328682 -4.5632574458305655 0.06253982968622028 5.6634826689651785 4.2887953322651482 0.99738492379623533 -0.66537079638170793 0.16657072223818725 2.5718666681360993 -2.5968157203023257 2.2406850835195544 -2.6982711487038191 8.9441986274719252 14.677640019778323 1.3084749949143231 4.0298514561077425 9.7787608469686216 10.189943190105261 0.25255554496005539 -3.7737468251924486 -1.5624565401855781
leaf_weight=5400465 1228702 53581 33286 222 859 261 369 16350 8675 1223 455 565550 340 289 396 2237 3223 458 1259 264 43 75 23 434 381 62 64 1398 493 196
leaf_count=5400465 1228702 53581 33286 222 859 261 369 16350 8675 1223 455 565550 340 289 396 2237 3223 458 1259 264 43 75 23 434 381 62 64 1398 493 196
internal_value=0 -0.00671968 -0.12938 -0.442041 -1.20912 -0.800152 0.0137946 0.0262078 0.292778 0.57341 -2.53751 -0.00417546 1.71037 2.25102 2.91209 -1.25151 -0.129055 0.465844 -2.13685 4.16743 0.0332188 0.770098 2.96293 2.43358 0.327706 -1.19381 5.01057 1.06152 -2.07778 1.16295
internal_weight=0 6.08976e+06 123747 38868 5582 4268 84879 84510 30929 18573 1314 5.96602e+06 2223 550 1000 3718 12356 3681 1481 604 1.23187e+06 3169 532 509 2637 858 107 1779 751 258
internal_count=7321633 6089762 123747 38868 5582 4268 84879 84510 30929 18573 1314 5966015 2223 550 1000 3718 12356 3681 1481 604 1231871 3169 532 509 2637 858 107 1779 751 258
is_linear=0
shrinkage=0.1


Tree=47
num_leaves=31
num_cat=0
split_feature=26 15 21 18 0 16 7 12 0 8 1 1 0 13 21 12 11 13 4 21 21 11 15 14 18 12 13 16 12 8
split_gain=155557 194228 189002 203995 206746 201519 252214 214263 196594 232470 159440 304791 152909 144271 201359 222139 167092 245334 335669 231122 430077 509686 1.05732e+06 645428 411992 279035 278070 344531 306082 264944
threshold=86.485000000000014 0.98538619616592793 23.266330780877443 183.14000000000001 17.500000000000004 0.24250000000000002 1020841.5000000001 327.12750000000005 1.5000000000000002 174.50000000000003 -22.499999999999996 -24.499999999999996 9.5000000000000018 0.025000000000000005 0.65339723827636775 78.065000000000012 28.835726227795195 4.955000000000001 1.0000000180025095e-35 16.460509296098724 10.487127586999657 4.4802317546857395 0.64559198542805107 121.16500000000002 16.825000000000003 0.82250000000000012 0.89500000000000013 0.32250000000000006 0.84250000000000014 976.50000000000011
decision_type=2 2 2 2 2 2 2 2 2 2 2 2 2 2 2 2 2 2 2 2 2 2 2 2 2 2 2 2 2 2
left_child=13 -2 5 -4 8 -3 -7 -8 -5 10 11 -10 -13 -1 15 -15 19 18 -18 20 -16 -22 23 -23 -24 -21 28 -28 -25 -26
right_child=1 2 3 4 -6 6 7 -9 9 -11 -12 12 -14 14 16 -17 17 -19 -20 25 21 22 24 26 29 -27 27 -29 -30 -31
leaf_value=-0.014689641931303399 8.6538216024637222 2.346901846375347 -0.39263311072891838 -0.29916351109743122 -0.44724948828996614 7.4183124093448418 -0.57112607662557702 -5.1493735002040868 5.3574789477597689 9.6262014980343267 7.9378623962402344 0.32829125496474182 -9.5946263154347733 -0.023915023332758484 0.01581419572295388 -1.7025123544518939 0.61005178766281531 0.037249694720483492 -0.013965150938408603 0.10400806783391454 0.056604937873292106 0.42805602835415918 -0.040661155455673399 2.4788197309926656 0.76471604912868518 -0.10938781505014297 3.6613080708684196 -2.8275366327497693 1.0493994303134782 0.18392762708031821
leaf_weight=3551339 32 242 255 80 129 34 561 125 109 88 63 44 24 992042 2006894 789 21754 64763 14278 81606 237111 12823 47138 1840 13322 245959 901 90 8060 19138
leaf_count=3551339 32 242 255 80 129 34 561 125 109 88 63 44 24 992042 2006894 789 21754 64763 14278 81606 237111 12823 47138 1840 13322 245959 901 90 8060 19138
internal_value=0 0.933148 0.792292 1.93634 3.04228 -0.149585 -0.988682 -1.40535 4.14558 5.22966 3.6176 2.07988 -3.17391 -0.000227683 0.0134009 -0.025249 0.0272255 0.153619 0.36278 0.0224628 0.0334435 0.137373 0.322744 0.908852 0.14813 -0.0562247 1.47494 3.07201 1.31507 0.422291
internal_weight=0 1786 1754 792 537 962 720 686 408 328 240 177 68 7.31985e+06 3.76851e+06 992831 2.77568e+06 100795 36032 2.67488e+06 2.34732e+06 340423 103312 23714 79598 327565 10891 991 9900 32460
internal_count=7321633 1786 1754 792 537 962 720 686 408 328 240 177 68 7319847 3768508 992831 2775677 100795 36032 2674882 2347317 340423 103312 23714 79598 327565 10891 991 9900 32460
is_linear=0
shrinkage=0.1


Tree=48
num_leaves=31
num_cat=0
split_feature=14 24 3 3 14 26 18 14 14 8 15 8 14 14 21 0 26 26 14 15 14 18 8 26 14 8 8 0 0 12
split_gain=136715 327572 446670 439164 420713 411563 538654 359307 351805 307768 333039 419954 295312 274302 274147 267001 251367 242627 242400 242051 356244 433435 234189 409464 232083 333256 315786 372125 266192 231195
threshold=13.015000000000002 400.00000000000006 17.444010007040884 4.36451048951049 286.27500000000003 3.6950000000000007 31.650000000000002 196.70000000000002 102.40500000000002 55.500000000000007 2.2697546549835712 1073.5000000000002 509.5750000000001 50.005000000000003 28.872821175412202 20.500000000000004 5.1050000000000013 3.4550000000000005 216.98500000000004 0.85078984183383943 751.73500000000013 33.140000000000008 116.50000000000001 0.025000000000000005 541.41500000000008 65.500000000000014 95.500000000000014 10.500000000000002 7.5000000000000009 0.4825000000000001
decision_type=2 2 2 2 2 2 2 2 2 2 2 2 2 2 2 2 2 2 2 2 2 2 2 2 2 2 2 2 2 2
left_child=-1 17 3 7 -4 6 -5 -3 -8 -7 11 13 -13 -11 -12 16 -6 -2 -19 -10 -21 -22 23 -23 -16 -26 27 -27 -28 -9
right_child=1 2 4 5 15 9 8 29 19 10 14 12 -14 -15 24 -17 -18 18 -20 20 21 22 -24 -25 25 26 28 -29 -30 -31
leaf_value=-0.029375544476946687 -0.0043818575790374953 0.29735555452093937 0.28458951060885335 0.048659543671655196 6.9009704877459814 0.27664033673657701 -0.20276851543332503 5.9468157598265901 1.5120602342782261 -0.13056395160370229 -0.45596895617816086 -0.14380534687145732 -1.6038082366425064 0.37552302722790171 -0.066569555546444392 0.53646580895552265 2.2449244465480249 -0.67791330248117454 -4.1226563792675739 0.45062327646686645 14.085163426399232 7.287256186765231 0.80598740078128894 -1.1493204185541939 -9.3225010094819236 19.580415008181618 -0.89932448139377685 3.5149456894916038 2.8936860613150794 1.2447670664277295
leaf_weight=1302478 4881371 24590 61058 799385 189 20686 4789 108 3475 16436 43862 94534 1406 30740 15712 390 300 2320 224 12674 32 178 451 85 27 21 306 46 468 3292
leaf_count=1302478 4881371 24590 61058 799385 189 20686 4789 108 3475 16436 43862 94534 1406 30740 15712 390 300 2320 224 12674 32 178 451 85 27 21 306 46 468 3292
internal_value=0 0.00635654 0.0547432 0.039675 0.31586 0.0292078 0.0619996 0.430582 0.553782 -0.0908594 -0.128205 -0.0450811 -0.165202 0.199204 -0.325029 2.48803 4.0445 -0.00489069 -0.981224 0.768232 0.575623 2.69928 2.18899 4.56061 0.0213679 1.61316 1.96424 8.55039 1.39412 1.39413
internal_weight=0 6.01916e+06 1.13524e+06 1.0733e+06 61937 1.04531e+06 821069 27990 21684 224244 203558 143116 95940 47176 60442 879 489 4.88392e+06 2544 16895 13420 746 714 263 16580 868 841 67 774 3400
internal_count=7321633 6019155 1135240 1073303 61937 1045313 821069 27990 21684 224244 203558 143116 95940 47176 60442 879 489 4883915 2544 16895 13420 746 714 263 16580 868 841 67 774 3400
is_linear=0
shrinkage=0.1


Tree=49
num_leaves=31
num_cat=0
split_feature=17 11 6 12 11 8 11 21 21 11 15 14 18 0 18 8 1 14 3 14 18 16 15 16 16 2 18 16 8 12
split_gain=131856 115758 228630 280620 693199 447934 354895 261496 453097 515194 513079 339082 259703 255364 254142 647954 250610 245789 378800 259083 241332 232026 375212 272851 235740 231960 230369 425923 281201 280527
threshold=88.230000000000004 0.66223968432525193 1.0000000180025095e-35 1.2425000000000004 5.5540927108566409 7224.0000000000009 14.572858851674644 16.460509296098724 10.487127586999657 7.9678711167878218 0.59641953207660825 104.98500000000001 183.14000000000001 6.5000000000000009 44.240000000000009 5341.5000000000009 -22.499999999999996 541.41500000000008 15.956790309609973 366.89500000000004 83.420000000000016 0.052500000000000012 1.9107239583333335 0.12750000000000003 0.027500000000000004 27.500000000000004 85.175000000000011 84.570000000000007 282.50000000000006 4.7150000000000007
decision_type=2 2 2 2 2 2 2 2 2 2 2 2 2 2 2 2 2 2 2 2 2 2 2 2 2 2 2 2 2 2
left_child=1 -1 7 4 -4 12 -5 8 -3 20 11 -11 14 26 -6 21 -17 19 25 -12 -10 24 23 -23 -16 -19 27 -8 29 -28
right_child=-2 2 3 6 5 -7 13 -9 9 10 17 -13 -14 -15 15 16 -18 18 -20 -21 -22 22 -24 -25 -26 -27 28 -29 -30 -31
leaf_value=-0.023594110340175681 6.3210837645964197 -0.0027910958982181105 0.072517089249837893 -0.097751992681861813 0.39641033225700584 2.801845351778272 -0.016939077476662765 -0.10202544987225839 0.10549104300617834 0.35304899415401719 0.42527959774239177 2.788893660746175 -2.1848367272419473 0.24864445975196145 2.9897824985785699 16.081530982255938 2.3717758107185367 -0.60981385901826113 9.4171165168285373 2.2528319082882287 -0.91214495474937918 1.619193459770321 0.90669956334483714 5.5413638150619882 -0.047292671438775725 -4.4219558014526026 4.4345282645408926 12.107529071281697 -1.9647346000045625 -0.41346556373727505
leaf_weight=1622528 33 4530127 350947 182323 32379 842 32069 242207 232398 864 13775 1688 365 67433 293 40 20 568 32 822 2354 339 1586 372 2001 222 130 29 1389 1458
leaf_count=1622528 33 4530127 350947 182323 32379 842 32069 242207 232398 864 13775 1688 365 67433 293 40 20 568 32 822 2354 339 1586 372 2001 222 130 29 1389 1458
internal_value=0 -2.84905e-05 0.00668065 0.0613696 0.11657 0.520895 -0.0140541 -0.000654826 0.00447866 0.134791 0.650829 1.96422 0.469536 0.134813 0.4957 1.18693 11.5116 0.433449 -1.24903 0.528194 0.0952866 1.05199 1.76244 3.6713 0.340616 -1.68107 -0.0840331 -0.00598483 -0.925549 -0.0165895
internal_weight=0 7.3216e+06 5.69907e+06 674015 389184 38237 284831 5.02506e+06 4.78285e+06 252723 17971 2552 37395 102508 37030 4651 60 15419 822 14597 234752 4591 2297 711 2294 790 35075 32098 2977 1588
internal_count=7321633 7321600 5699072 674015 389184 38237 284831 5025057 4782850 252723 17971 2552 37395 102508 37030 4651 60 15419 822 14597 234752 4591 2297 711 2294 790 35075 32098 2977 1588
is_linear=0
shrinkage=0.1


Tree=50
num_leaves=31
num_cat=0
split_feature=26 15 21 18 0 16 7 12 0 8 7 1 1 0 14 13 16 3 1 14 3 26 14 21 5 21 2 26 5 2
split_gain=116184 157518 148973 164632 174645 153939 185207 172055 149624 186008 133742 129093 243314 128050 116794 109482 134004 135742 319045 447771 288238 280598 258900 264594 230751 197524 344746 196853 190765 174163
threshold=86.485000000000014 0.98538619616592793 23.266330780877443 183.14000000000001 17.500000000000004 0.24250000000000002 1020841.5000000001 327.12750000000005 1.5000000000000002 174.50000000000003 1020841.5000000001 -22.499999999999996 -24.499999999999996 9.5000000000000018 470.11500000000007 156.215 84.570000000000007 13.102534418022531 -23.499999999999996 751.73500000000013 3.7654511281005019 8.0650000000000031 751.73500000000013 27.676095370189646 1.0000000180025095e-35 32.102631101271896 26.500000000000004 26.060000000000006 1.0000000180025095e-35 26.500000000000004
decision_type=2 2 2 2 2 2 2 2 2 2 2 2 2 2 2 2 2 2 2 2 2 2 2 2 2 2 2 2 2 2
left_child=15 -2 5 -4 8 14 -7 -8 -5 11 -6 12 -10 -14 -3 -1 17 18 19 24 21 -21 23 -20 -17 26 -24 28 -22 -30
right_child=1 2 3 4 10 6 7 -9 9 -11 -12 -13 13 -15 -16 16 -18 -19 22 20 27 -23 25 -25 -26 -27 -28 -29 29 -31
leaf_value=-0.00041307185718396193 7.7593307122588158 1.2307025289928941 -0.3969397958587198 -0.17473210252821447 -6.9270904834453875 6.3142155338736146 -0.49948248375014614 -4.6020857257843018 4.7514135868177503 8.5813354687257242 1.099359965425672 7.0940422270033103 0.3337350690906698 -8.7468249201774597 8.0987343302794876 -0.40224531524535517 5.0975544559421833 1.4813745818534416 2.7236143126207253 9.9953027133588446 -2.2275693029208585 -4.1709661064476808 -7.6667417724927267 -3.1635156555253952 4.9590342096253934 9.5204709936590763 7.6422968003310663 -12.091525226169162 -15.848237532661074 -5.5298048226414505
leaf_weight=7317558 32 214 255 80 26 34 561 125 109 88 103 63 44 24 28 377 67 928 204 27 172 29 24 122 102 68 38 36 21 74
leaf_count=7317558 32 214 255 80 26 34 561 125 109 88 103 63 44 24 28 377 67 928 204 27 172 29 24 122 102 68 38 36 21 74
internal_value=0 0.806453 0.679604 1.6953 2.68882 -0.156603 -0.889982 -1.24704 3.70286 4.64862 -0.518374 3.20662 1.82296 -2.87117 2.02535 -0.00019677 0.691285 0.558423 -0.103477 -1.26177 -3.93187 2.6592 2.02514 0.520455 0.739405 5.79844 1.71622 -5.15002 -4.21408 -7.81072
internal_weight=0 1786 1754 792 537 962 720 686 408 328 129 240 177 68 242 7.31985e+06 2289 2222 1294 838 359 56 456 326 479 130 62 303 267 95
internal_count=7321633 1786 1754 792 537 962 720 686 408 328 129 240 177 68 242 7319847 2289 2222 1294 838 359 56 456 326 479 130 62 303 267 95
is_linear=0
shrinkage=0.1


Tree=51
num_leaves=31
num_cat=0
split_feature=21 11 12 6 12 14 21 21 8 14 18 18 8 13 14 11 15 18 25 8 8 14 11 13 14 13 14 7 15 2
split_gain=105872 198945 171048 143779 410029 329207 279670 332264 449121 592588 374996 379294 252649 252600 283187 251862 448671 538724 404913 332021 294027 288476 649165 458315 262611 255119 404945 261959 240394 229555
threshold=0.61376232844628809 1.1016087439865143 78.065000000000012 1.0000000180025095e-35 0.32250000000000006 115.93500000000002 16.460509296098724 10.487127586999657 1010.5000000000001 89.180000000000021 83.420000000000016 70.430000000000021 5126.0000000000009 0.065000000000000016 325.42000000000002 7.2922110575007748 1.4030475065616801 85.175000000000011 3.5000000000000004 6682.5000000000009 17.500000000000004 405.02000000000004 56.445755494505498 0.34500000000000003 405.02000000000004 156.215 405.02000000000004 228456.00000000003 3.074890243902439 26.500000000000004
decision_type=2 2 2 2 2 2 2 2 2 2 2 2 2 2 2 2 2 2 2 2 2 2 2 2 2 2 2 2 2 2
left_child=2 -2 -1 6 5 -5 7 -3 9 -9 11 -10 -12 28 -15 -6 17 18 19 25 24 -20 23 -23 -18 26 -17 -28 -7 -26
right_child=1 3 -4 4 15 13 -8 8 10 -11 12 -13 -14 14 -16 16 20 -19 21 -21 -22 22 -24 -25 29 -27 27 -29 -30 -31
leaf_value=-0.020491033527852903 -0.016414180000989511 0.012079640391640788 -1.5122183109969096 0.18853831782453884 -0.031593282692235596 0.76949950211275731 -0.093592041600636389 0.18319735381812388 0.055961721136631809 0.85605190944867493 -0.20866248863773007 5.7525422357723244 -1.9700083907464945 2.1931590272607031 10.805509011592807 0.24794480575456893 0.43594079719695844 6.6077137583295684 0.70063948392428632 -2.2961754728538755 -0.038740863213713249 -1.2512117576549997 17.344925960417719 5.9266781231452681 -0.23669010758399966 5.5541551354226106 7.8399884452079904 -1.7736178497065094 -1.7174059402858242 6.5518962391687445
leaf_weight=1790199 2209012 2336751 769 95207 281924 9117 226540 52403 115702 17447 1761 117 1515 555 41 42156 10709 137 15086 537 111572 182 31 174 80 89 29 1253 406 132
leaf_count=1790199 2209012 2336751 769 95207 281924 9117 226540 52403 115702 17447 1761 117 1515 555 41 42156 10709 137 15086 537 111572 182 31 174 80 89 29 1253 406 132
internal_value=0 0.00684292 -0.0211315 0.0223097 0.0680498 0.246175 0.0128464 0.0223933 0.149946 0.351262 0.031873 0.0617164 -1.0232 0.788466 2.78562 0.0276241 0.11927 0.344119 0.329706 0.175169 0.00973125 0.769797 3.46567 2.25708 0.504936 0.205659 0.1947 -1.55615 0.663474 3.99017
internal_weight=0 5.53066e+06 1.79097e+06 3.32165e+06 569417 105326 2.75224e+06 2.5257e+06 188945 69850 119095 115819 3276 10119 596 464091 182167 59674 59537 44064 122493 15473 387 356 10921 43527 43438 1282 9523 212
internal_count=7321633 5530665 1790968 3321653 569417 105326 2752236 2525696 188945 69850 119095 115819 3276 10119 596 464091 182167 59674 59537 44064 122493 15473 387 356 10921 43527 43438 1282 9523 212
is_linear=0
shrinkage=0.1


Tree=52
num_leaves=31
num_cat=0
split_feature=13 26 18 10 14 14 10 4 13 14 15 8 8 13 13 18 18 16 14 26 15 7 14 0 3 8 15 13 11 15
split_gain=94259.6 217960 346900 352832 263538 207301 182778 175601 388462 428651 331339 259433 258018 325293 244073 231810 226301 206844 202014 198224 181382 176358 206852 271549 166353 165318 158232 155018 155370 162482
threshold=0.33500000000000008 5.4050000000000011 183.14000000000001 1.0000000180025095e-35 39.545000000000009 470.11500000000007 1.0000000180025095e-35 1.0000000180025095e-35 3.1850000000000005 206.62500000000003 1.3456173533083648 140.50000000000003 462.50000000000006 0.52500000000000013 0.94500000000000006 64.200000000000017 18.685000000000006 0.097500000000000017 115.93500000000002 5.4850000000000012 0.54181612620873632 19197.000000000004 325.42000000000002 17.500000000000004 16.254755093194628 604.50000000000011 3.4360934744268081 0.055000000000000007 24.628928571428577 2.4855725623582772
decision_type=2 2 2 2 2 2 2 2 2 2 2 2 2 2 2 2 2 2 2 2 2 2 2 2 2 2 2 2 2 2
left_child=1 -1 3 4 -3 27 -2 8 9 11 14 18 13 24 15 17 -15 -11 -8 -9 -13 -18 -23 -24 -12 -14 -6 -5 29 -29
right_child=6 2 -4 5 26 -7 7 19 -10 10 12 20 25 16 -16 -17 21 -19 -20 -21 -22 22 23 -25 -26 -27 -28 28 -30 -31
leaf_value=-0.0019041601100505034 -0.046369429546315621 -0.36750321748052706 -2.5227915931717169 -0.47999665130336722 0.46356360524745482 -1.629144922572942 0.29037143916037528 0.026488153190969078 -0.016195839019318346 0.6333226024667723 -1.5283922153915097 0.41431371368957415 -3.1693807959556581 -0.020460589401177787 2.8558132079712633 3.7417138220821222 -1.6266438858090222 3.1007904827121706 0.91451018849670496 -4.0554089776608127 -0.04082601275174557 1.0087830311030561 3.4252968013818776 0.24245844237566638 2.3351271812305892 -0.27248670706249584 -0.38660564377280582 -0.12117074905959153 0.93908502456603993 -0.87681437730903622
leaf_weight=6371485 224356 6798 615 19062 17128 1092 24828 451847 83300 3356 819 11143 224 1574 985 307 185 378 6555 119 40874 2573 966 371 129 1634 2510 42074 1294 3052
leaf_count=6371485 224356 6798 615 19062 17128 1092 24828 451847 83300 3356 819 11143 224 1574 985 307 185 378 6555 119 40874 2573 966 371 129 1634 2510 42074 1294 3052
internal_value=0 -0.00412991 -0.155599 -0.139947 0.169135 -0.262681 0.0311729 0.0586927 0.142161 0.278291 0.801034 0.193668 0.419534 0.711913 1.44433 1.10028 0.998634 0.883109 0.420736 0.0254134 0.0566733 1.39034 1.53309 2.5421 -1.00266 -0.621736 0.354901 -0.239893 -0.141297 -0.172277
internal_weight=0 6.46511e+06 93625 93010 26436 66574 856523 632167 180201 96901 13501 83400 8475 6617 5026 4041 5669 3734 31383 451966 52017 4095 3910 1337 948 1858 19638 65482 46420 45126
internal_count=7321633 6465110 93625 93010 26436 66574 856523 632167 180201 96901 13501 83400 8475 6617 5026 4041 5669 3734 31383 451966 52017 4095 3910 1337 948 1858 19638 65482 46420 45126
is_linear=0
shrinkage=0.1


Tree=53
num_leaves=31
num_cat=0
split_feature=26 15 21 18 0 0 21 7 14 16 7 12 7 7 1 26 8 15 8 14 14 13 14 14 26 21 3 0 21 14
split_gain=91202.9 121432 117424 137612 136796 132811 162362 245394 153179 119311 135457 134368 108502 106347 101953 93983.8 386191 334845 432334 304060 274199 315240 242406 221031 580484 905563 427332 224279 211414 230990
threshold=86.485000000000014 0.98538619616592793 23.266330780877443 183.14000000000001 17.500000000000004 14.500000000000002 25.921826227355329 1619415.5000000002 751.73500000000013 0.24250000000000002 1020841.5000000001 327.12750000000005 1020841.5000000001 457568.00000000006 -22.499999999999996 3.5950000000000002 95.500000000000014 1.4030475065616801 735.50000000000011 50.005000000000003 33.465000000000011 4.955000000000001 509.5750000000001 509.5750000000001 21.300000000000004 20.361829940509359 7.7700532286139543 11.500000000000002 25.921826227355329 260.97500000000008
decision_type=2 2 2 2 2 2 2 2 2 2 2 2 2 2 2 2 2 2 2 2 2 2 2 2 2 2 2 2 2 2
left_child=15 -2 9 13 5 6 7 -5 -8 -3 -11 -12 -6 -4 -10 -1 20 18 19 -18 -17 23 28 -22 25 27 -26 -25 -20 -30
right_child=1 2 3 4 12 -7 8 -9 14 10 11 -13 -14 -15 -16 16 17 -19 22 -21 21 -23 -24 24 26 -27 -28 -29 29 -31
leaf_value=0.0020097007620181362 6.8192349366843708 1.7816642619238412 5.5264625973171668 12.265757209376286 -6.1976449599632852 7.6987676475512785 3.087756542585149 2.2586815004763396 -5.0705243802538114 5.3761823712464647 -0.42963348434052684 -4.0551851706981656 1.0318705389800582 -1.1107217566812773 1.6733050072193145 -0.29049129036301524 -0.072602071645112426 -0.29092803074908202 -0.041052786817848727 0.60003607993858787 0.52974420045853021 0.0083676992927478929 -1.383517818172169 7.4287145968845909 9.0961000213623056 23.920040270487469 -6.5439343218145698 -5.4563352628187705 -0.38594339740780431 -3.2110638362270296
leaf_weight=7057649 32 242 27 38 26 59 151 69 51 34 561 125 103 228 40 9792 11359 73706 91913 16457 21869 19865 1489 35 25 30 58 22 15283 295
leaf_count=7057649 32 242 27 38 26 59 151 69 51 34 561 125 103 228 40 9792 11359 73706 91913 16457 21869 19865 1489 35 25 30 58 22 15283 295
internal_value=0 0.714514 0.603139 1.50489 2.41323 3.31069 2.56887 5.8126 1.13466 -0.139262 -0.784906 -1.09027 -0.425241 -0.407961 -2.1062 -0.000174337 -0.0589626 -0.119106 -0.0265276 0.325356 0.185936 0.297266 -0.116342 0.557666 4.14954 9.85709 -1.83308 2.45554 -0.0987889 -0.439443
internal_weight=0 1786 1754 792 537 408 349 107 242 962 720 686 129 255 91 7.31985e+06 262198 210502 136796 27816 51696 41904 108980 22039 170 87 83 57 107491 15578
internal_count=7321633 1786 1754 792 537 408 349 107 242 962 720 686 129 255 91 7319847 262198 210502 136796 27816 51696 41904 108980 22039 170 87 83 57 107491 15578
is_linear=0
shrinkage=0.1


Tree=54
num_leaves=31
num_cat=0
split_feature=14 24 3 14 3 26 18 16 0 0 14 14 15 0 17 17 8 19 16 14 18 14 15 26 14 2 14 7 21 3
split_gain=90432.1 175027 288233 298243 266915 315346 436139 213862 213584 270850 399740 308513 288524 257430 798858 1.09264e+06 260528 297871 226687 212572 201467 248000 206601 187638 184909 182602 246431 233945 322582 433879
threshold=10.055000000000001 400.00000000000006 17.444010007040884 99.995000000000019 4.36451048951049 3.3750000000000004 23.015000000000004 62.100000000000009 4.5000000000000009 17.500000000000004 751.73500000000013 300.30000000000007 0.4832609929078015 13.500000000000002 6.8400000000000007 9.8400000000000016 45.500000000000007 1.0000000180025095e-35 11.520000000000001 196.70000000000002 3.4650000000000003 541.41500000000008 1.2395566996643994 3.4550000000000005 214.71500000000003 26.500000000000004 325.42000000000002 1919260.5000000002 25.921826227355329 9.3746486722232998
decision_type=2 2 2 2 2 2 2 2 2 2 2 2 2 2 2 2 2 2 2 2 2 2 2 2 2 2 2 2 2 2
left_child=-1 23 4 -4 19 6 -6 25 -7 11 -11 -10 -13 14 18 -16 17 -15 -14 -3 21 -21 -22 -2 -25 26 -8 -28 29 -29
right_child=1 2 3 -5 5 8 7 -9 9 10 -12 12 13 16 15 -17 -18 -19 -20 20 22 -23 -24 24 -26 -27 27 28 -30 -31
leaf_value=-0.027138405638893179 -0.0031268818184409944 0.22602098954454752 0.1413226927461517 0.68895767233823735 0.032961881832815308 -0.23534970927934484 0.53148185780876245 5.7164213689168299 0.031046618320580716 -0.16400012710148248 -3.3186963806057919 -2.4574330610223116 0.71750761112840133 12.590803509950639 30.346710532052175 1.1677809397379557 1.6486335501660485 2.0219092241923016 -1.279124237486684 0.28663964814286896 2.2663154655144502 -7.791329609264027 0.61777692935646811 -0.58332437220242983 -3.4818851321537063 0.22195041971121043 3.7847286692523436 7.8306712260091205 -1.1860624165474121 1.0393754460029305
leaf_weight=1051528 5071501 26641 55281 12126 804483 64639 10358 75 116883 69440 404 256 2423 48 21 33 1641 60 743 123 1229 55 1993 2334 243 25703 464 123 382 400
leaf_count=1051528 5071501 26641 55281 12126 804483 64639 10358 75 116883 69440 404 256 2423 48 21 33 1641 60 743 123 1229 55 1993 2334 243 25703 464 123 382 400
internal_value=0 0.00455125 0.0389643 0.239838 0.0269671 0.0189253 0.0485017 0.381831 -0.078128 -0.0251843 -0.182248 0.0646538 0.816445 0.985114 0.454643 12.5151 1.96174 6.7192 0.248936 0.321051 1.06567 -2.20936 1.2466 -0.00356036 -0.856646 0.371142 0.698137 1.95907 1.02304 2.63656
internal_weight=0 6.2701e+06 1.19603e+06 67407 1.12862e+06 1.09858e+06 841988 37505 256591 191952 69844 122108 5225 4969 3220 54 1749 108 3166 30041 3400 178 3222 5.07408e+06 2577 37430 11727 1369 905 523
internal_count=7321633 6270105 1196027 67407 1128620 1098579 841988 37505 256591 191952 69844 122108 5225 4969 3220 54 1749 108 3166 30041 3400 178 3222 5074078 2577 37430 11727 1369 905 523
is_linear=0
shrinkage=0.1


Tree=55
num_leaves=31
num_cat=0
split_feature=13 21 12 12 16 2 8 14 13 5 0 13 18 0 17 13 13 15 16 0 16 16 26 18 8 25 3 14 13 21
split_gain=84837.6 117969 138877 99960.9 209928 200122 850171 201586 518718 461723 608593 576356 548452 525672 624297 453863 426461 407453 374463 365522 225329 211203 279266 209571 195436 192108 300854 187664 154555 153773
threshold=0.025000000000000005 0.65339723827636775 78.065000000000012 45.030000000000008 7.3375000000000012 26.500000000000004 753.50000000000011 751.73500000000013 1.5050000000000001 1.0000000180025095e-35 15.500000000000002 128.35500000000005 31.650000000000002 4.5000000000000009 6.8400000000000007 202.99500000000003 128.35500000000005 5.4919345238095243 11.135000000000002 1.5000000000000002 11.910000000000002 84.570000000000007 11.825000000000001 23.175000000000004 447.50000000000006 3.5000000000000004 9.6956717531205125 117.53500000000001 19.205000000000002 30.648314400036234
decision_type=2 2 2 2 2 2 2 2 2 2 2 2 2 2 2 2 2 2 2 2 2 2 2 2 2 2 2 2 2 2
left_child=-1 2 -2 4 -3 6 7 -5 -9 10 13 17 -13 16 20 21 19 -11 -14 -10 -15 22 -12 -19 28 -26 -27 -6 -7 -30
right_child=1 3 -4 5 27 24 -8 8 9 11 15 12 18 14 -16 -17 -18 23 -20 -21 -22 -23 -24 -25 25 26 -28 -29 29 -31
leaf_value=-0.01109122311076649 -0.018083734046697841 0.020139981827893807 -1.3453227886984407 0.28552043417342282 -0.077350119234908032 0.47659821644985145 6.7710352315857083 13.21654908351409 -0.26834747420416938 19.644568838896575 -9.760547889981952 -11.84142017364502 14.565220228108494 6.3840267965528703 21.969594101678759 6.0790514817604659 6.1079000598505928 14.788404672042184 -2.3826474756002427 -13.161448168200117 -2.1587382215134645 -15.926889136741901 2.3950941421367502 4.2580287504870942 -0.17315345264503607 -5.9104642223838155 -1.1235367531279032 -0.97009910197302396 -0.28544031130816688 0.27734837650737226
leaf_weight=3551358 992042 2718767 789 16827 5710 7795 209 39 45 27 63 33 22 90 21 26 38 23 32 43 47 29 27 106 2341 151 1006 4007 11538 8382
leaf_count=3551358 992042 2718767 789 16827 5710 7795 209 39 45 27 63 33 22 90 21 26 38 23 32 43 47 29 27 106 2341 151 1006 4007 11538 8382
internal_value=0 0.0104472 -0.0191385 0.021023 0.0184817 0.162646 0.430767 0.355211 2.00454 1.35385 -0.618942 4.83667 -1.68479 2.07234 5.91432 -5.89015 -2.74538 8.47364 4.52204 -6.56839 3.4533 -8.50527 -6.11386 6.13554 0.0101976 -0.694142 -1.74828 -0.445493 0.0990946 -0.0486283
internal_weight=0 3.77028e+06 992831 2.77744e+06 2.72848e+06 48960 17747 17538 711 672 429 243 87 284 158 145 126 156 54 88 137 119 90 129 31213 3498 1157 9717 27715 19920
internal_count=7321633 3770275 992831 2777444 2728484 48960 17747 17538 711 672 429 243 87 284 158 145 126 156 54 88 137 119 90 129 31213 3498 1157 9717 27715 19920
is_linear=0
shrinkage=0.1


Tree=56
num_leaves=31
num_cat=0
split_feature=7 24 17 16 14 2 8 3 8 5 2 14 3 26 14 14 15 3 12 14 12 2 8 17 11 1 17 3 25 18
split_gain=74283.8 140603 185114 291307 236086 167579 589607 507682 395337 225970 162203 246039 298228 240006 224629 184295 335136 149461 143617 250590 470931 399483 526678 231966 175136 264639 224433 171383 142583 140173
threshold=1919260.5000000002 400.00000000000006 0.025000000000000005 0.04250000000000001 405.02000000000004 27.500000000000004 4311.0000000000009 11.155016356176537 4311.0000000000009 1.0000000180025095e-35 26.500000000000004 203.35500000000005 7.1800166181969258 0.03500000000000001 509.5750000000001 206.09500000000003 6.8370836019772199 8.2022604422604442 2.2025000000000006 143.31500000000003 0.78250000000000008 27.500000000000004 2976.0000000000005 0.10500000000000002 10.904732543479069 -21.499999999999996 0.055000000000000007 17.915118766182598 2.5000000000000004 115.04000000000001
decision_type=2 2 2 2 2 2 2 2 2 2 2 2 2 2 2 2 2 2 2 2 2 2 2 2 2 2 2 2 2 2
left_child=-1 -2 10 4 5 6 -4 -8 -7 -9 11 -3 14 -14 28 16 -15 -17 19 -5 27 23 -23 24 -22 26 -26 -21 -13 -12
right_child=1 2 3 18 -6 8 7 9 -10 -11 29 12 13 15 -16 17 -18 -19 -20 20 21 22 -24 -25 25 -27 -28 -29 -30 -31
leaf_value=-0.0063639380355918597 0.0032596471876232738 0.085745011943319127 0.81079568013442627 0.18593138754337402 7.0715993210420782 0.47854465172194116 1.5223891212896337 5.0380300422509521 -3.5784907214029538 13.113857648576179 0.0014101088791241738 -2.9209173872850944 0.94485389321592894 0.43952597415544725 9.6261489759172729 -1.9757032038955882 5.9044431005565219 -0.025575891876779274 -0.05371092022088117 5.1237107814335436 -0.51864310064476593 0.79409290265669175 -4.398566268611428 4.8110548672875248 5.5391314838370498 -0.88300682463456148 1.1282816447522663 0.065754448349882921 1.7104681193214981 -0.74222767485738639
leaf_weight=5232813 1685929 117232 5383 15591 59 3012 163 60 261 82 222454 69 4284 535 35 418 142 6573 19592 366 392 553 302 208 245 201 218 82 1815 2564
leaf_count=5232813 1685929 117232 5383 15591 59 3012 163 60 261 82 222454 69 4284 535 35 418 142 6573 19592 366 392 553 302 208 245 201 218 82 1815 2564
internal_value=0 0.0159426 0.0690156 0.256058 0.766618 0.725106 1.05314 5.33039 0.155023 9.70154 0.044451 0.132867 0.531126 0.345329 1.68831 0.0103838 1.58579 -0.142176 0.134065 0.33667 1.2522 0.629413 -1.04004 1.75867 1.15744 2.14694 3.46232 4.19792 1.54085 -0.00706338
internal_weight=0 2.08882e+06 402891 46770 9020 8961 5688 305 3273 142 356121 131103 13871 11952 1919 7668 677 6991 37750 18158 2567 2119 855 1264 1056 664 463 448 1884 225018
internal_count=7321633 2088820 402891 46770 9020 8961 5688 305 3273 142 356121 131103 13871 11952 1919 7668 677 6991 37750 18158 2567 2119 855 1264 1056 664 463 448 1884 225018
is_linear=0
shrinkage=0.1


Tree=57
num_leaves=31
num_cat=0
split_feature=17 16 13 26 8 25 14 13 11 15 11 10 12 8 3 5 2 3 14 2 1 1 18 3 0 8 2 14 8 10
split_gain=73128.3 68595 145541 177592 230180 223479 399062 171439 156584 127840 123451 120438 122846 322830 351150 148577 735526 535391 478251 441341 291982 285030 233967 170648 116764 111352 108001 236407 192717 175758
threshold=88.230000000000004 0.75750000000000017 0.62500000000000011 6.3550000000000013 753.50000000000011 3.5000000000000004 751.73500000000013 128.35500000000005 14.572858851674644 1.6046656050955417 6.9857524038461554 1.0000000180025095e-35 327.12750000000005 9.5000000000000018 13.766652261596084 1.0000000180025095e-35 26.500000000000004 9.4373083938065125 541.41500000000008 26.500000000000004 -24.499999999999996 -25.499999999999996 115.04000000000001 8.2022604422604442 3.5000000000000004 334.50000000000006 26.500000000000004 203.35500000000005 24.500000000000004 1.0000000180025095e-35
decision_type=2 2 2 2 2 2 2 2 2 2 2 2 2 2 2 2 2 2 2 2 2 2 2 2 2 2 2 2 2 2
left_child=1 2 -1 11 5 7 8 -5 -7 10 -6 -4 -13 -14 15 19 17 -17 -18 -15 21 -21 -20 -22 -19 -10 -3 -28 -29 -30
right_child=-2 26 3 4 9 6 -8 -9 25 -11 -12 12 13 14 -16 16 18 24 22 20 23 -23 -24 -25 -26 -27 27 28 29 -31
leaf_value=-0.0015513695575176852 4.7074385762214659 0.034567126094776211 -0.042192469036008526 0.28804538610142433 -0.82804028073116642 0.57353593321787955 11.285205268859864 -3.2574055998231013 1.46396954524036 -1.183327541375635 1.1218675346679317 0.0880694868359857 -8.0550200602587534 -6.6746803407545219 12.154858493804932 23.204687587420146 10.323682829912972 0.058419799804687506 -10.5352660394484 4.1154322960007361 -1.1412044296662012 -4.4681551849140844 -0.86724314249478862 9.2277083079631517 8.7538334623296219 4.0605203491758433 -0.057308644488666266 0.5945264158175908 -1.2304693705785659 -0.39408981737680465
leaf_weight=6801310 33 75814 96567 7250 599 3246 38 139 1785 1257 709 213521 34 77 32 24 34 23 31 71 21 85 130 65 47 182 99899 1626 3066 13918
leaf_count=6801310 33 75814 96567 7250 599 3246 38 139 1785 1257 709 213521 34 77 32 24 34 23 31 71 21 85 130 65 47 182 99899 1626 3066 13918
internal_value=0 -2.12175e-05 0.00157703 0.0668511 0.400543 0.575814 1.0746 0.221349 1.00017 -0.463171 0.228905 0.0505242 0.0923244 1.44025 1.94469 1.40731 3.04968 10.3158 -0.452973 -0.0806023 2.01751 -0.561522 -2.72879 6.69576 5.89677 1.70422 -0.0586408 -0.118269 -0.445506 -0.545075
internal_weight=0 7.3216e+06 7.12728e+06 325967 15205 12640 5251 7389 5213 2565 1308 310762 214195 674 640 608 289 94 195 319 242 156 161 86 70 1967 194323 118509 18610 16984
internal_count=7321633 7321600 7127277 325967 15205 12640 5251 7389 5213 2565 1308 310762 214195 674 640 608 289 94 195 319 242 156 161 86 70 1967 194323 118509 18610 16984
is_linear=0
shrinkage=0.1


Tree=58
num_leaves=31
num_cat=0
split_feature=26 15 21 18 0 0 8 13 1 1 0 7 8 14 12 7 2 12 26 8 12 15 14 11 18 14 2 14 1 8
split_gain=73684.6 98165.7 102076 110479 106481 108443 135725 100279 97120.3 180013 111945 91375.8 89663 369418 166955 83425.7 77282.1 77261.1 76625.2 276021 296623 292380 350726 247299 240424 202198 299543 212706 411942 197110
threshold=86.485000000000014 0.98538619616592793 23.266330780877443 183.14000000000001 17.500000000000004 1.5000000000000002 174.50000000000003 118.00000000000001 -22.499999999999996 -24.499999999999996 9.5000000000000018 1020841.5000000001 95.500000000000014 470.11500000000007 327.12750000000005 457568.00000000006 26.500000000000004 0.4825000000000001 3.6950000000000007 447.50000000000006 0.72250000000000003 1.3456173533083648 42.900000000000013 2.4094214142761845 147.99500000000003 405.02000000000004 27.500000000000004 470.11500000000007 -23.499999999999996 13.500000000000002
decision_type=2 2 2 2 2 2 2 2 2 2 2 2 2 2 2 2 2 2 2 2 2 2 2 2 2 2 2 2 2 2
left_child=18 -2 12 15 5 7 8 -5 9 -7 -11 -6 13 -3 17 -4 -8 -14 -1 21 23 22 -20 -21 -25 -22 27 28 -27 -23
right_child=1 2 3 4 11 6 16 -9 -10 10 -12 -13 14 -15 -16 -17 -18 -19 19 20 25 29 -24 24 -26 26 -28 -29 -30 -31
leaf_value=0.0017881805245649003 6.1310564100742342 -0.48193768410035126 4.9250407996001071 -5.7207399725914003 -5.6048340137188255 3.8806532448038049 9.6187994262346859 2.0051866798528604 5.9337490211640089 0.32075480927120559 -8.1695831656455997 1.0296206741946416 2.6211374099536613 9.9446936598350835 -4.2929931874628426 -0.95351564199255234 3.591429535547892 -0.49290127031799918 -0.095588943741383034 -0.15725221130306349 -0.22796287629532147 0.38578361015393609 0.69929708640499311 0.3356040777717666 -1.3683533656256739 8.4396655535375746 -3.0696403790345106 -0.94168302743212051 -0.33597727118378479 -0.074597297569383991
leaf_weight=7064575 32 162 27 24 26 109 52 56 63 44 24 103 93 43 108 228 36 556 9251 28348 89573 10587 13878 23727 858 74 607 1685 193 76491
leaf_count=7064575 32 162 27 24 26 109 52 56 63 44 24 103 93 43 108 228 36 556 9251 28348 89573 10587 13878 23727 858 74 607 1685 193 76491
internal_value=0 0.642236 0.542098 1.38286 2.19674 2.98854 3.79369 -0.312591 2.56192 1.36178 -2.67584 -0.307556 -0.150086 1.70511 -0.652484 -0.33108 7.15306 -0.0466677 -0.000156702 -0.0539807 -0.144615 0.0653209 0.381363 0.0440377 0.276137 -0.253003 -1.12947 -0.52615 2.09622 -0.0186239
internal_weight=0 1786 1754 792 537 408 328 80 240 177 68 129 962 205 757 255 88 649 7.31985e+06 255272 145065 110207 23129 52933 24585 92132 2559 1952 267 87078
internal_count=7321633 1786 1754 792 537 408 328 80 240 177 68 129 962 205 757 255 88 649 7319847 255272 145065 110207 23129 52933 24585 92132 2559 1952 267 87078
is_linear=0
shrinkage=0.1


Tree=59
num_leaves=31
num_cat=0
split_feature=14 6 8 12 11 8 15 12 21 8 13 8 8 1 12 3 18 16 20 8 12 14 21 21 8 14 18 12 13 18
split_gain=68156 151734 212367 279751 428787 353486 368579 296302 222775 222751 203564 448538 270603 208573 198001 253311 183116 178858 177532 574654 177158 498797 170816 225887 340335 320234 227664 202098 211752 200948
threshold=10.055000000000001 1.0000000180025095e-35 359.50000000000006 1.2425000000000004 5.5540927108566409 7224.0000000000009 0.095341368914694066 1.2375 20.361829940509359 1465.5000000000002 0.12500000000000003 5341.5000000000009 2381.5000000000005 -22.499999999999996 0.087500000000000008 9.5221782918289488 83.420000000000016 0.40250000000000008 1.0000000180025095e-35 5158.5000000000009 1.3025000000000004 300.30000000000007 16.460509296098724 4.6875534757621171 1290.0000000000002 100.01000000000001 83.420000000000016 0.47250000000000009 0.88500000000000012 59.515000000000008
decision_type=2 2 2 2 2 2 2 2 2 2 2 2 2 2 2 2 2 2 2 2 2 2 2 2 2 2 2 2 2 2
left_child=-1 22 20 4 16 6 7 -6 10 -10 14 12 17 -13 15 -8 -4 -12 19 -11 21 -3 23 -2 25 -25 29 -27 -29 -26
right_child=1 2 3 -5 5 -7 8 -9 9 18 11 13 -14 -15 -16 -17 -18 -19 -20 -21 -22 -23 -24 24 26 27 -28 28 -30 -31
leaf_value=-0.023559989398979974 -0.002996716783770162 0.27085784640387817 0.034451881659019058 -0.11744251282654912 1.6402272587772864 2.4821959164214817 12.70514927568107 8.7615704020515821 0.44519053270765385 -0.36013544563769551 0.38365829241865107 14.118091099262239 2.7803673349294855 1.6108886671066285 0.25602380101611932 -1.030680115699768 -1.0521103134832945 4.9217324288336783 -1.7975513263599432 5.1057876931363015 0.08115676034592513 3.4424114232856833 -0.088888378458402209 0.14560913770845729 0.01012900089425435 1.3353008109768079 -0.84075994274733468 0.26974471657931953 1.1671820204142587 1.698062839032819
leaf_weight=1051528 5073388 48561 346312 121126 1385 842 29 61 6985 5751 1904 40 787 20 4707 25 1558 91 763 199 134070 501 214866 98057 184804 3065 3150 13058 3292 708
leaf_count=1051528 5073388 48561 346312 121126 1385 842 29 61 6985 5751 1904 40 787 20 4707 25 1558 91 763 199 134070 501 214866 98057 184804 3065 3150 13058 3292 708
internal_value=0 0.00395113 0.0487119 0.0145295 0.0575632 0.470154 0.395676 1.94064 0.290797 0.049864 0.724877 1.3946 1.21011 9.94902 0.325097 6.34597 0.0295855 0.590658 -0.361481 -0.177326 0.140655 0.303244 -0.0014553 0.00203691 0.0854564 0.219077 0.00225649 0.590131 0.45044 0.0165709
internal_weight=0 6.2701e+06 675717 492585 371459 23589 22747 1446 21301 13698 7603 2842 2782 60 4761 54 347870 1995 6713 5950 183132 49062 5.59439e+06 5.37952e+06 306134 117472 188662 19415 16350 185512
internal_count=7321633 6270105 675717 492585 371459 23589 22747 1446 21301 13698 7603 2842 2782 60 4761 54 347870 1995 6713 5950 183132 49062 5594388 5379522 306134 117472 188662 19415 16350 185512
is_linear=0
shrinkage=0.1


Tree=60
num_leaves=31
num_cat=0
split_feature=26 8 15 8 14 13 14 4 14 0 0 15 26 26 13 3 21 12 14 21 15 6 11 18 12 11 15 18 11 18
split_gain=66313.8 240445 226475 234260 216738 252491 211214 176709 193795 542231 425439 163706 161952 789767 729245 220499 231143 168510 156348 150162 147205 143514 255188 231031 204178 301661 371736 275503 301916 228268
threshold=3.5950000000000002 116.50000000000001 1.4030475065616801 1073.5000000000002 35.520000000000003 4.955000000000001 40.005000000000003 1.0000000180025095e-35 509.5750000000001 17.500000000000004 14.500000000000002 0.86341375682891053 26.060000000000006 11.495000000000003 1.5450000000000002 7.7700532286139543 33.883288290323883 3.4650000000000003 751.73500000000013 25.921826227355329 0.35782955625326501 1.0000000180025095e-35 9.6443558052434479 83.420000000000016 0.98250000000000015 3.8031448814343558 0.50899688334817472 11.285000000000002 5.137612136577407 35.285000000000004
decision_type=2 2 2 2 2 2 2 2 2 2 2 2 2 2 2 2 2 2 2 2 2 2 2 2 2 2 2 2 2 2
left_child=-1 4 3 6 -2 7 -3 8 11 10 12 -6 13 -10 -15 16 17 -14 20 21 -8 23 24 -5 25 -23 27 -27 -29 -28
right_child=1 2 -4 19 5 -7 18 -9 9 -11 -12 -13 15 14 -16 -17 -18 -19 -20 -21 -22 22 -24 -25 -26 26 29 28 -30 -31
leaf_value=0.0018405880730094756 -0.25961668472278965 -0.18172874102079506 -0.24943073094228443 -0.17602841903044003 1.2019247388102052 -0.016981854152782382 1.0783016135284289 -2.2668875378544859 0.18371622369096086 -4.4162321883440017 16.40323295922115 0.34552597114765821 1.4382894764775815 31.126371459960939 4.1218273925781252 -5.0311016196012499 -2.909960199171497 12.735320478870022 6.9105329725477436 -0.42003231485803894 0.2478722449969876 0.041544468303179427 1.338277163787438 -1.5127229671801681 -0.21551819206855596 0.53698238714211655 0.083077396191067618 2.9308621904903784 10.182973684650838 1.6429533131415615
leaf_weight=7057649 11729 11622 68401 27841 2483 23415 2326 239 74 80 29 22089 23 20 20 40 31 31 36 13521 25942 23243 1468 1356 23523 147 2530 133 101 1491
leaf_count=7057649 11729 11622 68401 27841 2483 23415 2326 239 74 80 29 22089 23 20 20 40 31 31 36 13521 25942 23243 1468 1356 23523 147 2530 133 101 1491
internal_value=0 -0.0492084 -0.101138 -0.0261571 0.12619 0.219349 0.177207 0.439298 0.465252 2.80855 4.96521 0.432065 3.57733 6.30315 17.6241 1.09138 3.97255 7.92362 0.324591 -0.111308 0.316203 -0.0602988 0.0383317 -0.238109 0.00103647 0.185302 0.944355 3.92972 6.06105 0.661485
internal_weight=0 263984 203681 135280 60303 48574 39926 25159 24920 348 268 24572 239 114 40 125 85 54 28304 95354 28268 81833 52636 29197 51168 27645 4402 381 234 4021
internal_count=7321633 263984 203681 135280 60303 48574 39926 25159 24920 348 268 24572 239 114 40 125 85 54 28304 95354 28268 81833 52636 29197 51168 27645 4402 381 234 4021
is_linear=0
shrinkage=0.1


Tree=61
num_leaves=31
num_cat=0
split_feature=21 14 3 2 2 13 8 0 26 21 26 14 18 14 21 12 0 14 18 2 14 26 0 3 8 25 16 16 21 16
split_gain=64403.8 179513 349130 450569 330460 291430 200800 349395 110455 83243.8 246629 330013 296566 260829 270357 304519 238745 276311 205875 293661 183463 251756 202480 174128 158179 178260 179717 426082 151390 151190
threshold=33.228507133152185 509.5750000000001 8.1494274809160334 27.500000000000004 26.500000000000004 2.1550000000000007 248.50000000000003 8.5000000000000018 29.215000000000003 21.806458357887127 0.025000000000000005 230.54500000000004 8.1550000000000029 250.17500000000004 25.921826227355329 200.10000000000002 16.500000000000004 751.73500000000013 93.940000000000012 27.500000000000004 222.31500000000003 86.485000000000014 1.0000000180025095e-35 10.31914662416691 5.5000000000000009 3.5000000000000004 0.46250000000000008 0.33250000000000007 24.488251813304284 84.570000000000007
decision_type=2 2 2 2 2 2 2 2 2 2 2 2 2 2 2 2 2 2 2 2 2 2 2 2 2 2 2 2 2 2
left_child=9 -2 3 8 5 -4 7 -6 -3 -1 11 -11 13 -13 15 -15 -16 -18 -14 29 -12 22 -22 -21 28 26 27 -26 -24 -20
right_child=1 2 4 -5 6 -7 -8 -9 -10 10 20 12 18 14 16 -17 17 -19 19 23 21 -23 24 -25 25 -27 -28 -29 -30 -31
leaf_value=0.0017654810592141051 0.11709379664371289 6.6813252544403072 6.5801986240205315 -15.714956092834473 21.047262062072754 -9.3994061660766608 4.2333986024598813 5.5687333992549348 -1.9230347813786688 0.014262892808461073 -0.089107449360138771 0.53817845459759628 0.094525075367618089 1.5276448660056685 4.8751665555437409 -7.5168835426898717 2.3319449807777537 -8.0248622059822079 0.84889724935165778 13.73730705517989 -2.0128268877710931 1.5138982185051202 -5.0832659346716751 4.240493354370197 -0.078720190081466912 -1.3170756130223285 -0.77860382373373682 6.5312197299316681 4.0723867364632067 7.9336139863537198
leaf_weight=6936170 33716 25 21 20 25 25 74 35 37 126133 200378 1071 6311 179 525 47 322 28 1063 26 869 627 21 75 6528 2121 4902 99 129 31
leaf_count=6936170 33716 25 21 20 25 25 74 35 37 126133 200378 1071 6311 179 525 47 322 28 1063 26 869 627 21 75 6528 2121 4902 99 129 31
internal_value=0 0.137356 2.74481 -2.66364 5.20865 -2.10437 7.71909 12.0181 1.54647 -0.000640408 -0.048118 0.0574423 0.620197 1.64926 2.73007 -0.353297 3.52646 1.5034 0.322419 1.52596 -0.11459 -0.448409 -0.532285 6.68522 -0.439054 -0.474544 -0.319543 0.020025 2.7906 1.04965
internal_weight=0 33978 262 82 180 46 134 60 62 7.28766e+06 351485 135811 9678 2172 1101 226 875 350 7506 1195 215674 15296 14669 101 13800 13650 11529 6627 150 1094
internal_count=7321633 33978 262 82 180 46 134 60 62 7287655 351485 135811 9678 2172 1101 226 875 350 7506 1195 215674 15296 14669 101 13800 13650 11529 6627 150 1094
is_linear=0
shrinkage=0.1


Tree=62
num_leaves=31
num_cat=0
split_feature=21 11 15 6 12 14 14 16 0 14 12 14 8 12 8 8 13 18 2 13 14 18 15 7 26 12 8 0 14 10
split_gain=64530.5 120183 117567 236979 461690 647904 333307 373072 271250 265334 239516 293767 248462 215604 192655 313333 509750 241705 211088 205398 186456 164946 230817 155595 138376 263752 138857 180758 151653 130684
threshold=0.61376232844628809 1.0870564178369058 0.68889976734252112 1.0000000180025095e-35 327.12750000000005 751.73500000000013 122.90000000000002 0.33250000000000007 9.5000000000000018 751.73500000000013 0.15250000000000005 250.17500000000004 5882.0000000000009 0.62250000000000016 4085.5000000000005 3665.0000000000005 0.045000000000000005 64.200000000000017 26.500000000000004 0.03500000000000001 127.95500000000001 17.285000000000004 0.57084388493939386 1919260.5000000002 0.03500000000000001 141.31500000000003 108.50000000000001 1.0000000180025095e-35 325.42000000000002 1.0000000180025095e-35
decision_type=2 2 2 2 2 2 2 2 2 2 2 2 2 2 2 2 2 2 2 2 2 2 2 2 2 2 2 2 2 2
left_child=-1 -2 3 4 5 -3 13 9 -7 10 11 12 -8 21 15 17 -17 19 -18 -12 -16 -5 -23 -6 25 -4 -27 -28 -29 -9
right_child=1 2 24 6 23 8 7 29 -10 -11 14 -13 -14 -15 20 16 18 -19 -20 -21 -22 22 -24 -25 -26 26 27 28 -30 -31
leaf_value=-0.016497699564002138 -0.01285260287531741 0.016393417039208977 0.028348101298684994 0.15022304545624982 -13.308642712345829 12.786676572901863 0.81076404747538389 5.9055545844914725 1.3571428790236966 -2.2275911750695894 -0.033071742470414882 6.1927041794671567 5.8738672054381595 -0.0001430240358433375 7.1997537348005514 10.458178540279992 6.2391540286232194 5.4830129736348212 0.69872973333310318 0.62755403998306547 -0.0078158011793506479 1.4077230659154585 0.016840940419309555 -4.3899819444602644 -0.041744333749410424 0.090957364727420595 -2.6105723784401498 0.5470449943055532 2.0907078698947217 1.158146890004476
leaf_weight=1790968 2191678 2075900 330796 116828 27 56 1260 163 33 391 6740 129 105 172128 36 76 83 95 401 15598 11974 2520 2266 71 596847 1664 116 1120 1474 90
leaf_count=1790968 2191678 2075900 330796 116828 27 56 1260 163 33 391 6740 129 105 172128 36 76 83 95 401 15598 11974 2520 2266 71 596847 1664 116 1120 1474 90
internal_value=0 0.00534237 0.0172854 0.0289618 0.0164352 0.0167592 0.107559 0.389814 8.54876 0.363566 0.391326 1.63131 1.20023 0.0718701 0.338401 0.507956 2.8444 0.449631 1.64884 0.428225 0.0137889 0.173795 0.74919 -6.84716 -0.0128695 0.0385487 0.809996 1.2515 1.42421 4.21675
internal_weight=0 5.53066e+06 3.33899e+06 2.40697e+06 2.07609e+06 2.07599e+06 330883 37141 89 36888 36497 1494 1365 293742 35003 22993 560 22433 484 22338 12010 121614 4786 98 932017 335170 4374 2710 2594 253
internal_count=7321633 5530665 3338987 2406970 2076087 2075989 330883 37141 89 36888 36497 1494 1365 293742 35003 22993 560 22433 484 22338 12010 121614 4786 98 932017 335170 4374 2710 2594 253
is_linear=0
shrinkage=0.1


Tree=63
num_leaves=31
num_cat=0
split_feature=26 7 7 21 3 8 13 2 0 14 14 8 8 2 3 13 26 26 18 8 14 1 14 15 8 14 13 12 0 3
split_gain=58620.5 139830 126978 153091 134796 104197 92363.9 119614 86334.7 143468 83005.1 74179.1 92616.6 120318 90182.4 116775 74123.5 73470.6 257474 240842 220528 245785 193283 153056 267408 210895 172099 207975 208135 202817
threshold=40.945000000000007 6570.0000000000009 1020841.5000000001 32.102631101271896 13.212222028800179 270.50000000000006 128.35500000000005 27.500000000000004 17.500000000000004 214.71500000000003 200.01000000000002 45.500000000000007 132.50000000000003 27.500000000000004 13.003289473684212 128.35500000000005 86.485000000000014 4.8050000000000006 183.14000000000001 55.500000000000007 751.73500000000013 -26.499999999999996 45.930000000000007 1.4030475065616801 621.50000000000011 58.995000000000012 28.010000000000002 200.10000000000002 2.5000000000000004 10.825949615444985
decision_type=2 2 2 2 2 2 2 2 2 2 2 2 2 2 2 2 2 2 2 2 2 2 2 2 2 2 2 2 2 2
left_child=17 -2 3 8 -4 -6 16 -8 9 -3 -7 -11 -13 14 15 -14 -5 -1 19 22 -20 -22 -19 24 25 -21 27 -25 29 -29
right_child=1 2 4 6 5 10 7 -9 -10 11 -12 12 13 -15 -16 -17 -18 18 20 23 21 -23 -24 26 -26 -27 -28 28 -30 -31
leaf_value=0.0013787640756895959 -4.6799709731979027 0.33127713288928645 -0.12720570076657739 -1.6165818276076482 0.38783760784738108 0.12299213456671412 -4.9818780472278599 2.7802060462810374 0.37089629512748973 8.1665840747124623 2.7858392017832014 0.27332646435704727 7.4240127710735102 10.125958742254547 -0.73955533968077769 0.018453345760222405 5.4169535852247677 -0.20871364837581791 -1.2031885460653204 -0.072789090267164153 -16.184107439517977 -3.5938878245975658 0.38229884447166396 -0.26877755028645106 -0.10043190399463514 0.60264086403428418 0.35073064549235267 2.4191527789289302 1.2712162699454872 16.158465063004268
leaf_weight=7122075 56 122 4132 29 1215 164 75 27 151 45 409 58 68 35 36 31 31 7635 893 7977 20 69 20104 62827 77152 10994 5004 22 156 21
leaf_count=7122075 56 122 4132 29 1215 164 75 27 151 45 409 58 68 35 36 31 31 7635 893 7977 20 69 20104 62827 77152 10994 5004 22 156 21
internal_value=0 0.296011 0.338053 1.60371 0.186687 0.912081 -1.09587 -2.92721 2.40469 3.18216 2.0237 4.45619 3.72387 4.90111 3.54653 5.1051 2.01741 -0.000270479 -0.0611705 -0.0529052 -1.67628 -6.42315 0.219626 -0.0989583 -0.0177244 0.318633 -0.213738 -0.258554 2.96914 9.12905
internal_weight=0 6684 6628 708 5920 1788 162 102 546 395 573 273 228 170 135 99 60 7.31495e+06 192874 191892 982 89 27739 164153 96123 18971 68030 63026 199 43
internal_count=7321633 6684 6628 708 5920 1788 162 102 546 395 573 273 228 170 135 99 60 7314949 192874 191892 982 89 27739 164153 96123 18971 68030 63026 199 43
is_linear=0
shrinkage=0.1


Tree=64
num_leaves=31
num_cat=0
split_feature=13 26 10 18 14 15 26 14 14 6 14 21 3 15 12 1 21 14 17 14 15 12 14 16 2 14 11 7 14 2
split_gain=59317.4 81296 189322 169821 88537.1 100086 87252.8 122003 104263 115309 101852 124629 79597.4 76222.5 156788 167126 130798 539688 442748 256138 286655 211680 179970 173180 149818 169265 280614 174361 135104 127536
threshold=0.055000000000000007 5.4850000000000012 1.0000000180025095e-35 183.14000000000001 40.405000000000008 3.074890243902439 9.0350000000000019 192.90000000000001 108.26500000000001 1.0000000180025095e-35 168.34000000000003 25.921826227355329 13.856944168487981 0.71809090909090922 171.39000000000001 -23.499999999999996 10.487127586999657 69.285000000000011 0.025000000000000005 300.30000000000007 0.56528258362168404 0.39750000000000008 325.42000000000002 0.33250000000000007 27.500000000000004 198.17000000000004 5.137612136577407 1919260.5000000002 246.57500000000002 27.500000000000004
decision_type=2 2 2 2 2 2 2 2 2 2 2 2 2 2 2 2 2 2 2 2 2 2 2 2 2 2 2 2 2 2
left_child=1 -1 3 4 -3 6 7 -6 -8 -10 -11 12 -12 14 16 -16 -2 -18 21 -20 29 22 -19 24 25 -23 -27 -28 -26 -21
right_child=13 2 -4 -5 5 -7 8 -9 9 10 11 -13 -14 -15 15 -17 17 18 19 20 -22 23 -24 -25 28 26 27 -29 -30 -31
leaf_value=-0.005919228961668738 0.012445194374201642 -0.27468764614544727 -0.37637571532301112 -4.559368996857069 0.21800654503179204 -1.0071957255753172 0.17326926739049189 -1.4884536456002131 0.13477736861054862 1.129544532729889 7.543992590904236 0.39215761091476098 3.3102989400923253 -0.010112628751198565 -0.22614993498031863 -2.6468374990576868 0.0023993944899676923 1.0160333819124245 0.7502966202112501 5.6954886163274452 1.4625142147724934 0.12167030190032586 7.7816830641031265 1.8134113822336031 -0.013199461349318329 -0.13287738793108017 0.42299620626037565 1.310943681789168 -0.8861130355801804 13.417155448852046
leaf_weight=4482445 1463973 4195 18596 78 6075 589 2098 450 740 1054 54 133 250 1036347 788 447 219843 2303 13816 69 188 40197 40 631 10994 4244 4533 4318 2114 31
leaf_count=4482445 1463973 4195 18596 78 6075 589 2098 450 740 1054 54 133 250 1036347 788 447 219843 2303 13816 69 188 40197 40 631 10994 4244 4533 4318 2114 31
internal_value=0 -0.00709301 -0.160433 0.0950817 0.118297 0.262366 0.331259 0.10032 0.679349 1.15526 1.66174 2.94533 4.06234 0.011422 0.0240412 -1.1023 0.0248283 0.0845952 0.301062 0.811824 3.76345 0.197221 1.13154 0.164563 0.148894 0.223391 0.535637 0.856185 -0.153979 8.08921
internal_weight=0 4.51676e+06 34312 15716 15638 11443 10854 6525 4329 2231 1491 437 304 2.80488e+06 1.76853e+06 1235 1.76729e+06 303321 83478 14104 288 69374 2343 67031 66400 53292 13095 8851 13108 100
internal_count=7321633 4516757 34312 15716 15638 11443 10854 6525 4329 2231 1491 437 304 2804876 1768529 1235 1767294 303321 83478 14104 288 69374 2343 67031 66400 53292 13095 8851 13108 100
is_linear=0
shrinkage=0.1


Tree=65
num_leaves=31
num_cat=0
split_feature=2 12 3 18 1 6 3 3 26 14 8 16 5 14 0 3 3 1 16 26 16 13 15 26 12 3 14 26 13 14
split_gain=54359 286961 247762 222797 198482 208030 220028 206066 165598 357229 206477 247425 158182 192613 149984 150702 146122 143797 136380 248522 132357 120336 128669 118533 110361 106742 106426 97045.3 118172 158490
threshold=27.500000000000004 327.12750000000005 15.31497493734336 33.140000000000008 -25.499999999999996 1.0000000180025095e-35 7.3631368631368632 10.31914662416691 3.8550000000000004 222.31500000000003 447.50000000000006 0.28750000000000009 1.0000000180025095e-35 751.73500000000013 7.5000000000000009 11.755687085502389 9.9670154024992748 -26.499999999999996 50.882500000000007 21.300000000000004 5.0750000000000011 0.19500000000000003 1.1784247076023393 40.945000000000007 1.6525000000000001 11.616538561509044 541.41500000000008 8.2550000000000008 0.075000000000000025 751.73500000000013
decision_type=2 2 2 2 2 2 2 2 2 2 2 2 2 2 2 2 2 2 2 2 2 2 2 2 2 2 2 2 2 2
left_child=-1 8 3 17 5 -5 -7 -8 -2 -10 14 21 13 -6 15 25 -15 20 27 -20 -3 24 26 -24 -12 -11 -23 -16 -29 -30
right_child=1 2 -4 4 12 6 7 -9 9 10 11 -13 -14 16 18 -17 -18 -19 19 -21 -22 22 23 -25 -26 -27 -28 28 29 -31
leaf_value=0.0038204281572279462 -0.013350824559890867 -1.5249336242675782 12.422159037382707 -0.56114986871297545 -0.15261658668518066 -0.54166167894999184 13.448653610944749 4.2425196701480496 -0.10355844381157681 -0.79354330060675426 -1.4814446878200496 -3.7694589933925222 2.9554159071048103 -12.469386262893678 -1.264426984806704 -3.50201084922467 -2.3290568070279227 12.38273364099963 12.559357897875209 1.4493339191198349 9.2439906256539484 1.8562455210558797 -2.1787578767106157 1.7466352542241415 -5.8819659604864611 5.3838820712319739 -3.3336353206634524 7.4042152547836313 0.7745064569281499 -4.9759304345822812
leaf_weight=6118750 1159553 25 23 104 85 45 40 62 37353 789 1674 424 60 30 393 224 27 29 24 125 21 324 345 99 59 29 45 25 796 51
leaf_count=6118750 1159553 25 23 104 85 45 40 62 37353 789 1674 424 60 30 393 224 27 29 24 125 21 324 345 99 59 29 45 25 796 51
internal_value=0 -0.0194335 2.26215 1.81957 0.98374 2.86155 5.28304 7.85277 -0.0204791 -0.213696 -0.971891 -1.53285 -1.34957 -3.16858 -0.293531 -1.20386 -7.66607 6.868 0.377307 3.23887 3.39131 -1.16038 -0.156635 -1.3035 -1.63126 -0.574539 1.22333 0.0402532 0.628257 0.428258
internal_weight=0 1.20288e+06 551 528 453 251 147 102 1.20233e+06 42779 5426 2970 202 142 2456 1042 57 75 1414 149 46 2546 813 444 1733 818 369 1265 872 847
internal_count=7321633 1202883 551 528 453 251 147 102 1202332 42779 5426 2970 202 142 2456 1042 57 75 1414 149 46 2546 813 444 1733 818 369 1265 872 847
is_linear=0
shrinkage=0.1


Tree=66
num_leaves=31
num_cat=0
split_feature=8 7 24 18 0 0 12 2 15 12 14 1 14 18 18 14 16 21 5 15 12 1 14 5 2 14 8 16 0 8
split_gain=53103.1 52966.1 106469 146230 269627 241602 269816 330546 203284 409986 194418 167451 664742 918215 219041 148039 235369 180349 168631 339225 242641 166012 147485 169814 147269 187265 173511 172719 223990 278889
threshold=23109.000000000004 1919260.5000000002 400.00000000000006 31.650000000000002 7.5000000000000009 17.500000000000004 141.31500000000003 27.500000000000004 0.85078984183383943 1.9325000000000003 248.75000000000003 -21.499999999999996 751.73500000000013 183.14000000000001 115.04000000000001 751.73500000000013 5.0750000000000011 23.266330780877443 1.0000000180025095e-35 0.93198297213622294 200.10000000000002 -24.499999999999996 509.5750000000001 1.0000000180025095e-35 27.500000000000004 366.89500000000004 82.500000000000014 4.8850000000000007 14.500000000000002 148.50000000000003
decision_type=2 2 2 2 2 2 2 2 2 2 2 2 2 2 2 2 2 2 2 2 2 2 2 2 2 2 2 2 2 2
left_child=1 -1 -3 15 11 6 7 8 9 22 -9 14 -13 -14 -5 -4 18 -18 19 -17 -20 -21 -6 -24 27 -26 -27 -8 -29 -30
right_child=-2 2 3 4 5 -7 24 10 -10 -11 -12 12 13 -15 -16 16 17 -19 20 21 -22 -23 23 -25 25 26 -28 28 29 -31
leaf_value=-0.0058959898279326564 0.1450586480997576 0.0019162130046058796 0.045266309867171506 -0.048208397931843998 1.2098919248864073 0.096057597077730122 2.6479517435988487 0.25319255390188711 0.62712327060589479 7.2410243757180313 -1.910010066916831 0.37255244362997464 23.220639795641745 1.3153600845336915 -1.3458666999866298 9.8238208739845856 6.2227888934073912 -1.0665942349433899 -2.4613415866722299 0.31916636840717216 -9.817534243675972 -4.663264429764669 13.237302667986263 2.4354533433914187 1.487688612180097 13.820991592407228 4.8310295156546337 -0.61238489963381859 1.4651386370305235 11.21273174736951
leaf_weight=5207663 25150 1685929 374102 7983 1294 7408 687 1033 4784 134 695 1353 31 50 1554 27 62 75 162 148 62 122 22 43 175 25 152 529 142 37
leaf_count=5207663 25150 1685929 374102 7983 1294 7408 687 1033 4784 134 695 1353 31 50 1554 27 62 75 162 148 62 122 22 43 175 25 152 529 142 37
internal_value=0 -0.000499998 0.0129528 0.0591364 0.279028 0.526573 0.853608 0.607881 0.945037 1.96373 -0.616846 -0.108163 0.899352 9.69886 -0.259654 0.0426304 -1.45599 2.23225 -2.42584 -0.863429 -4.49743 -1.93215 1.44337 6.09146 1.97956 3.80735 6.1008 1.51836 0.422273 3.48
internal_weight=0 7.29648e+06 2.08882e+06 402891 28131 17160 9752 8005 6277 1493 1728 10971 1434 81 9537 374760 658 137 521 297 224 270 1359 65 1747 352 177 1395 708 179
internal_count=7321633 7296483 2088820 402891 28131 17160 9752 8005 6277 1493 1728 10971 1434 81 9537 374760 658 137 521 297 224 270 1359 65 1747 352 177 1395 708 179
is_linear=0
shrinkage=0.1


Tree=67
num_leaves=31
num_cat=0
split_feature=21 14 3 2 2 13 8 0 0 21 26 14 18 18 14 21 22 16 14 8 0 8 13 8 13 18 3 21 16 12
split_gain=51676.8 149388 277744 357245 259329 229959 174505 278877 91632.7 77787.4 172817 230369 235249 209683 165573 161108 167156 161233 222063 284574 380682 370360 224058 452700 159037 198605 158981 151567 137806 134520
threshold=33.228507133152185 509.5750000000001 8.1494274809160334 27.500000000000004 26.500000000000004 2.1550000000000007 248.50000000000003 8.5000000000000018 4.5000000000000009 21.806458357887127 0.025000000000000005 230.54500000000004 2.7750000000000004 2.6250000000000004 80.085000000000022 28.872821175412202 4.541972752559345 40.010000000000012 751.73500000000013 40.500000000000007 6.5000000000000009 55.500000000000007 118.00000000000001 71.500000000000014 156.215 59.515000000000008 9.9670154024992748 25.921826227355329 84.570000000000007 171.39000000000001
decision_type=2 2 2 2 2 2 2 2 2 2 2 2 2 2 2 2 2 2 2 2 2 2 2 2 2 2 2 2 2 2
left_child=9 -2 3 8 5 -4 7 -6 -3 -1 11 -11 13 -13 -12 17 29 18 24 20 -20 -21 23 -23 -16 -26 -24 -19 -14 -17
right_child=1 2 4 -5 6 -7 -8 -9 -10 10 14 12 28 -15 15 16 -18 27 19 21 -22 22 26 -25 25 -27 -28 -29 -30 -31
leaf_value=0.0017520510714981162 0.10455406999422033 5.030451179273201 5.9353874751499731 -13.94362487912178 18.997473102569582 -8.2592533569335949 3.6736691242939723 5.1688888025283823 -2.6744151806009229 0.0058179973718136199 -0.04274901900943287 1.4304225091297711 0.27770897050585813 7.4664159027735399 -0.33445496387139911 -0.20321764844164814 0.76690745683424311 3.3640084240319474 -20.010112075805665 8.2203992740528005 -2.3143124211219051 12.986337147588316 -11.388155496531519 -1.4369676465251586 0.32411217801469977 6.242495545634517 -3.5152775064072999 -1.0050745386175994 6.8528745532035833 0.65342556389096751
leaf_weight=6936170 33716 33 21 20 25 25 74 35 29 126133 147821 1411 8175 60 46098 15782 2516 224 20 37 31 23 29 404 189 81 222 123 32 2074
leaf_count=6936170 33716 33 21 20 25 25 74 35 29 126133 147821 1411 8175 60 46098 15782 2516 224 20 37 31 23 29 404 189 81 222 123 32 2074
internal_value=0 0.123038 2.50166 -2.32226 4.69923 -1.77909 6.92313 10.9308 1.42656 -0.000573652 -0.0464689 0.0418944 0.512076 1.67662 -0.102112 -0.231436 0.00380733 -0.332368 -0.34818 -2.03693 -9.25384 -1.52216 -2.05383 -0.660068 -0.320281 2.09963 -4.42489 1.81531 0.303346 -0.103717
internal_weight=0 33978 262 82 180 46 134 60 62 7.28766e+06 351485 135811 9678 1471 215674 67853 20372 47481 47134 766 51 715 678 427 46368 270 251 347 8207 17856
internal_count=7321633 33978 262 82 180 46 134 60 62 7287655 351485 135811 9678 1471 215674 67853 20372 47481 47134 766 51 715 678 427 46368 270 251 347 8207 17856
is_linear=0
shrinkage=0.1


Tree=68
num_leaves=31
num_cat=0
split_feature=14 6 8 12 11 7 18 14 16 14 15 13 2 12 14 1 25 7 18 0 16 16 26 13 14 12 11 15 11 14
split_gain=51397.6 134558 178833 202838 272367 240758 281311 250084 252631 249462 204666 199004 197942 185225 353373 172568 169726 169160 160683 154402 211753 152722 137230 138856 218069 135106 133076 346159 308512 348894
threshold=15.005000000000001 1.0000000180025095e-35 430.50000000000006 1.2425000000000004 7.2922110575007748 1919260.5000000002 70.430000000000021 209.56500000000003 0.11750000000000001 541.41500000000008 0.095341368914694066 0.13500000000000004 26.500000000000004 1.2825000000000004 325.42000000000002 -22.499999999999996 3.5000000000000004 457568.00000000006 44.240000000000009 11.500000000000002 0.097500000000000017 0.16750000000000004 10.955000000000002 0.32500000000000007 541.41500000000008 1.2375 1.7849419487847225 0.52171538999872769 3.8571709969148871 200.01000000000002
decision_type=2 2 2 2 2 2 2 2 2 2 2 2 2 2 2 2 2 2 2 2 2 2 2 2 2 2 2 2 2 2
left_child=-1 22 13 4 26 7 10 8 -6 12 25 17 -8 14 -3 -11 -16 -9 -10 -18 -21 -14 -2 24 -24 -7 -4 28 -28 -30
right_child=1 2 3 -5 5 6 9 11 18 15 -12 -13 21 -15 16 -17 19 -19 -20 20 -22 -23 23 -25 -26 -27 27 -29 29 -31
leaf_value=-0.016374684045899788 -3.0314402917685179e-05 0.28029066767175326 -0.023888664550745117 -0.10564146851270857 0.19576749897914805 1.8594377723227913 5.0367775177150165 1.4358393947293977 1.1262237893334626 12.677812519073488 0.44508346110620134 0.51269267137650054 0.53280661977734034 0.073525653101762109 0.91809666570211435 1.3012680196762085 7.5125408671118992 -1.0268556578192098 3.7215641422960291 -4.8285260057449344 5.1313698897490632 4.8125245896896516 -0.51885713512072151 -0.036562707600519953 -3.7588451358620256 6.789629660668921 0.2001199587957502 -0.052217298688545868 0.65009564509855622 2.8815833370814095
leaf_weight=1519156 5168949 45020 176553 107475 1977 626 185 309 607 40 4536 1873 478 137174 173 20 121 2865 393 30 74 101 7094 9702 214 61 61938 67765 5317 807
leaf_count=1519156 5168949 45020 176553 107475 1977 626 185 309 607 40 4536 1873 478 137174 173 20 121 2865 393 30 74 101 7094 9702 214 61 61938 67765 5317 807
internal_value=0 0.00428708 0.0484532 0.0135163 0.0527457 0.483121 0.95961 0.124032 0.850932 2.67681 0.688699 -0.304734 2.1892 0.13148 0.306517 8.88563 3.27315 -0.787104 2.14619 5.08392 2.25832 1.27936 -0.000963484 -0.284532 -0.613734 2.2972 0.0333597 0.107773 0.267066 0.944154
internal_weight=0 5.80248e+06 616518 433926 326451 14071 6047 8024 2977 824 5223 5047 764 182592 45418 60 398 3174 1000 225 104 579 5.18596e+06 17010 7308 687 312380 135827 68062 6124
internal_count=7321633 5802477 616518 433926 326451 14071 6047 8024 2977 824 5223 5047 764 182592 45418 60 398 3174 1000 225 104 579 5185959 17010 7308 687 312380 135827 68062 6124
is_linear=0
shrinkage=0.1


Tree=69
num_leaves=31
num_cat=0
split_feature=21 12 12 11 15 6 12 14 12 18 21 14 2 0 15 14 12 14 12 8 8 13 25 0 2 1 14 14 25 15
split_gain=48024.8 113491 89061.8 82091.7 99357.5 199968 373193 521503 300910 304574 442730 336100 250606 291984 214183 183897 220788 174578 220903 168468 317873 339934 161141 133123 258997 196850 130577 113908 101869 268542
threshold=0.61376232844628809 200.10000000000002 327.12750000000005 1.795507209511398 0.68889976734252112 1.0000000180025095e-35 327.12750000000005 751.73500000000013 0.63250000000000017 16.025000000000002 25.921826227355329 168.34000000000003 27.500000000000004 9.5000000000000018 0.43873304473304481 751.73500000000013 327.12750000000005 196.70000000000002 200.10000000000002 4085.5000000000005 3390.5000000000005 0.045000000000000005 2.5000000000000004 10.500000000000002 26.500000000000004 -23.499999999999996 541.41500000000008 102.40500000000002 3.5000000000000004 0.31625274504853768
decision_type=2 2 2 2 2 2 2 2 2 2 2 2 2 2 2 2 2 2 2 2 2 2 2 2 2 2 2 2 2 2
left_child=1 -1 -3 -2 5 6 7 -5 9 27 11 14 13 -9 -11 16 17 -10 19 20 22 -22 -19 24 -20 -25 -8 -7 -21 -30
right_child=3 2 -4 4 -6 8 26 12 15 10 -12 -13 -14 -15 -16 -17 -18 18 23 28 21 -23 -24 25 -26 -27 -28 -29 29 -31
leaf_value=-0.013933036681839959 -0.0069642890455467385 -4.8414771824348266 -0.83280004791871853 0.018106971825977782 -0.0089863325153047117 0.1710108177378612 -12.226954577519344 16.244350619316101 0.018785613451803986 2.5574100231154238 -0.12112289126579412 7.1758009646697474 -0.58695801955003002 2.1041448655335802 0.88716285228184411 -2.1464713026864795 6.6316484965530096 -0.88485238820370005 6.6691330996955323 -0.70247623239113999 9.1473490815413623 2.0001756811782578 0.6592905531835167 -0.15741153307583022 -2.702973806485534 -7.1752490019366935 -3.9590952330165439 0.5342999295598605 2.6071749501637425 -0.040565115486179956
leaf_weight=1790715 2907285 82 171 1469016 922723 47625 26 40 152306 1278 2079 110 26 23 1923 381 51 737 41 1548 76 535 8141 69 105 95 72 10541 432 3381
leaf_count=1790715 2907285 82 171 1469016 922723 47625 26 40 152306 1278 2079 110 26 23 1923 381 51 737 41 1548 76 535 8141 69 105 95 72 10541 432 3381
internal_value=0 -0.0142323 -2.13206 0.00460876 0.0174343 0.0317692 0.0181591 0.0185707 0.118163 0.303486 1.02262 1.74078 7.67313 11.0821 1.55401 0.0480103 0.0530015 0.050998 0.374622 0.429775 0.682942 2.88919 0.531105 -2.26738 -0.0710808 -4.22262 -6.15261 0.236847 -0.0183332 0.259415
internal_weight=0 1.79097e+06 253 5.53066e+06 2.62338e+06 1.70066e+06 1.4692e+06 1.4691e+06 231454 63556 5390 3311 89 63 3201 167898 167517 167466 15160 14850 9489 611 8878 310 146 164 98 58166 5361 3813
internal_count=7321633 1790968 253 5530665 2623380 1700657 1469203 1469105 231454 63556 5390 3311 89 63 3201 167898 167517 167466 15160 14850 9489 611 8878 310 146 164 98 58166 5361 3813
is_linear=0
shrinkage=0.1


Tree=70
num_leaves=31
num_cat=0
split_feature=26 8 15 14 8 14 12 14 14 13 3 2 8 14 6 17 15 13 12 8 17 14 21 2 18 26 11 21 21 14
split_gain=46058.6 187000 175809 224829 162255 142406 141413 131621 315826 193911 158462 164049 217672 207057 138113 128309 124791 119489 132272 119482 117355 115692 130227 175305 221838 141725 112537 110397 168018 166958
threshold=3.5950000000000002 976.50000000000011 1.1784247076023393 60.005000000000003 45.500000000000007 45.930000000000007 0.50250000000000006 214.71500000000003 210.87500000000003 0.13500000000000004 13.074631021999446 27.500000000000004 1917.5000000000002 246.57500000000002 1.0000000180025095e-35 0.025000000000000005 1.7837480407523512 0.30500000000000005 0.85250000000000015 101.50000000000001 0.15500000000000003 248.75000000000003 14.102594559223187 27.500000000000004 15.205000000000002 12.735000000000001 6.5860176779742003 28.872821175412202 25.921826227355329 222.31500000000003
decision_type=2 2 2 2 2 2 2 2 2 2 2 2 2 2 2 2 2 2 2 2 2 2 2 2 2 2 2 2 2 2
left_child=-1 2 3 -2 5 -4 21 8 16 -9 11 12 -11 -13 -14 -15 20 18 -16 -5 -8 -3 -23 24 -24 -26 -25 28 -6 -30
right_child=1 6 4 19 27 -7 7 9 -10 10 -12 13 14 15 17 -17 -18 -19 -20 -21 -22 22 23 26 25 -27 -28 -29 29 -31
leaf_value=0.0015339465611800985 -0.024278327491063473 -0.0017107426318588139 -0.17172764348838399 1.1210967075309386 -0.095337471989286146 0.31753382602536251 -0.13564062479189229 -0.93195747442575749 3.3245977526831512 -0.79690313886534581 0.98776966270055344 0.6251230328701235 -0.20799234030850694 -1.3577720639498339 -0.52514961490907319 -3.929994472726297 -0.67651767694768405 -0.061708316486328844 2.6476227741671585 0.36478129673740506 4.1156067406214198 -0.87437344503814662 -1.8411833180033643 2.7692550738652546 4.446031286772576 1.5085200035475006 -2.5838142958987094 0.098614419553204213 -0.28161328620263198 -1.1677715199656624
leaf_weight=7057649 19343 32502 8429 2384 51306 20220 63429 5780 260 2154 1046 370 1130 598 164 287 4495 416 661 16869 65 293 115 54 316 342 144 20438 7389 2985
leaf_count=7057649 19343 32502 8429 2384 51306 20220 63429 5780 260 2154 1046 370 1130 598 164 287 4495 416 661 16869 65 293 115 54 316 342 144 20438 7389 2985
internal_value=0 -0.0410103 0.0327194 0.216514 -0.0313225 0.173585 -0.137088 -0.208867 -0.154033 -0.505739 -0.144833 -0.349799 -0.0692325 -1.3614 0.59184 -2.19193 -0.167336 1.32013 2.01691 0.458432 -0.131289 0.0347924 0.97342 1.53099 2.21103 2.91924 -1.12389 -0.10281 -0.169553 -0.536595
internal_weight=0 263984 149363 38596 110767 28649 114621 80855 68249 12606 6826 5780 4525 1255 2371 885 67989 1241 825 19253 63494 33766 1264 971 773 658 198 82118 61680 10374
internal_count=7321633 263984 149363 38596 110767 28649 114621 80855 68249 12606 6826 5780 4525 1255 2371 885 67989 1241 825 19253 63494 33766 1264 971 773 658 198 82118 61680 10374
is_linear=0
shrinkage=0.1


Tree=71
num_leaves=31
num_cat=0
split_feature=2 12 3 0 15 16 8 26 26 14 13 8 0 0 14 21 3 15 14 0 7 10 8 18 26 3 14 11 18 3
split_gain=44481.8 203661 199199 148113 226916 175218 158273 149727 129733 273630 130713 300608 137171 173445 149244 235632 136162 133235 112640 97919.7 99815.9 91909.1 91801.5 88423.1 79533.9 79250.2 89141.8 114429 186648 78649.6
threshold=27.500000000000004 327.12750000000005 15.31497493734336 6.5000000000000009 6.8370836019772199 0.027500000000000004 124.50000000000001 21.300000000000004 3.3750000000000004 204.54500000000004 128.35500000000005 216.50000000000003 13.500000000000002 17.500000000000004 405.02000000000004 16.460509296098724 17.006891333559384 1.9107239583333335 405.02000000000004 16.500000000000004 1919260.5000000002 1.0000000180025095e-35 9.5000000000000018 28.705000000000002 40.945000000000007 11.091625891608819 541.41500000000008 18.720427927927933 19.645000000000003 10.056480758077583
decision_type=2 2 2 2 2 2 2 2 2 2 2 2 2 2 2 2 2 2 2 2 2 2 2 2 2 2 2 2 2 2
left_child=-1 8 3 -3 -5 -6 7 -7 -2 -10 12 -12 17 14 16 23 21 25 -15 -17 -21 -14 -19 -16 -13 26 27 -11 -29 -24
right_child=1 2 -4 4 5 6 -8 -9 9 10 11 24 13 18 15 19 -18 22 -20 20 -22 -23 29 -25 -26 -27 -28 28 -30 -31
leaf_value=0.0034559500659117406 -0.011622027524912811 -0.25178284916685401 11.014592257789944 11.021572110056878 -5.0915777961413067 12.287088677190965 1.4952506604772178 1.6382614799167801 -0.070205710462788187 -0.29085894325596418 -0.22069516827252286 12.145557886362077 -2.2958356545345318 -0.52273132999031213 6.0291713380813601 10.990365828024714 3.7002763184309004 1.5961155439825621 -2.3971398518744271 8.5160698880320016 -1.143443603515625 0.26159166009388685 -2.2784977391493895 -1.3866787669135303 4.7137411150667408 -1.3790921429337728 -4.6595317841939083 -2.6263504166992346 4.7439666541730583 -1.1257992655800206
leaf_weight=6118750 1152389 251 23 32 30 31 161 23 41438 1093 242 24 169 2051 20 38 100 85 380 23 20 834 1287 82 36 720 41 49 115 1096
leaf_count=6118750 1152389 251 23 32 30 31 161 23 41438 1093 242 24 169 2051 20 38 100 85 380 23 20 834 1287 82 36 720 41 49 115 1096
internal_value=0 -0.0175795 1.90453 1.50769 3.10201 2.06762 3.06658 7.75148 -0.0184604 -0.176249 -0.692911 1.35026 -0.768132 -0.318893 0.620303 3.26508 0.181504 -1.14036 -0.815728 7.29179 4.02327 -0.169321 -1.63316 0.0674095 7.68647 -0.537676 -0.0709435 0.0787241 2.54186 -1.74834
internal_weight=0 1.20288e+06 551 528 277 245 215 54 1.20233e+06 49943 8505 302 8203 3717 1286 183 1103 4486 2431 81 43 1003 2468 102 60 2018 1298 1257 164 2383
internal_count=7321633 1202883 551 528 277 245 215 54 1202332 49943 8505 302 8203 3717 1286 183 1103 4486 2431 81 43 1003 2468 102 60 2018 1298 1257 164 2383
is_linear=0
shrinkage=0.1


Tree=72
num_leaves=31
num_cat=0
split_feature=11 21 26 14 14 8 24 13 12 8 14 21 13 14 16 12 0 14 12 12 14 5 22 15 14 0 13 14 0 13
split_gain=45834.7 122820 156041 226184 108948 292734 105465 195408 126687 119065 561480 131058 210597 373696 237130 160771 125314 264446 246874 119829 110274 155989 108942 175133 163720 403477 533167 223853 221959 247636
threshold=15.949366438356167 21.806458357887127 5.4850000000000012 119.96000000000002 260.97500000000008 690.50000000000011 400.00000000000006 4.6400000000000015 90.50500000000001 9.5000000000000018 470.11500000000007 18.944137109817394 1.635 248.75000000000003 11.520000000000001 327.12750000000005 17.500000000000004 470.11500000000007 0.13250000000000003 2.0425000000000004 139.87500000000003 1.0000000180025095e-35 4.541972752559345 3.4360934744268081 509.5750000000001 2.5000000000000004 1.5450000000000002 246.57500000000002 6.5000000000000009 1.5450000000000002
decision_type=2 2 2 2 2 2 2 2 2 2 2 2 2 2 2 2 2 2 2 2 2 2 2 2 2 2 2 2 2 2
left_child=1 -1 -3 -4 -5 -6 8 9 -2 10 20 12 14 -14 15 16 18 -18 -11 -19 -8 -22 23 -13 27 26 -26 -25 29 -27
right_child=6 2 3 4 5 -7 7 -9 -10 11 -12 22 13 -15 -16 -17 17 19 -20 -21 21 -23 -24 24 25 28 -28 -29 -30 -31
leaf_value=0.0011029897819056027 -0.027040260058927186 -0.043000868162296216 -0.12697246677364607 -0.68118077432911694 9.1934705918485466 -2.5681300153093298 0.38779983939452273 0.0050596591183527124 -1.2785639129716195 9.6654086770682497 14.35565382798513 0.1678845563727577 0.5304650238080395 2.985277689276733 -3.1544486087590164 4.9754735468185114 0.067448128642635261 -3.480073096996509 0.42710194386836708 0.78121764846594943 2.926882897067963 0.28774799129618039 0.327389821598283 -0.13959973876627915 20.511853313446046 1.3562712907791139 -1.3936340093612671 -1.240777808838214 2.5814781246786445 -12.196819133024951
leaf_weight=6776705 106755 248484 18932 6016 22 555 3677 100999 815 29 30 16053 2614 813 202 73 4252 322 11357 83 454 442 12297 6918 25 28 20 2518 117 26
leaf_count=6776705 106755 248484 18932 6016 22 555 3677 100999 815 29 30 16053 2614 813 202 73 4252 322 11357 83 454 442 12297 6918 25 28 20 2518 117 26
internal_value=0 -0.00155095 -0.0671872 -0.30264 -0.807074 -2.11968 0.0403636 0.0909953 -0.0365224 0.2302 0.719661 0.191185 0.400183 1.11283 0.250518 0.293196 0.271891 -0.165118 0.450632 -2.60677 0.630205 1.62499 0.0825943 -0.0345133 -0.371137 2.35099 10.7761 -0.43345 0.133867 -5.16929
internal_weight=0 7.05071e+06 274009 25525 6593 577 270919 163349 107570 62350 4603 57747 19745 3427 16318 16116 16043 4657 11386 405 4573 896 38002 25705 9652 216 45 9436 171 54
internal_count=7321633 7050714 274009 25525 6593 577 270919 163349 107570 62350 4603 57747 19745 3427 16318 16116 16043 4657 11386 405 4573 896 38002 25705 9652 216 45 9436 171 54
is_linear=0
shrinkage=0.1


Tree=73
num_leaves=31
num_cat=0
split_feature=13 12 0 3 26 16 13 6 14 12 18 13 8 14 12 18 14 10 10 16 15 19 14 8 15 18 8 3 26 2
split_gain=45323.9 70470.1 304214 139437 66976.3 122070 144578 116017 106120 132896 190484 139264 203368 203118 115122 195420 97903.7 89476.2 89346.7 92128.2 85170.8 78948.2 181573 164281 257759 254855 175239 180830 155542 131138
threshold=0.025000000000000005 200.10000000000002 8.5000000000000018 16.176275161227284 0.03500000000000001 62.100000000000009 100.53500000000001 1.0000000180025095e-35 97.145000000000024 2.2025000000000006 33.140000000000008 0.48500000000000004 319.50000000000006 222.31500000000003 0.99250000000000005 44.240000000000009 541.41500000000008 1.0000000180025095e-35 1.0000000180025095e-35 0.29250000000000009 0.33830981410261185 1.0000000180025095e-35 325.42000000000002 101.50000000000001 1.9107239583333335 147.99500000000003 60.500000000000007 11.755687085502389 0.025000000000000005 27.500000000000004
decision_type=2 2 2 2 2 2 2 2 2 2 2 2 2 2 2 2 2 2 2 2 2 2 2 2 2 2 2 2 2 2
left_child=1 -1 -3 -4 5 7 -7 -2 -9 10 11 18 -13 -14 15 -12 20 -18 19 -10 -16 -11 -23 24 -24 -25 -26 -28 29 -27
right_child=4 2 3 -5 -6 6 -8 8 9 21 14 12 13 -15 16 -17 17 -19 -20 -21 -22 22 23 25 26 28 27 -29 -30 -31
leaf_value=-0.008031292602358452 0.016366483127926403 -9.8749753436526735 5.5129245485808402 -3.8403809326035638 -0.0033727670261930465 -1.5749125905334951 6.8789283509687955 0.05871511992620726 0.82588663838270016 0.51260439398084068 1.4832917523824358 0.37690624386634469 2.6778733494519491 11.260569574038188 -3.3583926134331281 7.1306640174794715 0.97613428592681883 10.121670880525009 0.13801572896372671 6.0832381669212801 1.1715614487509083 0.14676396493083996 4.2735664609012067 -2.0379896724631936 -3.1458752298716344 -1.2576147280241314 -0.10928134467543625 7.9039172242669498 4.7258226299285893 6.7851237571757785
leaf_weight=3551256 1431366 37 37 28 2241227 32 55 67076 1696 3856 176 583 341 30 43 94 20 23 8157 34 1194 12269 143 1213 165 171 164 34 90 23
leaf_count=3551256 1431366 37 37 28 2241227 32 55 67076 1696 3856 176 583 341 30 43 94 20 23 8157 34 1194 12269 143 1213 165 171 164 34 90 23
internal_value=0 -0.00810679 -2.63653 1.48381 0.00763607 0.0237725 3.76947 0.0235593 0.129052 0.283643 0.536045 0.38779 1.54162 3.37189 1.57297 3.44941 1.17715 5.86793 0.276457 0.92921 1.01409 0.111119 0.00264553 -0.880125 0.677592 -1.40665 -0.739004 1.26672 1.28989 -0.304094
internal_weight=0 3.55136e+06 102 65 3.77028e+06 1.52905e+06 87 1.52896e+06 97595 30519 12391 10841 954 371 1550 270 1280 43 9887 1730 1237 18128 14272 2003 506 1497 363 198 284 194
internal_count=7321633 3551358 102 65 3770275 1529048 87 1528961 97595 30519 12391 10841 954 371 1550 270 1280 43 9887 1730 1237 18128 14272 2003 506 1497 363 198 284 194
is_linear=0
shrinkage=0.1


Tree=74
num_leaves=31
num_cat=0
split_feature=8 25 5 18 12 10 12 26 22 18 14 12 15 14 16 2 12 3 18 26 3 13 18 18 12 14 13 18 8 1
split_gain=41331 41291.9 93629.2 149787 399825 729961 432809 187908 184818 173555 162756 751946 613832 215192 154982 157504 238109 151385 239780 252942 351238 316022 285198 221008 193429 148963 197172 152098 146544 137960
threshold=23109.000000000004 3.5000000000000004 1.0000000180025095e-35 59.515000000000008 171.39000000000001 1.0000000180025095e-35 200.10000000000002 0.025000000000000005 4.541972752559345 49.685000000000009 325.42000000000002 1.8825000000000001 3.8734282700421945 98.595000000000013 152.40500000000003 27.500000000000004 54.522500000000008 13.792961376874837 16.495000000000001 0.025000000000000005 9.0597948633338863 118.00000000000001 33.140000000000008 35.285000000000004 200.10000000000002 541.41500000000008 156.215 147.99500000000003 5.5000000000000009 -26.499999999999996
decision_type=2 2 2 2 2 2 2 2 2 2 2 2 2 2 2 2 2 2 2 2 2 2 2 2 2 2 2 2 2 2
left_child=1 2 -1 4 10 6 -6 -5 17 -10 13 -12 -13 -4 15 25 -17 18 -7 20 21 -20 -21 -24 -19 26 -9 -27 -8 -29
right_child=-2 -3 3 7 5 8 28 14 9 -11 11 12 -14 -15 -16 16 -18 24 19 22 -22 -23 23 -25 -26 27 -28 29 -30 -31
leaf_value=-0.0030847656559367131 0.12797400153793995 0.0035020583857010307 -0.031752881185110479 1.701782045003245 -0.73583451490092089 -1.3982002468238917 -0.77777796173095703 0.071580321060108282 -4.0310277499155518 3.8578218599781398 -0.91753297471301765 6.3084522791016884 -1.8702741109555767 -0.2643503933833295 -5.0554857288088115 -0.50164717050614183 3.4760474462719522 1.0888014643800026 5.0724585788590568 3.5049612837349806 2.3649356698732316 21.30057817867824 -10.360483682566676 -0.89879357570625218 -4.6195626146304356 -6.4490126767466158 5.3378574681608653 -6.12809184299575 -8.8649185549605782 -0.13109566583083226
leaf_weight=1278307 25150 5723851 238767 1007 123 372 25 2724 217 32 734 353 124 47726 56 270 340 102 28 149 162 21 29 166 142 62 73 45 216 260
leaf_count=1278307 25150 5723851 238767 1007 123 372 25 2724 217 32 734 353 124 47726 56 270 340 102 28 149 162 21 29 166 142 62 73 45 216 260
internal_value=0 -0.000441109 -0.0147929 -0.0656435 -0.0748649 -1.5673 -5.56257 0.486243 -0.54316 -3.0172 -0.0656106 1.09125 4.18233 -0.0705006 0.166649 0.244137 1.71543 -0.0170833 0.566252 1.88297 4.60882 12.0274 0.211004 -2.30592 -2.23328 -0.0395194 0.209027 -1.93375 -8.026 -1.0159
internal_weight=0 7.29648e+06 1.57263e+06 294325 289488 1784 364 4837 1420 249 287704 1211 477 286493 3830 3774 610 1171 927 555 211 49 344 195 244 3164 2797 367 241 305
internal_count=7321633 7296483 1572632 294325 289488 1784 364 4837 1420 249 287704 1211 477 286493 3830 3774 610 1171 927 555 211 49 344 195 244 3164 2797 367 241 305
is_linear=0
shrinkage=0.1


Tree=75
num_leaves=31
num_cat=0
split_feature=12 16 0 0 14 8 2 16 7 2 1 14 7 8 14 13 15 14 21 1 9 21 14 25 18 18 13 8 8 13
split_gain=39397.1 127135 116531 176857 206043 199708 243490 178650 372803 229879 307416 445936 229624 177172 234782 164094 240830 155910 243754 164630 154961 146660 141399 175035 231053 158590 129603 124526 116857 115628
threshold=45.030000000000008 8.8150000000000013 5.5000000000000009 18.500000000000004 300.30000000000007 753.50000000000011 26.500000000000004 11.910000000000002 95472.500000000015 27.500000000000004 -26.499999999999996 751.73500000000013 1020841.5000000001 5.5000000000000009 541.41500000000008 31.510000000000002 10.066381131341933 751.73500000000013 16.460509296098724 -23.499999999999996 1.0000000180025095e-35 33.883288290323883 751.73500000000013 3.5000000000000004 21.255000000000006 115.04000000000001 2.6050000000000004 65.500000000000014 20.500000000000004 0.065000000000000016
decision_type=2 2 2 2 2 2 2 2 2 2 2 2 2 2 2 2 2 2 2 2 2 2 2 2 2 2 2 2 2 2
left_child=1 -1 29 4 -4 22 -7 15 -9 10 11 20 -11 14 -12 17 -17 26 -19 -20 -10 28 -5 24 -24 -25 -6 -14 -15 -2
right_child=2 -3 3 5 7 6 -8 8 9 12 13 -13 27 21 -16 16 -18 18 19 -21 -22 -23 23 25 -26 -27 -28 -29 -30 -31
leaf_value=-0.00020918327437663433 -2.3238381671395825 -0.43000351244968749 0.19556155999342731 -0.13157668171746711 0.27911155947962324 6.5731508595082495 0.79571046448518323 9.427385066105769 -4.4704419876998056 9.1117749258529326 -0.66556624218269633 -15.06140962044398 -5.643678890228272 -6.5724631698508009 13.432551329476494 -0.03346286066817291 1.9552801378936238 -0.044901400196308998 12.900903322431777 3.6810960573308606 4.2019405058452062 4.1410705889974322 -7.8345095366239548 -11.487511590032867 -0.12409086975607429 -2.4431668190245937 2.5622186321558771 2.155690462307065 -0.86067492883318131 -0.10719825228241323
leaf_weight=7263402 239 6889 18573 11391 370 90 385 39 78 43 27 36 25 38 21 1473 1038 49 45 34 28 56 44 33 333 47 758 113 624 15312
leaf_count=7263402 239 6889 18573 11391 370 90 385 39 78 43 27 36 25 38 21 1473 1038 49 45 34 28 56 44 33 333 47 758 113 624 15312
internal_value=0 -0.000616437 0.0872906 0.186597 0.347678 -0.120167 1.89038 0.924851 -0.179146 -0.523182 -1.17186 -5.44543 2.73098 -0.379636 5.50236 1.25543 0.788646 2.18864 5.49608 8.93289 -2.17962 -0.772862 -0.200772 -1.92551 -1.02398 -6.17396 1.81333 0.742761 -1.18854 -0.141265
internal_weight=0 7.27029e+06 51342 35791 23468 12323 475 4895 1128 1089 908 142 181 766 48 3767 2511 1256 128 79 106 718 11848 457 377 80 1128 138 662 15551
internal_count=7321633 7270291 51342 35791 23468 12323 475 4895 1128 1089 908 142 181 766 48 3767 2511 1256 128 79 106 718 11848 457 377 80 1128 138 662 15551
is_linear=0
shrinkage=0.1


Tree=76
num_leaves=31
num_cat=0
split_feature=21 12 12 11 21 26 26 14 2 8 3 1 1 8 8 5 1 2 15 12 1 26 14 0 13 14 14 12 19 25
split_gain=39245.2 81032.7 72777.4 69467.6 119244 100560 89376.2 144791 83746.1 212122 152059 639682 177057 116638 140104 247241 164110 138070 109245 291892 303537 154655 173368 146553 279194 154116 132107 330566 156916 138703
threshold=0.61376232844628809 200.10000000000002 327.12750000000005 13.125339285714288 21.806458357887127 53.555000000000007 3.8950000000000005 201.28500000000003 26.500000000000004 3715.5000000000005 9.7366930073058011 -21.499999999999996 -21.499999999999996 4085.5000000000005 3715.5000000000005 1.0000000180025095e-35 -26.499999999999996 27.500000000000004 2.4855725623582772 200.10000000000002 -23.499999999999996 6.7650000000000006 751.73500000000013 6.5000000000000009 0.56500000000000006 751.73500000000013 246.57500000000002 2.9925000000000006 1.0000000180025095e-35 3.5000000000000004
decision_type=2 2 2 2 2 2 2 2 2 2 2 2 2 2 2 2 2 2 2 2 2 2 2 2 2 2 2 2 2 2
left_child=1 -1 -3 4 5 -2 -6 -8 9 -5 12 -12 -11 14 18 16 -16 -18 19 21 23 -10 26 25 -25 -21 -23 29 -29 -28
right_child=3 2 -4 8 6 -7 7 -9 13 10 11 -13 -14 -15 15 -17 17 -19 -20 20 -22 22 -24 24 -26 -27 27 28 -30 -31
leaf_value=-0.012612878540077628 0.0047668391747331257 -4.2516240026892689 -0.62791340807725116 0.13546202603444241 -0.042857117196172093 1.5558760853607374 -0.16876008618568622 -1.0768284567389588 0.065032083077260619 1.5869556140493264 -4.0267001477725195 6.8580568744290265 -2.5290113810858976 -1.4017249335885318 8.0333357602357864 -0.46545100152862739 1.1708081730400643 6.9403080590642423 -0.067801058849258231 -1.7616079380512237 -5.8606902015281896 0.98660314717481656 8.3213852175350862 11.67871509031816 -0.24102294979536018 -11.377717208862306 1.1492411150186548 5.7473950415503152 1.0665430139171781 -0.89002351016180836
leaf_weight=1790715 4976101 82 171 105390 222514 418 30021 1865 94525 264 418 62 173 582 63 322 205 52 91686 100 164 3182 29 22 184 20 422 129 161 1591
leaf_count=1790715 4976101 82 171 105390 222514 418 30021 1865 94525 264 418 62 173 582 63 322 205 52 91686 100 164 3182 29 22 184 20 422 129 161 1591
internal_value=0 -0.0128657 -1.8024 0.00416624 0.00148343 0.00489712 -0.0652946 -0.221873 0.0509845 0.122286 -1.39207 -2.62075 -0.0424775 0.0117999 0.0160656 1.49087 3.45941 2.33818 0.0111398 0.0831366 -2.3516 0.0950622 0.609861 -0.586293 1.03196 -3.36429 0.569089 -0.00778127 3.14872 -0.462517
internal_weight=0 1.79097e+06 253 5.53066e+06 5.23092e+06 4.97652e+06 254400 31886 299746 106307 917 480 437 193439 192857 642 320 257 192215 100529 490 100039 5514 326 206 120 5485 2303 290 2013
internal_count=7321633 1790968 253 5530665 5230919 4976519 254400 31886 299746 106307 917 480 437 193439 192857 642 320 257 192215 100529 490 100039 5514 326 206 120 5485 2303 290 2013
is_linear=0
shrinkage=0.1


Tree=77
num_leaves=31
num_cat=0
split_feature=14 21 21 26 17 16 14 18 12 11 21 14 15 18 14 2 18 11 2 14 18 14 15 13 13 12 7 13 3 14
split_gain=38530.4 107988 52302.7 169785 163181 300606 362871 194175 155751 334406 290072 224086 156743 153422 150940 142167 139756 139442 138935 335968 164191 138876 183756 169097 163294 143919 139280 134400 132850 124747
threshold=6.4150000000000009 7.5210234038549517 0.85140067531331509 3.8950000000000005 0.025000000000000005 0.052500000000000012 751.73500000000013 70.430000000000021 0.96250000000000024 2.5694350337110525 16.460509296098724 79.945000000000007 0.52171538999872769 16.495000000000001 150.04000000000005 27.500000000000004 35.285000000000004 17.262942467089228 27.500000000000004 209.56500000000003 19.645000000000003 76.545000000000016 0.69845105355575077 0.32500000000000007 0.21500000000000002 1.1125000000000005 333015.50000000006 0.095000000000000015 14.098061660561662 751.73500000000013
decision_type=2 2 2 2 2 2 2 2 2 2 2 2 2 2 2 2 2 2 2 2 2 2 2 2 2 2 2 2 2 2
left_child=1 -1 3 -2 8 6 7 -6 9 -4 11 -11 16 -14 -5 27 28 21 29 -20 -21 -10 24 -24 -23 -26 -27 -15 -13 -12
right_child=2 -3 4 14 5 -7 -8 -9 17 10 18 12 13 15 -16 -17 -18 -19 19 20 -22 22 23 -25 25 26 -28 -29 -30 -31
leaf_value=0.0044378703751516554 -0.0020919167878666318 -0.092804202146474599 0.0032044677190472028 -0.49454171312982703 0.41262217469731194 0.06273802280671964 11.851602683748517 2.5786751826040573 -0.031279767252374101 0.16158018870313212 0.12584578426611601 0.65547719001156501 -0.28194760877665281 0.47098131779416791 -2.9311473909990933 -0.15959020923912337 2.6732224811267642 0.057442162883684401 -0.050971107995101295 -0.91659350517245886 -3.1827541316810408 -0.15370245189394194 -0.4630884850270105 -0.11394800160179618 1.4743837376638922 1.2401675086018114 0.077876389480592265 1.2714071657500949 1.7029984615385296 5.0735197532410723
leaf_weight=365803 5426898 166034 598269 951 19158 174546 28 423 237504 22355 64502 6295 2628 6493 347 2213 448 108686 12515 978 475 29538 28464 27059 910 1125 12339 3099 1499 51
leaf_count=365803 5426898 166034 598269 951 19158 174546 28 423 237504 22355 64502 6295 2628 6493 347 2213 448 108686 12515 978 475 29538 28464 27059 910 1125 12339 3099 1499 51
internal_value=0 -0.0259201 0.00203029 -0.00236543 0.0195544 0.104444 0.475682 0.459414 0.00543665 0.0341357 0.183914 0.386249 0.607747 0.409065 -1.14593 0.562897 0.955669 -0.0410499 0.0678788 -0.21808 -1.65742 -0.0728203 -0.172041 -0.292936 -0.0191808 0.257256 0.174993 0.729584 0.856944 0.129755
internal_weight=0 531837 6.7898e+06 5.4282e+06 1.3616e+06 194155 19609 19581 1.16744e+06 721820 123551 45030 22675 14433 1298 11805 8242 445625 78521 13968 1453 336939 99435 55523 43912 14374 13464 9592 7794 64553
internal_count=7321633 531837 6789796 5428196 1361600 194155 19609 19581 1167445 721820 123551 45030 22675 14433 1298 11805 8242 445625 78521 13968 1453 336939 99435 55523 43912 14374 13464 9592 7794 64553
is_linear=0
shrinkage=0.1


Tree=78
num_leaves=31
num_cat=0
split_feature=10 26 14 16 26 3 21 8 5 26 8 26 12 11 15 25 14 4 21 0 0 13 21 26 8 15 11 14 21 12
split_gain=35007.5 113783 208244 296275 135810 382237 182390 145131 131319 134648 137839 124249 119379 172633 241098 156211 134503 172134 180793 113608 126137 110438 118829 98027.6 196753 139787 134029 159275 301734 153999
threshold=1.0000000180025095e-35 0.48500000000000004 541.41500000000008 0.027500000000000004 2.5550000000000002 16.929430331131382 20.361829940509359 390.50000000000006 1.0000000180025095e-35 23.575000000000003 238.50000000000003 8.2550000000000008 1.3025000000000004 2.4094214142761845 0.69845105355575077 3.5000000000000004 61.615000000000002 1.0000000180025095e-35 21.806458357887127 10.500000000000002 13.500000000000002 0.14500000000000005 20.361829940509359 3.3750000000000004 690.50000000000011 1.1359032517061423 24.628928571428577 366.89500000000004 20.361829940509359 2.3225000000000007
decision_type=2 2 2 2 2 2 2 2 2 2 2 2 2 2 2 2 2 2 2 2 2 2 2 2 2 2 2 2 2 2
left_child=1 -1 12 -4 6 8 -5 -8 9 11 19 -6 13 -3 15 -15 -17 18 21 -11 -21 22 -18 -2 25 -25 27 -27 -29 -28
right_child=23 2 3 4 5 -7 7 -9 -10 10 -12 -13 -14 14 -16 16 17 -19 -20 20 -22 -23 -24 24 -26 26 29 28 -30 -31
leaf_value=-0.01087643273324893 0.014079388131035276 0.034768105597303513 -7.3944906870524099 -0.93751188423032805 -0.66809585936798543 9.0112550458242726 -3.8998851513862611 -12.559226735432944 -2.7556532752353515 1.9315711687130432 3.8866630354570968 -5.8577242332592352 -0.046660225452518592 0.074010823609076112 0.026525157424684143 0.23573338036487895 0.71516902982253538 -0.034555598340723345 -0.29022626617632474 -6.1658824616290158 -0.13914217648369478 1.9072692293181757 1.628591081624861 0.29306656597503178 -0.14216369810785764 -0.12239847408284471 0.81069966781824698 -3.0707534222444384 7.9233030495820218 0.063888376264289212
leaf_weight=4033980 2607760 272279 72 268 242 43 100 24 223 163 126 57 108448 12642 40790 11926 10489 2881 1351 47 133 1052 1648 19020 118901 37965 2993 331 27 35652
leaf_count=4033980 2607760 272279 72 268 242 43 100 24 223 163 126 57 108448 12642 40790 11926 10489 2881 1351 47 133 1052 1648 19020 118901 37965 2993 331 27 35652
internal_value=0 -0.00547706 0.0413633 -1.13578 -0.819773 -0.218891 -2.40475 -5.57589 -0.619391 0.000903357 1.05813 -1.65742 0.0451677 0.0732154 0.199677 0.367885 0.494479 0.67161 0.811532 0.0190779 -1.71279 0.92439 0.839196 0.00872982 -0.0561893 0.0503079 -0.00968163 -0.142195 -2.24159 0.121728
internal_weight=0 4.49898e+06 465004 1498 1426 1034 392 124 991 768 469 299 463506 355058 82779 41989 29347 17421 14540 343 180 13189 12137 2.82265e+06 214889 95988 76968 38323 358 38645
internal_count=7321633 4498984 465004 1498 1426 1034 392 124 991 768 469 299 463506 355058 82779 41989 29347 17421 14540 343 180 13189 12137 2822649 214889 95988 76968 38323 358 38645
is_linear=0
shrinkage=0.1


Tree=79
num_leaves=31
num_cat=0
split_feature=2 13 15 0 8 14 16 16 8 3 1 8 26 19 0 21 14 14 16 1 21 14 11 14 1 17 18 5 17 7
split_gain=35926.9 141429 213916 166701 199185 161632 177033 120197 105047 101353 107894 137841 98253.4 93597.4 84086.3 160549 279640 108069 96965.6 82618 73809.7 158816 309027 222651 207048 229719 159582 169325 152298 122132
threshold=27.500000000000004 128.35500000000005 10.066381131341933 21.500000000000004 50.500000000000007 405.02000000000004 0.027500000000000004 7.6275000000000004 294.50000000000006 11.616538561509044 -25.499999999999996 216.50000000000003 3.1450000000000005 1.0000000180025095e-35 7.5000000000000009 36.995128987870253 366.89500000000004 230.54500000000004 7.6925000000000017 -25.499999999999996 16.460509296098724 222.31500000000003 39.961155172413804 216.98500000000004 -26.499999999999996 0.015000000000000001 59.515000000000008 1.0000000180025095e-35 0.025000000000000005 1020841.5000000001
decision_type=2 2 2 2 2 2 2 2 2 2 2 2 2 2 2 2 2 2 2 2 2 2 2 2 2 2 2 2 2 2
left_child=-1 7 -3 4 -4 13 -7 20 14 19 12 -12 -11 -6 15 17 -17 -9 -16 -8 -2 23 -23 -22 25 -24 29 -28 -25 -26
right_child=1 2 3 -5 5 6 9 8 -10 10 11 -13 -14 -15 18 16 -18 -19 -20 -21 21 22 24 28 26 -27 27 -29 -30 -31
leaf_value=0.0031058896197088365 -0.0068221718595822302 -0.96716289659627064 -0.20725274455240547 -2.582721552303282 -3.2445440811269424 -2.0609824730799748 8.4595510656183421 -0.66625244665469308 -1.7049352615580053 10.278863544464112 17.171732694779834 7.7118438321490617 3.1171945292994661 3.0676750271728164 -2.5343895717671043 0.14028371312248875 13.276030522301085 -2.6981727197985128 0.25675215345744368 0.98204059547848177 -0.07305192249265452 -1.0813564234777349 11.673059446161444 2.9888810226366154 -3.3829132916327724 1.3209819514767833 -0.081937498749846627 4.848341993645791 -0.47733827189402156 -0.4699398011112168
leaf_weight=6118750 1085186 278 136 59 34 26 22 1047 663 30 24 43 53 76 133 71 21 349 1940 45 105474 4220 22 398 167 836 193 109 186 1042
leaf_count=6118750 1085186 278 136 59 34 26 22 1047 663 30 24 43 53 76 133 71 21 349 1940 45 105474 4220 22 398 167 836 193 109 186 1042
internal_value=0 -0.0157988 1.29227 2.43848 3.04431 4.29703 5.73673 -0.0166977 -0.549199 6.67101 8.11539 11.1005 5.70575 1.11663 -0.33402 -0.907575 3.13866 -1.17423 0.0776775 3.43734 -0.0148199 -0.091866 -0.568242 -0.0622705 0.345791 1.58642 -0.358682 1.69753 1.88491 -0.872311
internal_weight=0 1.20288e+06 826 548 489 353 243 1.20206e+06 4224 217 150 67 83 110 3561 1488 92 1396 2073 67 1.19783e+06 112647 6589 106058 2369 858 1511 302 584 1209
internal_count=7321633 1202883 826 548 489 353 243 1202057 4224 217 150 67 83 110 3561 1488 92 1396 2073 67 1197833 112647 6589 106058 2369 858 1511 302 584 1209
is_linear=0
shrinkage=0.1


Tree=80
num_leaves=31
num_cat=0
split_feature=26 21 21 15 14 18 21 0 7 2 8 16 2 1 3 12 8 14 8 18 13 12 0 0 1 0 1 12 13 8
split_gain=34243.1 77095.3 53645.7 79493.1 117015 68550.7 76501.4 143004 130272 117704 159040 80573.7 96071.6 64293.9 61046.7 74406.5 60789.5 180486 58220.8 58487.9 55272.6 51981.8 51642.1 45721.9 127455 121347 41170.1 39066.1 38148.7 92975.9
threshold=86.485000000000014 13.490306365337085 23.266330780877443 5.4919345238095243 405.02000000000004 183.14000000000001 25.921826227355329 8.5000000000000018 1619415.5000000002 26.500000000000004 108.50000000000001 62.100000000000009 27.500000000000004 -23.499999999999996 8.6101518824518894 141.31500000000003 95.500000000000014 470.11500000000007 50.500000000000007 147.99500000000003 202.99500000000003 327.12750000000005 18.500000000000004 15.500000000000002 -24.499999999999996 9.5000000000000018 -23.499999999999996 1.1025000000000003 202.99500000000003 108.50000000000001
decision_type=2 2 2 2 2 2 2 2 2 2 2 2 2 2 2 2 2 2 2 2 2 2 2 2 2 2 2 2 2 2
left_child=28 -2 3 4 27 14 7 8 -7 10 -8 -11 13 -13 15 -4 17 -5 19 -16 -15 -18 -20 24 -12 -26 -23 -3 -1 -30
right_child=1 2 5 16 -6 6 9 -9 -10 11 23 12 -14 20 18 -17 21 -19 22 -21 -22 26 -24 -25 25 -27 -28 -29 29 -31
leaf_value=-0.00019648896311759824 4.269925680815005 2.1161845740599512 -0.12359820160269737 -0.59856503026238805 8.313456610838573 11.420204223692418 -1.6390818585774729 0.35344943669107232 2.9510118129707519 1.0790877706071604 11.626809583391463 2.8912494341532393 -8.1706852550506603 -0.087044385247505629 0.49136189285077547 -8.306862206459046 -0.63960773275049032 7.1437525410401195 -2.0114297587316012 6.8805011998052183 -6.8975229263305664 -4.4978253110391755 2.0184991261557395 2.0017813566403513 -0.59015000164508824 9.1927407037644162 -0.40934560675370069 -1.4430958995632097 -0.024623617623358962 1.940622569637737
leaf_weight=7318718 51 78 25 145 24 32 56 72 42 115 28 27 25 26 38 20 499 38 103 23 22 70 46 39 32 21 38 51 781 348
leaf_count=7318718 51 78 25 145 24 32 56 72 42 115 28 27 25 26 38 20 499 38 103 23 22 70 46 39 32 21 38 51 781 348
internal_value=0 0.437817 0.325173 -0.184421 1.90188 0.931925 1.57303 3.52628 6.61337 0.843676 2.76133 -0.726125 -2.80212 -1.0126 -0.418158 -3.7606 -0.588477 1.00913 0.298081 2.90038 -3.20851 -1.07013 -0.767291 4.81486 6.1693 3.28609 -3.05929 0.709027 -0.000106825 0.581139
internal_weight=0 1786 1735 943 153 792 537 146 74 391 176 215 100 75 255 45 790 183 210 61 48 607 149 120 81 53 108 129 7.31985e+06 1129
internal_count=7321633 1786 1735 943 153 792 537 146 74 391 176 215 100 75 255 45 790 183 210 61 48 607 149 120 81 53 108 129 7319847 1129
is_linear=0
shrinkage=0.1


Tree=81
num_leaves=31
num_cat=0
split_feature=15 12 1 13 14 26 8 14 21 8 14 14 3 0 7 17 10 24 17 14 12 13 7 21 0 2 7 0 8 8
split_gain=33413.4 108997 143913 120333 147729 101751 135203 162151 143951 138956 169107 109749 98031.8 83576.6 181535 172616 83397.4 170989 156626 208070 99233.4 96994.2 86885.6 82463.3 80930.9 98516.8 117635 117542 85622 80703.5
threshold=0.75773392608721968 141.31500000000003 -23.499999999999996 128.35500000000005 751.73500000000013 0.48500000000000004 1410.5000000000002 20.505000000000006 10.487127586999657 536.50000000000011 103.90000000000002 541.41500000000008 19.685670179921221 20.500000000000004 457568.00000000006 0.015000000000000001 1.0000000180025095e-35 400.00000000000006 0.025000000000000005 300.30000000000007 1.9325000000000003 49.630000000000003 1919260.5000000002 32.102631101271896 15.500000000000002 26.500000000000004 1919260.5000000002 10.500000000000002 227.50000000000003 1594.5000000000002
decision_type=2 2 2 2 2 2 2 2 2 2 2 2 2 2 2 2 2 2 2 2 2 2 2 2 2 2 2 2 2 2
left_child=1 5 13 4 24 16 7 -7 -9 10 -10 -11 -12 15 -15 -3 21 20 29 -20 -18 -1 -21 -5 25 26 27 28 -4 -19
right_child=-2 2 3 23 -6 6 -8 8 9 11 12 -13 -14 14 -16 -17 17 18 19 22 -22 -23 -24 -25 -26 -27 -28 -29 -30 -31
leaf_value=-0.0093729991005690183 -0.015496422383457643 8.5758176366488144 1.9334404525549518 -1.2312893390655519 -7.417791578769684 0.0081369545537097309 0.0041032295810062925 -0.014684933014983094 0.29210752547495439 0.15010654539308532 0.7631078410817721 -1.6438394500979876 2.4590982875348075 -10.845495187152515 -0.66588164332301125 -0.032489282551287406 0.0030197608789933003 0.23570943643005854 0.53095020990428976 10.199803704800814 0.099958182372423154 1.1505944322965183 3.3957925340708566 6.0370915938306737 -4.2376865037282307 -2.9156198390726504 -5.6834662524136634 -0.63723497558058362 10.659608234058728 0.035410395738258944
leaf_weight=3859201 1169219 24 23 37 60 101415 353967 29926 32638 59149 5824 343 362 22 86 792 1501886 32711 6884 23 113587 721 102 27 120 141 22 57 22 52242
leaf_count=3859201 1169219 24 23 37 60 101415 353967 29926 32638 59149 5824 343 362 22 86 792 1501886 32711 6884 23 113587 721 102 27 120 141 22 57 22 52242
internal_value=0 0.00294498 -0.869089 -2.21931 -2.80241 0.00314813 0.0428723 0.102627 0.17735 0.235802 0.382968 0.139764 0.862356 -0.125302 -2.73951 0.220696 -0.00101614 0.017386 0.150021 0.60437 0.00983569 -0.00915633 4.64773 1.83506 -2.08312 -1.10747 0.948563 2.379 6.19957 0.112535
internal_weight=0 6.15241e+06 1433 509 445 6.15098e+06 583624 229657 128242 98316 38824 59492 6186 924 108 816 5.56736e+06 1.70744e+06 91962 7009 1.61547e+06 3.85992e+06 125 64 385 265 124 102 45 84953
internal_count=7321633 6152414 1433 509 445 6150981 583624 229657 128242 98316 38824 59492 6186 924 108 816 5567357 1707435 91962 7009 1615473 3859922 125 64 385 265 124 102 45 84953
is_linear=0
shrinkage=0.1


Tree=82
num_leaves=31
num_cat=0
split_feature=21 14 3 2 2 13 26 0 26 2 11 8 14 1 14 8 16 13 22 2 13 13 1 7 1 1 0 12 8 0
split_gain=32240.3 100131 215614 266516 197242 176351 143468 105785 73978.9 58258.7 50534.9 125342 153419 85200.9 68617.1 99155.2 48968.2 126834 104790 97335.4 270068 166020 243705 276006 89543.6 151352 353751 105453 84318.7 82442
threshold=33.228507133152185 509.5750000000001 8.1494274809160334 27.500000000000004 26.500000000000004 2.1550000000000007 21.300000000000004 7.5000000000000009 29.215000000000003 27.500000000000004 13.125339285714288 270.50000000000006 206.62500000000003 -21.499999999999996 405.02000000000004 132.50000000000003 22.255000000000006 202.99500000000003 4.541972752559345 27.500000000000004 128.35500000000005 128.35500000000005 -26.499999999999996 1919260.5000000002 -25.499999999999996 -24.499999999999996 6.5000000000000009 327.12750000000005 116.50000000000001 15.500000000000002
decision_type=2 2 2 2 2 2 2 2 2 2 2 2 2 2 2 2 2 2 2 2 2 2 2 2 2 2 2 2 2 2
left_child=16 10 3 8 5 -4 7 -6 -3 -8 -2 14 -13 -14 -12 -16 -1 19 24 21 -21 28 23 -23 -19 26 -26 -27 29 -18
right_child=1 2 4 -5 6 -7 9 -9 -10 -11 11 12 13 -15 15 -17 17 18 -20 20 -22 22 -24 -25 25 27 -28 -29 -30 -31
leaf_value=-0.00024786105212370199 -0.022971958523065519 5.2345940551757817 5.0866466658455991 -12.243440704345703 13.874259271292852 -7.3438274078369155 5.7931963125864669 5.5354621171951299 -1.8071307929786475 0.14265931103680585 0.13279378477515835 0.68178311502875877 4.7671543507810155 -2.2103957405686381 4.2529128268912988 -2.1402781409870006 0.6429881767690816 4.5830713649590811 -2.4850438056453581 -0.33185507089337885 4.5496911552022485 -3.603890789879693 -1.4653667015058023 -16.492436703046163 -12.711863610148431 -3.1245868526399136 3.9739142594514072 3.0926785644325054 -0.96522870977852682 -1.0520684311585839
leaf_weight=7283089 19423 25 21 20 29 25 36 32 37 37 11782 2085 140 20 27 239 940 96 62 680 136 54 405 24 24 32 27 185 1488 413
leaf_count=7283089 19423 25 21 20 29 25 36 32 37 37 11782 2085 140 20 27 239 940 96 62 680 136 54 405 24 24 32 27 185 1488 413
internal_value=0 0.097183 2.04457 -2.2057 3.98081 -1.66905 5.92031 9.49981 1.03227 2.92923 0.0820502 0.224767 0.910785 3.89496 0.0969355 -1.49135 -0.000453106 -0.327834 1.31519 -0.496899 0.481736 -0.737141 -2.45114 -7.5696 1.96249 1.02377 -3.87822 2.17585 -0.445743 0.125576
internal_weight=0 33978 262 82 180 46 134 61 62 73 33716 14293 2245 160 12048 266 7.28766e+06 4566 426 4140 816 3324 483 78 364 268 51 217 2841 1353
internal_count=7321633 33978 262 82 180 46 134 61 62 73 33716 14293 2245 160 12048 266 7287655 4566 426 4140 816 3324 483 78 364 268 51 217 2841 1353
is_linear=0
shrinkage=0.1


Tree=83
num_leaves=31
num_cat=0
split_feature=2 12 8 18 13 26 14 21 8 16 0 13 18 18 7 7 18 3 0 14 1 18 0 26 3 3 0 3 15 14
split_gain=30489.1 108444 123371 199943 182632 94395.1 157165 111830 112544 126743 119932 118082 89180.4 127952 88566.6 87300 113451 84177.9 81916.2 95828.7 135173 82720.5 164621 69988.7 65103.3 64430.3 61658.1 76103.1 69356.5 60349.6
threshold=27.500000000000004 327.12750000000005 50.500000000000007 115.04000000000001 118.00000000000001 5.2950000000000008 222.31500000000003 10.487127586999657 447.50000000000006 0.28750000000000009 7.5000000000000009 0.19500000000000003 24.365000000000006 35.705000000000005 42884.000000000007 1919260.5000000002 64.200000000000017 11.755687085502389 8.5000000000000018 751.73500000000013 -26.499999999999996 46.900000000000013 16.500000000000004 0.025000000000000005 8.6101518824518894 13.766652261596084 20.500000000000004 17.915118766182598 1.0254262484951007 366.89500000000004
decision_type=2 2 2 2 2 2 2 2 2 2 2 2 2 2 2 2 2 2 2 2 2 2 2 2 2 2 2 2 2 2
left_child=-1 5 -3 4 -4 -2 -7 -8 10 11 17 -10 24 -14 -12 -6 25 -9 -16 21 -21 -20 -23 -5 -13 -17 27 -15 -28 -19
right_child=1 2 3 23 15 6 7 8 9 -11 14 12 13 26 18 16 -18 29 19 20 -22 22 -24 -25 -26 -27 28 -29 -30 -31
leaf_value=0.0028612011765396209 -0.010694416518230105 -3.6913259939713914 13.035510710011359 4.2841411768003956 -1.8126395752796762 -0.093201741015955894 -6.619406518340111 -0.52418918760069488 -1.4160554315003344 -2.908915047381412 -4.6202466141093863 5.2087328373302118 -3.1747920424998313 0.60643176803763832 6.8219442549205969 -1.3575953845320079 9.0354686460996927 -1.8193054740285053 -0.24312744164088995 1.8042759312523735 -7.8033045113086708 3.6255696427158393 0.24933477300588433 -0.022691241903351502 -1.4537474751472474 4.8331184935569773 1.5968960615304801 5.7486584324990559 -3.7373274120917688 -5.8187165952196311
leaf_weight=6118750 1172067 44 23 43 26 25674 32 725 1333 352 33 55 119 402 21 29 38 145 489 27 32 229 391 308 20 40 39 31 65 51
leaf_count=6118750 1172067 44 23 43 26 25674 32 725 1333 352 33 55 119 402 21 29 38 145 489 27 32 229 391 308 20 40 39 31 65 51
internal_value=0 -0.0145542 1.38802 1.82884 4.80763 -0.0151969 -0.189566 -0.728456 -0.687107 -1.15504 -0.159558 -0.855935 0.165461 -0.208009 0.489901 3.38476 4.64768 -1.02127 0.63173 0.520433 -3.40662 0.729356 1.49636 0.504926 3.43207 2.23122 0.449435 0.974582 -1.73699 -2.85997
internal_weight=0 1.20288e+06 551 507 156 1.20233e+06 30265 4591 4559 2416 2143 2064 731 656 1222 133 107 921 1189 1168 59 1109 620 351 75 69 537 433 104 196
internal_count=7321633 1202883 551 507 156 1202332 30265 4591 4559 2416 2143 2064 731 656 1222 133 107 921 1189 1168 59 1109 620 351 75 69 537 433 104 196
is_linear=0
shrinkage=0.1


Tree=84
num_leaves=31
num_cat=0
split_feature=26 21 13 21 18 0 12 0 13 8 0 1 1 21 14 21 14 2 0 3 0 8 18 8 14 12 0 0 3 16
split_gain=29092.5 61832.6 42908.6 58723.9 54672.7 61715.1 74161.8 66351.4 77163 76614.3 76095.4 128954 96376.1 87861 68976.3 64038 52822.3 49237.2 53591.2 49076.5 65151.6 47457.1 46682 45207.6 156313 50217.5 40702.8 40413.1 36666.5 35750.7
threshold=86.485000000000014 13.490306365337085 0.075000000000000025 23.266330780877443 183.14000000000001 17.500000000000004 327.12750000000005 1.5000000000000002 118.00000000000001 174.50000000000003 4.5000000000000009 -22.499999999999996 -24.499999999999996 26.415021400611611 751.73500000000013 31.281939121279969 300.30000000000007 26.500000000000004 12.500000000000002 8.6101518824518894 4.5000000000000009 50.500000000000007 147.99500000000003 95.500000000000014 470.11500000000007 327.12750000000005 12.500000000000002 17.500000000000004 10.545420446020598 11.520000000000001
decision_type=2 2 2 2 2 2 2 2 2 2 2 2 2 2 2 2 2 2 2 2 2 2 2 2 2 2 2 2 2 2
left_child=29 28 16 23 19 7 15 8 -6 10 13 12 26 -9 -14 -7 -3 18 -11 20 -5 22 -21 24 -4 -25 -12 -23 -2 -1
right_child=1 2 3 4 5 6 -8 9 -10 17 11 -13 14 -15 -16 -17 -18 -19 -20 21 -22 27 -24 25 -26 -27 -28 -29 -30 -31
leaf_value=0.00016491991538852249 0.75694658363407319 -0.84333012671697716 -0.47156359070282899 0.52879158547994765 -5.3074218356360996 0.54143675657419066 1.6750565850398911 7.837709257731567 1.4697733981268746 4.3944556067387266 -2.0050216114521029 4.5914064344088983 -1.1468736076354982 0.99172347972267549 -8.7350358714228094 -6.140022647380829 5.5722917209972032 2.2921481404985702 10.892409519715743 0.47460292248349445 -7.0831161768540101 -1.8903502873845939 6.1826021443242611 -0.35456637022858961 6.4909832442679063 -2.6999682451287907 3.1638977255576695 1.5647958149130528 6.1708400381022486 -0.18553412640858402
leaf_weight=7309465 22 21 151 22 24 26 71 37 56 30 25 53 25 38 23 32 33 35 22 38 23 97 23 590 41 108 39 52 29 10382
leaf_count=7309465 22 21 151 22 24 26 71 37 56 30 25 53 25 38 23 32 33 35 22 38 23 97 23 590 41 108 39 52 29 10382
internal_value=0 0.403549 0.30267 0.213537 0.840484 1.41392 -0.492049 2.01802 -0.563385 2.64956 1.72798 0.527475 -1.39564 4.36908 -4.78287 -3.14489 3.07733 5.19186 7.14359 -0.364855 -3.36174 0.277334 2.6268 -0.34367 1.01523 -0.717465 1.14479 -0.684527 3.83544 -9.84637e-05
internal_weight=0 1786 1735 1681 791 536 129 407 80 327 240 165 112 75 48 58 54 87 52 255 45 210 61 890 192 698 64 149 51 7.31985e+06
internal_count=7321633 1786 1735 1681 791 536 129 407 80 327 240 165 112 75 48 58 54 87 52 255 45 210 61 890 192 698 64 149 51 7319847
is_linear=0
shrinkage=0.1


Tree=85
num_leaves=31
num_cat=0
split_feature=21 12 11 15 26 0 12 1 14 3 0 15 0 14 24 20 14 12 3 18 0 17 13 3 16 13 26 13 26 13
split_gain=28891.3 63798.4 52004.4 90214.9 81274.2 79640.8 210264 342008 158147 238914 175456 217136 111358 186743 220808 138973 253596 635061 237059 141367 180138 154706 235588 197519 134844 134307 151308 127099 168245 125872
threshold=0.61376232844628809 78.065000000000012 17.262942467089228 3.074890243902439 53.555000000000007 17.500000000000004 0.092500000000000013 -23.499999999999996 751.73500000000013 11.653513862024502 19.500000000000004 5.4919345238095243 6.5000000000000009 286.27500000000003 70.000000000000014 1.0000000180025095e-35 751.73500000000013 327.12750000000005 6.8933563948253811 85.175000000000011 14.500000000000002 0.015000000000000001 0.14500000000000005 11.471449056603776 84.570000000000007 1.635 26.060000000000006 61.165000000000006 0.025000000000000005 1.0950000000000004
decision_type=2 2 2 2 2 2 2 2 2 2 2 2 2 2 2 2 2 2 2 2 2 2 2 2 2 2 2 2 2 2
left_child=1 -1 3 4 -2 6 7 -4 -7 10 11 -10 -8 -14 -15 19 -17 18 -18 21 25 23 -23 -16 -24 29 -27 28 -19 -21
right_child=2 -3 5 -5 -6 8 12 -9 9 -11 -12 -13 13 14 15 16 17 27 -20 20 -22 22 24 -25 -26 26 -28 -29 -30 -31
leaf_value=-0.010647686859222951 0.002755352083432948 -0.92168262121073852 1.2469501177791287 -0.14189282076776191 1.4336166895264455 -0.028494211950654266 -0.00196124515112228 13.989862039259501 13.138221159435455 -4.0837496135845655 -0.89413616282718855 -0.11986741185188295 0.10179413577034346 0.015121153681276573 9.1246792961569394 1.1742862434527497 6.5104549337316442 12.529683242525373 19.061267723756679 -0.32806860689576195 2.5831132054147199 -5.856021985140714 0.23184603202197018 1.3097588100404582 -6.3924867353131702 2.8268020641520497 -0.18929398697634087 -0.40196840633045544 1.2668481720818414 -6.7581497633095955
leaf_weight=1790199 5284211 769 85 43407 397 56338 69778 28 21 242 394 30 62773 5208 34 1384 27 21 34 393 738 66 3513 663 31 363 307 110 36 33
leaf_count=1790199 5284211 769 85 43407 397 56338 69778 28 21 242 394 30 62773 5208 34 1384 27 21 34 393 738 66 3513 663 31 363 307 110 36 33
internal_value=0 -0.0110389 0.00357466 0.00168353 0.00286284 0.0532958 0.0925249 4.40449 -0.046884 -1.55495 -0.179737 5.33935 0.0891764 0.173147 0.518723 0.857012 1.68337 4.77359 13.506 0.640095 1.37536 0.327007 0.0636594 1.69097 0.173902 0.562104 1.4448 1.58391 5.41631 -0.826173
internal_weight=0 1.79097e+06 5.53066e+06 5.32802e+06 5.28461e+06 202650 145625 113 57025 687 445 51 145512 75734 12961 7753 1612 228 61 6141 1834 4307 3610 697 3544 1096 670 167 57 426
internal_count=7321633 1790968 5530665 5328015 5284608 202650 145625 113 57025 687 445 51 145512 75734 12961 7753 1612 228 61 6141 1834 4307 3610 697 3544 1096 670 167 57 426
is_linear=0
shrinkage=0.1


Tree=86
num_leaves=31
num_cat=0
split_feature=21 26 14 14 0 3 12 5 18 14 3 14 14 13 15 18 1 13 13 14 16 21 3 8 26 18 14 2 8 1
split_gain=29228.9 101142 137492 114962 135257 158471 145350 180922 239805 246943 205318 251641 197318 363842 192300 252989 177488 155515 190765 232537 149079 149006 136271 135559 130943 140847 291697 166511 155876 144362
threshold=21.806458357887127 0.025000000000000005 230.54500000000004 222.31500000000003 1.0000000180025095e-35 5.7101018675721571 90.50500000000001 1.0000000180025095e-35 10.635000000000003 325.42000000000002 8.2022604422604442 470.11500000000007 751.73500000000013 1.5450000000000002 3.8734282700421945 55.675000000000004 -21.499999999999996 2.6050000000000004 156.215 405.02000000000004 1.1525000000000001 36.995128987870253 10.943537562934328 174.50000000000003 3.3750000000000004 39.430000000000007 366.89500000000004 27.500000000000004 124.50000000000001 -21.499999999999996
decision_type=2 2 2 2 2 2 2 2 2 2 2 2 2 2 2 2 2 2 2 2 2 2 2 2 2 2 2 2 2 2
left_child=-1 2 -2 -3 5 -5 -6 10 9 -9 11 -8 24 -14 20 17 21 -16 19 -19 -10 -15 -18 -17 -12 26 -26 -28 -27 -30
right_child=1 3 -4 4 6 -7 7 8 14 -11 12 -13 13 16 15 23 22 18 -20 -21 -22 -23 -24 -25 25 28 27 -29 29 -31
leaf_value=0.0014894776398686766 0.011611915186300323 -0.048728654047833893 0.39258177328814847 2.91343734452599 -0.54682210430659672 -1.8430413918873876 0.46389884409205673 -1.1961389772746027 1.206968945375881 -12.104486152860854 -0.6171733281410543 -3.6950298644185069 13.407413535282529 0.61788258510299876 3.912889589775693 1.2225930845309718 3.1333557901382445 -1.830439672107212 0.46127530054051297 -5.7295461056921724 9.3768023908138272 9.0737764098427522 11.846689002854484 -0.97545799728863702 0.94642972687295179 -1.2547587775955402 6.8664507456175929 -1.2179380101542321 1.3446352615237593 -2.285304304456711
leaf_weight=6936170 139571 219643 10163 76 7945 894 348 49 322 36 877 250 29 395 44 641 50 556 216 211 24 22 28 499 883 505 143 31 887 125
leaf_count=6936170 139571 219643 10163 76 7945 894 348 49 322 36 877 250 29 395 44 641 50 556 216 211 24 22 28 499 883 505 143 31 887 125
internal_value=0 -0.0268022 0.0374697 -0.0676275 -0.325678 -1.47037 -0.252223 0.074174 -0.59223 -5.81614 0.452769 -1.27478 0.712663 2.52076 -0.415535 -0.76508 1.88295 -1.90346 -2.16381 -2.90308 1.77366 1.064 6.26122 0.260464 0.438122 0.797676 1.68386 5.42613 0.180208 0.896273
internal_weight=0 385463 149734 235729 16086 970 15116 7171 2598 85 4573 598 3975 524 2513 2167 495 1027 983 767 346 417 78 1140 3451 2574 1057 174 1517 1012
internal_count=7321633 385463 149734 235729 16086 970 15116 7171 2598 85 4573 598 3975 524 2513 2167 495 1027 983 767 346 417 78 1140 3451 2574 1057 174 1517 1012
is_linear=0
shrinkage=0.1


Tree=87
num_leaves=31
num_cat=0
split_feature=14 21 6 22 14 13 15 13 12 12 2 17 14 0 12 0 0 14 16 21 12 26 18 18 14 1 25 21 26 13
split_gain=28015.1 85174.5 36909 123353 140608 130719 204998 242233 196497 160146 136352 127788 124536 124426 146961 632345 109033 1.3243e+06 336057 105525 115661 104001 122356 261113 200623 225957 191010 129841 135863 119795
threshold=5.6750000000000007 7.5210234038549517 1.0000000180025095e-35 4.541972752559345 216.98500000000004 7.330000000000001 0.76639610389610402 0.44500000000000006 1.4425000000000001 49.360000000000007 27.500000000000004 0.025000000000000005 405.02000000000004 4.5000000000000009 327.12750000000005 2.5000000000000004 7.5000000000000009 366.89500000000004 84.570000000000007 16.460509296098724 1.8625000000000005 0.03500000000000001 115.04000000000001 93.940000000000012 541.41500000000008 -22.499999999999996 3.5000000000000004 25.921826227355329 5.745000000000001 0.025000000000000005
decision_type=2 2 2 2 2 2 2 2 2 2 2 2 2 2 2 2 2 2 2 2 2 2 2 2 2 2 2 2 2 2
left_child=1 -1 19 21 -5 6 -6 10 12 -7 11 -8 -9 14 -11 -16 17 -15 -18 20 -2 -4 23 -23 26 -26 -25 28 -28 -24
right_child=2 -3 3 4 5 9 7 8 -10 13 -12 -13 -14 16 15 -17 18 -19 -20 -21 -22 22 29 24 25 -27 27 -29 -30 -31
leaf_value=0.0054511007977377027 -0.001537491123415183 -0.085503193390768062 0.088073697219627725 0.091215310161912366 3.6013582984495858 -1.1325142568563142 1.4662143079826206 3.9620634958370582 1.3568731463102497 -0.092411901566873719 -1.691299767252328 -0.56865460205829854 11.30760075957687 0.15856373578507379 6.4427252578735352 -18.402570679074241 1.3059024781134616 25.916766092051631 -6.8964504475863482 -0.066574749105466652 0.063309681704117993 -0.014342455676801508 -1.6811627839544887 4.1556036927546671 10.959548299962826 0.35656287025760963 4.4981692615677336 -1.7644945868985908 0.67422401666434073 -0.30153141060272737
leaf_weight=323489 5558414 151027 121056 119172 292 744 689 159 674 593 345 559 27 151 20 21 868 23 53 235700 289363 512178 760 171 44 37 102 197 1043 3662
leaf_count=323489 5558414 151027 121056 119172 292 744 689 159 674 593 345 559 27 151 20 21 868 23 53 235700 289363 512178 760 171 44 37 102 197 1043 3662
internal_value=0 -0.0234975 0.00162841 0.022351 0.113463 0.62156 1.09663 0.798472 2.15094 0.0942377 0.0683273 0.554763 5.02835 0.622117 -0.492744 -6.28291 1.26762 3.56338 0.833889 -0.000972832 0.00167131 0.00462184 -0.0148735 -0.0103654 1.26753 6.11621 1.00795 0.606873 1.01487 -0.538646
internal_weight=0 474516 6.84712e+06 763640 124390 5218 2745 2453 860 2473 1593 1248 186 1729 634 41 1095 174 921 6.08348e+06 5.84778e+06 639250 518194 513772 1594 81 1513 1342 1145 4422
internal_count=7321633 474516 6847117 763640 124390 5218 2745 2453 860 2473 1593 1248 186 1729 634 41 1095 174 921 6083477 5847777 639250 518194 513772 1594 81 1513 1342 1145 4422
is_linear=0
shrinkage=0.1


Tree=88
num_leaves=31
num_cat=0
split_feature=16 13 22 1 1 0 12 7 17 2 1 13 18 1 3 0 0 13 14 0 8 21 3 12 2 8 18 14 16 3
split_gain=26844.7 86360.7 85407.8 66387.4 125050 276830 78274.4 63917.6 98730.7 140815 139008 244437 102706 100931 63175.9 60558.9 68639.9 50544.6 45165.8 42168.3 48488.2 90754.9 41310.5 41222.3 145060 546097 127448 178576 708485 453781
threshold=22.255000000000006 202.99500000000003 4.541972752559345 -25.499999999999996 -24.499999999999996 6.5000000000000009 327.12750000000005 1619415.5000000002 0.025000000000000005 27.500000000000004 -24.499999999999996 156.215 147.99500000000003 -26.499999999999996 10.001976284584982 11.500000000000002 4.5000000000000009 92.625000000000014 541.41500000000008 18.500000000000004 116.50000000000001 25.921826227355329 11.069204980842914 45.030000000000008 26.500000000000004 753.50000000000011 18.855000000000004 541.41500000000008 13.562500000000002 8.2476535303411094
decision_type=2 2 2 2 2 2 2 2 2 2 2 2 2 2 2 2 2 2 2 2 2 2 2 2 2 2 2 2 2 2
left_child=23 7 3 18 5 -5 -6 -2 9 10 11 17 -12 -13 -11 16 -8 -9 -3 20 21 -14 -18 -1 25 26 -25 -28 29 -29
right_child=1 2 -4 4 6 -7 15 8 -10 14 12 13 19 -15 -16 -17 22 -19 -20 -21 -22 -23 -24 24 -26 -27 27 28 -30 -31
leaf_value=-0.00044072007302251384 -0.041809056974528115 2.0354559201114584 -2.0813665844712941 -11.345706903934479 -2.5949032884091139 3.4149059225011755 3.4268269610182145 -4.1809915050864221 -0.1766309680151088 4.0570153269767761 -2.4951734709639979 -14.943394907315573 1.4637726633321673 -6.3055214728078539 -0.30378587686955327 7.045811149052212 1.384736521490689 -0.67892075482536773 6.3972829885261007 3.8580837920308113 2.9797650561520932 -4.0955836556174541 -4.4390623955499562 -0.034871292290603421 -0.038337826538784182 5.4097364019549063 0.3763770631639875 8.4125973322305345 18.481608795166018 0.62011387700140475
leaf_weight=7270218 2674 53 70 24 32 27 107 80 1099 50 269 24 63 31 99 28 29 85 43 32 38 55 21 7596 29711 209 8008 83 25 750
leaf_count=7270218 2674 53 70 24 32 27 107 80 1099 50 269 24 63 31 99 28 29 85 43 32 38 55 21 7596 29711 209 8008 83 25 750
internal_value=0 -0.230869 1.11757 1.73275 0.924473 -3.53126 1.97167 -0.358119 -0.797503 -1.62358 -2.23612 -4.30136 -1.24191 -10.0748 1.15957 2.76157 1.9975 -2.37689 3.98919 0.551332 -0.126977 -1.12745 -1.06126 0.000158812 0.0941334 0.330223 0.265734 0.52328 1.89437 1.39656
internal_weight=0 5033 434 364 268 51 217 4599 1925 826 677 220 457 55 149 185 157 165 96 188 156 118 50 7.3166e+06 46382 16671 16462 8866 858 833
internal_count=7321633 5033 434 364 268 51 217 4599 1925 826 677 220 457 55 149 185 157 165 96 188 156 118 50 7316600 46382 16671 16462 8866 858 833
is_linear=0
shrinkage=0.1


Tree=89
num_leaves=31
num_cat=0
split_feature=15 12 1 13 14 26 8 14 15 26 14 18 18 11 21 4 15 1 18 11 21 14 11 1 5 14 12 11 18 6
split_gain=27441.2 101652 114623 97319.7 118494 85033.2 110686 128615 123607 102171 162423 91876.2 82852.4 76961.9 109237 101564 144001 305494 539661 396741 235323 128744 126502 88477.2 81656.4 74492.5 71710.7 94876.5 81425.1 131615
threshold=0.75773392608721968 141.31500000000003 -23.499999999999996 128.35500000000005 751.73500000000013 0.48500000000000004 1410.5000000000002 20.505000000000006 0.38371111891026782 1.7050000000000003 143.31500000000003 14.455000000000002 8.3250000000000011 4.4802317546857395 24.488251813304284 1.0000000180025095e-35 0.52171538999872769 -24.499999999999996 49.685000000000009 10.493977542540565 14.102594559223187 250.17500000000004 4.5520454545454552 -21.499999999999996 1.0000000180025095e-35 541.41500000000008 0.62250000000000016 2.4094214142761845 16.025000000000002 1.0000000180025095e-35
decision_type=2 2 2 2 2 2 2 2 2 2 2 2 2 2 2 2 2 2 2 2 2 2 2 2 2 2 2 2 2 2
left_child=1 5 -3 4 -4 -1 7 -7 9 -9 -11 12 -12 26 15 16 17 19 21 -15 -20 24 -18 -22 -19 -10 27 -8 -29 -30
right_child=-2 2 3 -5 -6 6 13 8 25 10 11 -13 -14 14 -16 -17 22 18 20 -21 23 -23 -24 -25 -26 -27 -28 28 29 -31
leaf_value=-0.00094179947741086431 -0.014043412620109934 -0.17567479857586293 -1.9246755300288076 1.6016464842483402 -6.7024102544784547 0.0090919608623765118 0.0090682103364263921 0.18172643411688227 0.085606614068305789 0.39122737993430728 1.1713153624192951 -0.035979605448356579 2.9875255920507868 0.60609070319755731 -0.41792969969483001 -0.0097518341343036316 3.0590889780693185 2.6605731995646096 11.031647938344538 -4.5851982824859165 5.4523681504781862 -1.0815103247955753 0.19202933467859007 -1.4144769072532655 1.0006266446439898 -1.2659678054507824 -0.065210792617233393 0.13419444025117577 0.2099875543892798 1.3958960599076349
leaf_weight=5567357 1169219 924 385 64 60 101415 185205 35456 75523 15558 549 283 463 1190 2586 7388 157 515 82 168 86 192 7781 24 698 410 130970 12915 2522 1488
leaf_count=5567357 1169219 924 385 64 60 101415 185205 35456 75523 15558 549 283 463 1190 2586 7388 157 515 82 168 86 192 7781 24 698 410 130970 12915 2522 1488
internal_value=0 0.00266884 -0.839472 -2.04448 -2.56886 0.00286504 0.0391795 0.0932451 0.159794 0.27808 0.480793 1.55683 2.00225 0.00410133 0.190402 0.276455 0.470571 1.06649 2.00409 -0.0361306 6.97683 1.32454 0.248735 3.95415 1.70539 0.0783088 -0.00756943 0.0297793 0.256414 0.650045
internal_weight=0 6.15241e+06 1433 509 445 6.15098e+06 583624 229657 128242 52309 16853 1295 1012 353967 20867 18281 10893 2955 1597 1358 192 1405 7938 110 1213 75933 333100 202130 16925 4010
internal_count=7321633 6152414 1433 509 445 6150981 583624 229657 128242 52309 16853 1295 1012 353967 20867 18281 10893 2955 1597 1358 192 1405 7938 110 1213 75933 333100 202130 16925 4010
is_linear=0
shrinkage=0.1


Tree=90
num_leaves=31
num_cat=0
split_feature=26 14 8 24 15 8 14 18 15 11 14 16 2 3 2 14 16 12 12 17 12 3 3 5 15 12 3 15 16 14
split_gain=27863.3 155726 191639 138344 125549 151794 128668 134366 184706 297556 244705 238801 197702 262346 161706 177171 167726 148671 139578 131382 118856 125958 110482 160557 130586 106715 106567 99506.3 239589 162552
threshold=3.5950000000000002 39.545000000000009 13.500000000000002 205.00000000000003 0.50899688334817472 4432.0000000000009 117.53500000000001 21.115000000000006 2.4855725623582772 13.744946153846156 751.73500000000013 0.037500000000000012 26.500000000000004 14.490580902625178 27.500000000000004 325.42000000000002 0.15750000000000006 38.780000000000008 0.8025000000000001 0.095000000000000015 1.8425000000000005 14.160271209001479 13.046485502568407 1.0000000180025095e-35 1.0637109049602425 41.440000000000005 13.137579492040922 1.1359032517061423 0.28250000000000008 222.31500000000003
decision_type=2 2 2 2 2 2 2 2 2 2 2 2 2 2 2 2 2 2 2 2 2 2 2 2 2 2 2 2 2 2
left_child=-1 -2 -3 -4 5 -5 -6 17 9 11 14 22 18 -14 16 -16 -11 27 -10 -13 21 -20 23 -9 -24 -22 -7 28 -8 -29
right_child=1 2 3 4 6 26 7 8 12 10 -12 19 13 -15 15 -17 -18 -19 20 -21 25 -23 24 -25 -26 -27 -28 29 -30 -31
leaf_value=0.0011930840294924853 -0.20208722932472722 0.47967681179011601 -1.0314638141830745 0.34075650354017473 0.047059502796475791 -0.40682807999227588 -0.27266237333503746 -0.10136288327496218 -1.0211404292698976 0.80711265127003196 8.4139152210812238 0.33760321021416251 -0.54076388090138927 0.50705698302795066 0.89290170470546737 -1.6877378392074629 2.491106673404774 0.20989623761507603 1.8424435234482013 2.5599359497102827 -0.4188152790888004 -0.2820994257193068 1.065849748526438 -0.97553935494076771 -0.99855855223864531 0.37405342248147749 0.30685854498723414 -0.41383778235003715 1.2212937726365871 -1.4706257989732949
leaf_weight=7057649 44667 8114 1332 19714 87630 5873 18932 5388 904 2826 43 8149 15651 2820 608 473 748 5855 883 275 2417 408 1085 3444 427 5703 3250 13597 1138 1630
leaf_count=7057649 44667 8114 1332 19714 87630 5873 18932 5388 904 2826 43 8149 15651 2820 608 473 748 5855 883 275 2417 408 1085 3444 427 5703 3250 13597 1138 1630
internal_value=0 -0.0318973 0.00276432 -0.0155577 -0.00911001 0.184682 -0.0399792 -0.121637 -0.015197 0.193041 0.904775 0.0148803 -0.18495 -0.380791 0.83541 -0.236277 1.15955 -0.256788 0.165741 0.410151 0.27975 1.17102 -0.307022 -0.442244 0.482846 0.138048 -0.152583 -0.334201 -0.187953 -0.526963
internal_weight=0 263984 219317 211203 209871 28837 181034 93404 52252 23466 4698 18768 28786 18471 4655 1081 3574 41152 10315 8424 9411 1291 10344 8832 1512 8120 9123 35297 20070 15227
internal_count=7321633 263984 219317 211203 209871 28837 181034 93404 52252 23466 4698 18768 28786 18471 4655 1081 3574 41152 10315 8424 9411 1291 10344 8832 1512 8120 9123 35297 20070 15227
is_linear=0
shrinkage=0.1


Tree=91
num_leaves=31
num_cat=0
split_feature=13 21 12 21 21 12 11 12 14 6 8 15 11 18 8 10 13 14 18 3 3 14 11 18 17 7 14 5 11 15
split_gain=27273.5 40826.3 56926.5 55888.4 91618.6 166539 261366 250023 224473 181694 203850 266641 255727 186434 172632 172388 158073 188672 145128 133340 212605 171978 165313 308011 155342 154574 163930 193236 141973 129820
threshold=0.015000000000000001 0.65339723827636775 78.065000000000012 21.806458357887127 10.487127586999657 1.1625000000000003 2.6466031941031947 0.40250000000000008 63.120000000000012 1.0000000180025095e-35 3524.5000000000005 0.33830981410261185 12.669509803921573 83.420000000000016 3816.5000000000005 1.0000000180025095e-35 0.30500000000000005 230.54500000000004 2.5550000000000002 9.3746486722232998 11.471449056603776 470.11500000000007 19.909737973662995 39.430000000000007 0.015000000000000001 20780.000000000004 751.73500000000013 1.0000000180025095e-35 24.628928571428577 0.72774437910757539
decision_type=2 2 2 2 2 2 2 2 2 2 2 2 2 2 2 2 2 2 2 2 2 2 2 2 2 2 2 2 2 2
left_child=-1 2 -2 4 -3 6 -6 8 -8 13 -11 14 15 -9 -12 -13 -7 -18 -19 25 21 24 23 -22 -21 -20 28 -28 -27 -24
right_child=1 3 -4 -5 5 16 7 9 -10 10 11 12 -14 -15 -16 -17 17 18 19 20 22 -23 29 -25 -26 26 27 -29 -30 -31
leaf_value=-0.0078334531421613337 -0.010732968827578527 0.0062163193826444097 -0.85562923040980943 -0.028854204553951174 0.028711287876122895 -0.12788595998466915 0.17176523397203691 0.067260308878179909 0.78066718297705151 0.20905421328937029 7.9850577781074934 3.2341043692066833 7.1906465911865247 -0.76951921388501543 2.3105486027298978 0.51205075521348431 0.011800134575885177 -1.7440943971855214 -1.6127424782078439 8.6091102790832519 -1.3906757379941652 -2.5774646418385729 5.1999277937902164 1.2001466979608362 -0.24740564241673063 1.9610329624308482 12.045259646711678 2.4677590240905811 0.52243388651110512 0.93846751650408555
leaf_weight=2765692 1173688 2478963 798 328559 234443 82741 11409 59188 12900 36475 76 243 60 2788 182 5465 116725 296 205 20 953 344 73 885 2025 1125 29 77 1758 3448
leaf_count=2765692 1173688 2478963 798 328559 234443 82741 11409 59188 12900 36475 76 243 60 2788 182 5465 116725 296 205 20 953 344 73 885 2025 1125 29 77 1758 3448
internal_value=0 0.00475531 -0.011307 0.0103343 0.0145518 0.0505549 0.0915823 0.206033 0.49489 0.138824 0.298071 0.836885 0.6962 0.0296177 3.98211 0.627934 -0.0201714 0.049477 0.440813 0.499918 0.275785 -0.508774 0.625536 -0.143191 -0.160789 1.04362 1.2258 5.08802 1.0838 1.02682
internal_weight=0 4.55594e+06 1.17449e+06 3.38146e+06 3.0529e+06 573933 363229 128786 24309 104477 42501 6026 5768 61976 258 5708 210704 127963 11238 10942 7748 2389 5359 1838 2045 3194 2989 106 2883 3521
internal_count=7321633 4555941 1174486 3381455 3052896 573933 363229 128786 24309 104477 42501 6026 5768 61976 258 5708 210704 127963 11238 10942 7748 2389 5359 1838 2045 3194 2989 106 2883 3521
is_linear=0
shrinkage=0.1


Tree=92
num_leaves=31
num_cat=0
split_feature=26 8 14 13 11 15 12 13 15 16 26 13 1 14 16 1 13 1 16 21 21 13 13 1 14 0 26 0 7 2
split_gain=33708.8 141849 100706 148106 122487 113689 92587.2 127427 124237 157407 151427 106731 81963.2 241027 100833 119815 263754 153804 84588.6 98325.5 80932.6 263948 80402.6 156003 125991 99853.5 191818 109735 233171 112610
threshold=4.6350000000000007 116.50000000000001 33.465000000000011 4.955000000000001 56.445755494505498 1.6046656050955417 200.10000000000002 65.455000000000013 5.4919345238095243 5.4050000000000002 11.825000000000001 29.075000000000006 -26.499999999999996 541.41500000000008 13.050000000000002 -24.499999999999996 128.35500000000005 -21.499999999999996 11.910000000000002 32.102631101271896 32.102631101271896 156.215 202.99500000000003 -24.499999999999996 751.73500000000013 8.5000000000000018 86.485000000000014 15.500000000000002 333015.50000000006 27.500000000000004
decision_type=2 2 2 2 2 2 2 2 2 2 2 2 2 2 2 2 2 2 2 2 2 2 2 2 2 2 2 2 2 2
left_child=-1 2 -2 4 5 -4 11 -8 10 -10 -9 -5 13 -11 18 16 -16 -17 19 -14 21 -15 24 -24 -3 -26 27 28 -27 -30
right_child=1 22 3 6 -6 -7 7 8 9 12 -12 -13 14 20 15 17 -18 -19 -20 -21 -22 -23 23 -25 25 26 -28 -29 29 -31
leaf_value=0.0011562817335045328 -0.23601658954837662 -0.084848128165200126 0.66558608183224832 -0.15122862932452849 0.99704291213287566 0.11901476249504812 -4.9404485407997587 0.32280559174925372 -3.3644986698856054 -1.051376159005351 7.6015045899611255 0.3317410719131203 -2.2620812591790354 -3.9070734418928623 -5.6589847854364699 1.775027722536477 0.45088040289970543 -2.3734323639455051 -5.4833213082814627 1.6297001913369422 9.7842094556490586 10.209473796244021 -2.2278587820855056 3.5945180920393849 -3.0967798397846282 10.373340664591108 8.2206516265869141 -3.6662323923394236 0.32673578855365215 -7.9000265467539439
leaf_weight=7115015 7419 154742 5101 11655 2523 14986 68 107 206 154 39 7533 298 26 107 401 208 115 59 83 30 27 66 152 248 21 24 101 99 20
leaf_count=7115015 7419 154742 5101 11655 2523 14986 68 107 206 154 39 7533 298 26 107 401 208 115 59 83 30 27 66 152 248 21 24 101 99 20
internal_value=0 -0.0398173 0.104645 0.162446 0.340303 0.257814 -0.0279956 -0.688584 -0.53314 -0.771668 2.26712 0.03838 -0.417475 1.28982 -0.735828 -0.0877098 -1.62453 0.850468 -1.95989 -1.41427 5.63371 3.28438 -0.0873402 1.83178 -0.090035 -1.6546 -0.304933 -1.15395 0.658475 -1.05591
internal_weight=0 206618 51145 43726 22610 20087 21116 1928 1860 1714 146 19188 1508 237 1271 831 315 516 440 381 83 53 155473 218 155255 513 265 241 140 119
internal_count=7321633 206618 51145 43726 22610 20087 21116 1928 1860 1714 146 19188 1508 237 1271 831 315 516 440 381 83 53 155473 218 155255 513 265 241 140 119
is_linear=0
shrinkage=0.1


Tree=93
num_leaves=31
num_cat=0
split_feature=16 13 14 1 26 1 19 14 1 1 1 14 17 1 21 26 2 8 5 7 16 3 3 14 12 0 18 0 12 3
split_gain=29714.1 45806.1 80113.5 82558.5 101302 159127 43741.1 198935 636895 779196 407966 115585 446002 359252 176510 253426 465813 192786 124328 109305 57012.3 43674.4 83173.8 39325.6 39292.2 53652.6 120471 192094 119379 157560
threshold=11.910000000000002 202.99500000000003 751.73500000000013 -22.499999999999996 17.025000000000002 -24.499999999999996 1.0000000180025095e-35 751.73500000000013 -23.499999999999996 -22.499999999999996 -25.499999999999996 751.73500000000013 3.3000000000000003 -26.499999999999996 24.488251813304284 33.435000000000009 26.500000000000004 101.50000000000001 1.0000000180025095e-35 1919260.5000000002 28.660000000000004 14.55711317324347 14.283091286307057 405.02000000000004 15.765000000000002 18.500000000000004 147.99500000000003 1.0000000180025095e-35 200.10000000000002 10.943537562934328
decision_type=2 2 2 2 2 2 2 2 2 2 2 2 2 2 2 2 2 2 2 2 2 2 2 2 2 2 2 2 2 2
left_child=24 6 23 4 -4 -6 7 -2 10 -10 -9 21 13 19 20 16 -16 -17 -19 -13 -15 22 -8 -3 -1 26 -26 -28 -27 -30
right_child=1 2 3 -5 5 -7 11 8 9 -11 -12 12 -14 14 15 17 -18 18 -20 -21 -22 -23 -24 -25 25 28 27 -29 29 -31
leaf_value=-0.00069841024039943517 -0.019983739579217182 -1.8577752553603866 4.9940007570627571 6.0466669883728033 2.7914598618784261 -8.3288770849054519 -0.28513631214939694 6.3918633499145514 27.464208548409598 -0.11556473731994631 -11.499384274849525 -4.1385146697362272 -14.447696276064272 -6.9809187262146573 20.030153579711914 -7.4389978441698803 0.89914319447108682 -0.31746304876664105 7.9296333847045908 -13.58655234527588 -1.5822535980755177 0.27064935473729318 -2.260941049173407 0.53581073490472941 0.080485232730801312 -0.018489407612673758 -3.1885458323034914 1.3380469724113782 0.90162413977086553 -1.6677511109521213
leaf_weight=7192579 2098 88 37 50 31 22 5929 25 21 20 26 24 27 27 20 29 35 68 25 25 71 1357 221 312 88800 27000 101 1306 320 939
leaf_count=7192579 2098 88 37 50 31 22 5929 25 21 20 26 24 27 27 20 29 35 68 25 25 71 1357 221 312 88800 27000 101 1306 320 939
internal_value=0 -0.167402 0.729815 2.78865 0.978644 -1.82453 -0.21562 0.1796 4.73097 14.0107 -2.72916 -0.325767 -2.09945 -1.07042 0.335166 2.22031 7.85587 -0.320308 1.8995 -8.95894 -3.06964 -0.242836 -0.356137 0.00922182 0.000242435 0.0573652 0.0950318 1.01311 -0.0628725 -1.01469
internal_weight=0 10588 540 140 90 53 10048 2190 92 41 51 7858 351 324 275 177 55 122 93 49 98 7507 6150 400 7.31104e+06 118466 90207 1407 28259 1259
internal_count=7321633 10588 540 140 90 53 10048 2190 92 41 51 7858 351 324 275 177 55 122 93 49 98 7507 6150 400 7311045 118466 90207 1407 28259 1259
is_linear=0
shrinkage=0.1


Tree=94
num_leaves=31
num_cat=0
split_feature=26 14 8 15 8 18 11 21 14 11 26 9 2 8 1 3 16 14 18 8 17 14 16 15 17 12 14 0 7 1
split_gain=27581.3 125047 151302 103176 181414 136823 130023 121141 98960.4 154686 129290 144886 96672.3 212788 344506 109409 98863.8 154678 182724 121661 94326.5 94073.5 88468.6 86589.7 83193.1 81693.2 80367.3 1.0662e+06 862478 759082
threshold=4.6350000000000007 39.545000000000009 45.500000000000007 2.2697546549835712 1108.5000000000002 42.785000000000004 24.628928571428577 28.872821175412202 89.180000000000021 24.628928571428577 29.215000000000003 1.0000000180025095e-35 26.500000000000004 753.50000000000011 -24.499999999999996 16.176275161227284 50.882500000000007 541.41500000000008 40.985000000000007 165.50000000000003 0.14500000000000005 509.5750000000001 0.27250000000000008 0.38371111891026782 0.10500000000000002 0.16250000000000003 751.73500000000013 6.5000000000000009 1919260.5000000002 -22.499999999999996
decision_type=2 2 2 2 2 2 2 2 2 2 2 2 2 2 2 2 2 2 2 2 2 2 2 2 2 2 2 2 2 2
left_child=-1 -2 -3 4 5 20 21 8 -5 10 -10 24 13 26 -15 16 17 -14 -19 -18 23 25 -7 -4 -12 -6 -11 28 -28 -29
right_child=1 2 3 7 6 22 -8 -9 9 12 11 -13 15 14 -16 -17 19 18 -20 -21 -22 -23 -24 -25 -26 -27 27 29 -30 -31
leaf_value=0.0010459217179888912 -0.2245930538206487 0.25096427393172793 0.76844508193979877 0.03044621253572756 0.35482928242303696 0.6308481905959219 2.3090890940853153 0.091503888773770484 -0.8300804044001755 -0.061089076642390994 0.61169395986488084 -1.0413360723144371 -0.38573221648083644 -1.1897857407966774 4.6856295057902893 0.98722479435401889 -0.16136299581605393 1.055921437777579 -3.3351408959741464 2.8456792838174136 1.2258294824256155 -1.042505120415691 2.1889470724611537 0.087983848887252442 4.5020911852861278 -0.1036388454687308 28.705511648004705 3.6634426441598444 2.4482862340992897 -15.788740286827087
leaf_weight=7115015 30050 20575 1985 10207 4166 1544 227 15399 7954 6587 1051 677 11355 167 248 598 399 128 365 203 800 1017 477 32301 58 57947 22 47 29 35
leaf_count=7115015 30050 20575 1985 10207 4166 1544 227 15399 7954 6587 1051 677 11355 167 248 598 399 128 365 203 800 1017 477 32301 58 57947 22 47 29 35
internal_value=0 -0.0360169 -0.00392329 -0.0375422 0.0229211 0.198511 -0.0799186 -0.146933 -0.238428 -0.330144 -0.657437 0.111437 -0.172198 0.123763 2.32131 -0.334037 -0.397499 -0.461019 -2.19507 0.85264 0.152425 -0.0885089 0.998593 0.127379 0.815159 -0.0728888 -0.0119489 2.42179 13.7749 -4.63932
internal_weight=0 206618 176568 155993 100464 37107 63357 55529 40130 29923 9740 1786 20183 7135 415 13048 12450 11848 493 602 35086 63130 2021 34286 1109 62113 6720 133 51 82
internal_count=7321633 206618 176568 155993 100464 37107 63357 55529 40130 29923 9740 1786 20183 7135 415 13048 12450 11848 493 602 35086 63130 2021 34286 1109 62113 6720 133 51 82
is_linear=0
shrinkage=0.1


Tree=95
num_leaves=31
num_cat=0
split_feature=16 13 22 1 1 0 12 0 0 7 21 2 0 8 12 13 1 13 13 14 0 1 17 14 1 19 2 3 2 18
split_gain=27386.6 42162.8 55888.5 49162.7 97094.7 213427 51324.2 48236.1 50445.6 44422.5 61888.9 45434.3 88148.3 79332.9 71665.5 48827 85108.9 136152 61541.4 74514.2 37040 36898.2 321023 56804.5 455572 1.40737e+06 559663 176174 135924 51102.4
threshold=22.255000000000006 202.99500000000003 4.541972752559345 -25.499999999999996 -24.499999999999996 6.5000000000000009 327.12750000000005 11.500000000000002 5.5000000000000009 1619415.5000000002 25.921826227355329 27.500000000000004 18.500000000000004 116.50000000000001 171.39000000000001 2.2150000000000003 -24.499999999999996 156.215 30.005000000000006 751.73500000000013 6.5000000000000009 -21.499999999999996 6.8400000000000007 751.73500000000013 -23.499999999999996 1.0000000180025095e-35 26.500000000000004 11.653513862024502 27.500000000000004 183.14000000000001
decision_type=2 2 2 2 2 2 2 2 2 2 2 2 2 2 2 2 2 2 2 2 2 2 2 2 2 2 2 2 2 2
left_child=-1 9 3 -3 5 -5 -6 8 -8 21 -11 12 15 -13 -14 -12 17 20 -18 -20 -17 23 29 -2 26 -26 -25 -27 -28 -23
right_child=1 2 -4 4 6 -7 7 -9 -10 10 11 13 14 -15 -16 16 18 -19 19 -21 -22 22 -24 24 25 27 28 -29 -30 -31
leaf_value=0.00016040709950121431 -0.058640915466474264 3.148415196935336 -1.8787239408493044 -10.276594167947771 -2.2639554828056134 2.6839224426834676 2.4220486364122165 5.8970366750444683 -1.726421405107547 -0.32384955670675009 -0.41013400388545684 -1.249343204578838 -2.0286254421129066 4.5464672199885054 3.0898454133202051 0.13294791346010956 -5.0032667908752178 -11.057538744982551 -2.292029386824304 3.9718309998512269 -5.6064557162198163 -0.58420547315029692 -10.245821794692208 -11.20126367265528 23.32286966497248 1.8006269795554026 7.1405181799179474 -10.315969588643028 -2.4243759006261829 2.8030626742626139
leaf_weight=7316600 2119 96 70 24 32 27 118 28 39 1362 61 111 59 30 51 23 57 34 91 24 22 279 34 44 33 28 39 21 24 53
leaf_count=7316600 2119 96 70 24 32 27 118 28 39 1362 61 111 59 30 51 23 57 34 91 24 22 279 34 44 33 28 39 21 24 53
internal_value=0 -0.233188 0.709001 1.20664 0.51108 -3.41514 1.43383 2.07345 1.39154 -0.322101 -0.688399 -1.57031 -2.08958 -0.0161921 0.344484 -2.94774 -3.56445 -6.28153 -2.31649 -0.984789 -2.67298 -0.0584041 -0.991227 0.0895218 1.75067 7.35899 -2.54729 -3.3922 3.49675 -0.0434669
internal_weight=0 5033 434 364 268 51 217 185 157 4599 1925 563 422 141 110 312 251 79 172 115 45 2674 366 2308 189 82 107 49 63 332
internal_count=7321633 5033 434 364 268 51 217 185 157 4599 1925 563 422 141 110 312 251 79 172 115 45 2674 366 2308 189 82 107 49 63 332
is_linear=0
shrinkage=0.1


Tree=96
num_leaves=31
num_cat=0
split_feature=8 13 26 12 11 15 14 2 18 14 14 1 15 26 14 18 15 18 6 8 14 18 21 18 15 8 8 3 18 26
split_gain=25424.7 25088.9 71227.8 132636 114514 99215.9 127542 128083 125602 97289.1 95020.6 120308 84184.7 83627.4 66325.5 60293.6 60237.2 102502 98465.3 84852.8 91316.8 55481.6 61119.5 182299 165340 80601 256651 73435.2 64513.6 53298
threshold=23109.000000000004 0.115 3.5950000000000002 0.58250000000000013 2.4991639575205902 1.2799144345238098 248.75000000000003 27.500000000000004 14.925000000000002 121.16500000000002 470.11500000000007 -21.499999999999996 0.69845105355575077 53.555000000000007 300.30000000000007 183.14000000000001 0.53267442413858757 14.285000000000002 1.0000000180025095e-35 4209.5000000000009 122.90000000000002 85.175000000000011 14.222470423884381 70.430000000000021 4.6414118639980719 3665.0000000000005 3816.5000000000005 7.0835724366271542 70.430000000000021 0.31500000000000006
decision_type=2 2 2 2 2 2 2 2 2 2 2 2 2 2 2 2 2 2 2 2 2 2 2 2 2 2 2 2 2 2
left_child=1 2 29 4 16 6 -6 8 -8 -5 11 -10 -9 21 -15 -7 17 -4 -19 -20 -21 22 24 25 28 -24 -27 -28 -11 -1
right_child=-2 -3 3 9 5 15 7 12 10 13 -12 -13 -14 14 -16 -17 -18 18 19 20 -22 -23 23 -25 -26 26 27 -29 -30 -31
leaf_value=-0.0058389757686217996 0.10037186330300152 0.0097154132950854205 -0.13358004322328554 -0.10174584508335194 0.24597522911456027 -0.066591974435174575 -1.3914956831670071 1.8732107064127925 3.1437586382573883 -0.66759243068450624 9.3647579860687262 -0.14508309854220039 -2.2205637823155633 0.41848225236723302 6.8326667644083505 -1.4039329836591028 -0.27292388091953218 -0.016803715477094718 0.31366634603765181 1.1511300370257007 3.692778191671652 -1.1691262802690094 -0.52986374624342214 2.0853667707880961 6.1053820582798553 6.8146860157359725 4.9482493482787042 -0.10292178240542416 -2.1254467624167126 0.025331717317237608
leaf_weight=4728913 25150 1849989 13029 26237 15640 6694 91 80 467 3329 20 146 135 38 28 355 13283 2434 1115 839 170 949 7367 320 35 55 29 3828 334 620534
leaf_count=4728913 25150 1849989 13029 26237 15640 6694 91 80 467 3329 20 146 135 38 28 355 13283 2434 1115 839 170 949 7367 320 35 55 29 3828 334 620534
internal_value=0 -0.000345968 -0.00376348 -0.0886678 0.0146306 0.18032 0.313937 1.4459 2.08235 -0.220975 2.58175 2.36045 -0.697299 -0.41275 3.13965 -0.133943 -0.112188 0.00921099 0.417378 0.914929 1.57936 -0.427182 -0.381153 -0.268287 -0.735161 -0.335064 0.0317797 -0.0649431 -0.800523 -0.00222319
internal_weight=0 7.29648e+06 5.44649e+06 97047 54498 23628 16579 939 724 42549 633 613 215 16312 66 7049 30870 17587 4558 2124 1009 16246 15297 11599 3698 11279 3912 3857 3663 5.34945e+06
internal_count=7321633 7296483 5446494 97047 54498 23628 16579 939 724 42549 633 613 215 16312 66 7049 30870 17587 4558 2124 1009 16246 15297 11599 3698 11279 3912 3857 3663 5349447
is_linear=0
shrinkage=0.1


Tree=97
num_leaves=31
num_cat=0
split_feature=0 12 18 3 3 1 21 26 26 14 8 13 6 12 1 18 10 2 12 6 0 14 3 13 8 7 15 3 25 16
split_gain=24206.8 97023.1 133221 68114 135446 96382.6 150329 93487.1 65996.9 111293 73976.6 79670.1 62356.1 59360.8 58543.5 55443.4 54376.6 71506.7 120715 96472.8 56805.1 49155.2 48606.6 67382.1 47555 46579.7 96568.3 107952 46146.3 49104.1
threshold=20.500000000000004 200.10000000000002 5.7550000000000008 10.943537562934328 10.997779701242917 -26.499999999999996 32.102631101271896 5.745000000000001 2.2950000000000004 206.09500000000003 17.500000000000004 92.625000000000014 1.0000000180025095e-35 0.14250000000000004 -21.499999999999996 19.645000000000003 1.0000000180025095e-35 26.500000000000004 327.12750000000005 1.0000000180025095e-35 22.500000000000004 260.97500000000008 20.003348681456682 0.35500000000000004 55.500000000000007 95472.500000000015 0.79020568791922574 10.001976284584982 3.5000000000000004 7.535000000000001
decision_type=2 2 2 2 2 2 2 2 2 2 2 2 2 2 2 2 2 2 2 2 2 2 2 2 2 2 2 2 2 2
left_child=-1 8 -3 5 -5 6 -4 14 -2 -10 11 12 21 -12 -7 28 17 18 -6 -19 -21 -11 25 -24 -25 26 -17 -28 -15 -30
right_child=1 2 3 4 16 7 -8 -9 9 10 13 -13 -14 15 -16 22 -18 19 -20 20 -22 -23 23 24 -26 -27 27 -29 29 -31
leaf_value=0.0023195572800775769 -0.0071242624316186949 -6.1433177767915934 -0.14531900810472895 -7.6956134919197332 -3.0985629391251948 2.3456440890421635 10.256182511647543 -2.3036915936172009 -0.06607704812116888 0.45978171898508968 -3.6297040087561458 6.8715543339649843 2.7248954856082013 -1.581084522215596 -2.7245690218039922 7.3294767743065252 -0.50344695050750865 -10.728125591278078 5.123779529333115 0.4644679825881432 -5.7422233676910404 -4.8487385529738205 -2.9232962437297991 -0.27598427625802846 4.9454177507814379 -0.46338147347150338 5.3222191823156262 -0.36283209965280866 -0.71469398899631786 2.5376580893993381
leaf_weight=6296906 967833 47 33 31 57 122 24 125 48871 53 62 24 76 731 28 21 588 20 26 29 30 26 23 26 53 3994 38 276 1412 48
leaf_count=6296906 967833 47 33 31 57 122 24 125 48871 53 62 24 76 731 28 21 588 20 26 29 30 26 23 26 53 3994 38 276 1412 48
internal_value=0 -0.0142536 -0.928288 -0.708067 -1.21812 0.491783 4.23426 -0.28393 -0.0132177 -0.119032 -0.49612 1.51012 0.679957 -0.549848 1.3992 -0.521012 -0.950382 -2.57259 -0.522889 -4.72607 -2.69148 -1.28733 -0.317542 1.84015 3.22698 -0.368382 0.764244 0.325168 -0.932503 -0.607767
internal_weight=0 1.02473e+06 1160 1113 781 332 57 275 1.02357e+06 55734 6863 179 155 6684 150 6622 750 162 83 79 59 79 4431 102 79 4329 335 314 2191 1460
internal_count=7321633 1024727 1160 1113 781 332 57 275 1023567 55734 6863 179 155 6684 150 6622 750 162 83 79 59 79 4431 102 79 4329 335 314 2191 1460
is_linear=0
shrinkage=0.1


Tree=98
num_leaves=31
num_cat=0
split_feature=2 12 8 8 8 0 1 5 14 16 6 14 26 14 0 13 1 21 21 16 16 0 14 3 0 3 8 19 13 12
split_gain=23427.6 89377.1 105665 168542 293950 174244 86203.1 174477 145869 126698 96031 120651 62780.7 109239 98874.2 125477 94854 208781 108248 66481.8 168797 65889.2 250487 147624 62990.5 66461 79838.1 85613.7 60369.5 94380.9
threshold=27.500000000000004 327.12750000000005 50.500000000000007 82.500000000000014 65.500000000000014 12.500000000000002 -25.499999999999996 1.0000000180025095e-35 751.73500000000013 152.40500000000003 1.0000000180025095e-35 751.73500000000013 5.2950000000000008 204.54500000000004 13.500000000000002 0.19500000000000003 -26.499999999999996 33.883288290323883 36.995128987870253 62.100000000000009 50.882500000000007 16.500000000000004 470.11500000000007 11.616538561509044 1.5000000000000002 3.7654511281005019 71.500000000000014 1.0000000180025095e-35 0.085000000000000006 2.1125000000000003
decision_type=2 2 2 2 2 2 2 2 2 2 2 2 2 2 2 2 2 2 2 2 2 2 2 2 2 2 2 2 2 2
left_child=-1 12 -3 4 5 -4 9 8 -8 10 -5 -12 -2 -14 19 -16 17 -17 21 20 24 22 -18 -24 25 -15 27 -27 29 -26
right_child=1 2 3 6 -6 -7 7 -9 -10 -11 11 -13 13 14 15 16 18 -19 -20 -21 -22 -23 23 -25 28 26 -28 -29 -30 -31
leaf_value=0.0025080708130852413 -0.0096694963201343909 -3.4401829882101582 8.5199529464428245 0.43291702157921264 15.070371794700623 -1.9956547039747239 -0.38275062524220527 3.9681016630596591 -7.4759181000969637 -4.6349335486888883 2.5386810461431746 9.322298436287122 -0.055659325990121924 2.5101511817380611 -1.0717330739723545 1.0319483523429318 0.11283674545316812 11.414978921711445 -6.6323839645385751 -4.0155237767280951 5.4148718833923342 -0.41136531480952315 11.789380039274693 0.83746171951293946 -0.34590831870628785 -0.19129030202564443 -0.15320570596653946 -6.9039528997320874 -1.3182700913125469 5.9944690911242597
leaf_weight=6118750 1172067 44 26 90 24 40 85 54 44 25 80 39 23711 83 907 611 332 20 25 66 43 1029 32 20 242 38 785 38 2257 26
leaf_count=6118750 1172067 44 26 90 24 40 85 54 44 25 80 39 23711 83 907 611 332 20 25 66 43 1029 32 20 242 38 785 38 2257 26
internal_value=0 -0.0127579 1.26056 1.66852 5.59313 2.14686 0.821479 -0.804354 -2.80213 2.09296 2.89774 4.76188 -0.0133414 -0.155544 -0.516905 -0.0910199 0.338901 1.36105 -0.10962 -0.871134 -0.812042 0.00578647 1.12362 7.5771 -0.889228 -0.192313 -0.452829 -3.54762 -1.14978 0.269203
internal_weight=0 1.20288e+06 551 507 90 66 417 183 129 234 209 119 1.20233e+06 30265 6554 2976 2069 631 1438 3578 3512 1413 384 52 3469 944 861 76 2525 268
internal_count=7321633 1202883 551 507 90 66 417 183 129 234 209 119 1202332 30265 6554 2976 2069 631 1438 3578 3512 1413 384 52 3469 944 861 76 2525 268
is_linear=0
shrinkage=0.1


Tree=99
num_leaves=31
num_cat=0
split_feature=10 12 5 18 8 18 1 3 2 14 14 15 3 0 26 0 13 26 13 11 14 14 13 15 0 0 13 14 5 16
split_gain=23501.2 70718.3 397031 634862 249902 206302 209965 193092 159965 145038 129057 109163 100410 214322 107019 90650.6 69854.9 107384 76409.6 76888.5 116582 98293.7 287572 168655 119159 80623.2 78473.3 97397 73190.8 76349.1
threshold=1.0000000180025095e-35 200.10000000000002 1.0000000180025095e-35 59.515000000000008 65.500000000000014 37.255000000000003 -26.499999999999996 11.296477300917887 26.500000000000004 751.73500000000013 366.89500000000004 0.12220581824708961 13.972787856349504 20.500000000000004 5.8750000000000009 1.0000000180025095e-35 0.63500000000000012 10.205000000000002 0.025000000000000005 10.146081313391784 509.5750000000001 248.75000000000003 0.10500000000000002 1.9107239583333335 11.500000000000002 21.500000000000004 0.12500000000000003 200.01000000000002 1.0000000180025095e-35 0.057500000000000016
decision_type=2 2 2 2 2 2 2 2 2 2 2 2 2 2 2 2 2 2 2 2 2 2 2 2 2 2 2 2 2 2
left_child=1 -1 5 10 -5 7 8 -3 -7 15 -4 -12 14 -14 -9 -8 17 -2 -19 20 -20 23 -23 26 -24 -26 -21 -28 -29 -30
right_child=16 2 3 4 -6 6 9 12 -10 -11 11 -13 13 -15 -16 -17 -18 18 19 21 -22 22 24 -25 25 -27 27 28 29 -31
leaf_value=-0.0042546757268603344 0.0039590266351043121 6.5253576276699707 -1.583822097290646 7.775531375408173 -0.80537555454564957 10.29831100459452 -5.7067679091862269 0.98412522600408181 1.3823127791851384 -7.1476561797292604 -2.2597621057972765 -8.5245113309493856 5.3912345241714315 -3.7239003754324389 -6.3163744218887823 -0.45811401712894445 0.051604460608848192 -0.79141710397594422 -0.23078085483125232 -0.87097879098142905 -2.3231972501454528 9.4479735994338991 -0.95550910517588794 0.0095162740135038802 0.38150535774172711 -1.1957947645117255 0.51009651234677555 2.6483979437631162 -1.4461782335661926 2.1044150807939728
leaf_weight=4497432 2475886 90 44 40 224 27 35 57 79 38 33 177 91 36 31 550 314175 1916 19313 175 270 30 1932 5058 1893 391 735 626 104 145
leaf_count=4497432 2475886 90 44 40 224 27 35 57 79 38 33 177 91 36 31 550 314175 1916 19313 175 270 30 1932 5058 1893 391 735 626 104 145
internal_value=0 -0.00448758 -0.679397 -2.93915 0.494762 0.452668 -0.460979 2.63643 3.65337 -1.16101 -6.50826 -7.54005 1.00851 2.80742 -1.58764 -0.772136 0.00715269 0.00158531 -0.178759 -0.140488 -0.25963 0.0699159 -0.308048 0.304438 -0.377469 0.111486 1.14013 1.35873 2.07158 0.621436
internal_weight=0 4.49898e+06 1552 518 264 1034 729 305 106 623 254 210 215 127 88 585 2.82265e+06 2.50847e+06 32588 30672 19583 11089 4246 6843 4216 2284 1785 1610 875 249
internal_count=7321633 4498984 1552 518 264 1034 729 305 106 623 254 210 215 127 88 585 2822649 2508474 32588 30672 19583 11089 4246 6843 4216 2284 1785 1610 875 249
is_linear=0
shrinkage=0.1


Tree=100
num_leaves=31
num_cat=0
split_feature=15 12 1 13 14 26 8 11 14 15 11 21 14 25 18 8 21 14 11 12 15 4 2 18 3 18 5 2 3 18
split_gain=22217.3 77488.5 94187.8 73066.8 97606.3 65079.5 81596.9 80871.5 78337.2 102421 79762.6 82793.1 90379.7 106560 74901.2 74910.3 108375 67132.9 74182.2 76444 65641.9 79350.8 91743.9 216621 379948 188761 160944 116403 89891.8 85832.9
threshold=0.75773392608721968 141.31500000000003 -23.499999999999996 128.35500000000005 751.73500000000013 0.48500000000000004 1976.5000000000002 4.8887576774866313 20.335000000000004 0.26332734243949202 1.726410664958056 10.487127586999657 102.40500000000002 3.5000000000000004 4.8850000000000007 521.50000000000011 10.487127586999657 97.145000000000024 15.949366438356167 0.99250000000000005 0.2980158280922432 1.0000000180025095e-35 27.500000000000004 59.515000000000008 12.682093821510298 59.515000000000008 1.0000000180025095e-35 26.500000000000004 12.682093821510298 21.115000000000006
decision_type=2 2 2 2 2 2 2 2 2 2 2 2 2 2 2 2 2 2 2 2 2 2 2 2 2 2 2 2 2 2
left_child=1 5 -3 4 -4 -1 8 -8 -7 10 -10 -12 -13 -14 -11 16 -16 -18 19 -19 -9 22 23 29 26 -24 -25 -26 -27 -22
right_child=-2 2 3 -5 -6 6 7 20 9 14 11 12 13 -15 15 -17 17 18 -20 -21 21 -23 25 24 27 28 -28 -29 -30 -31
leaf_value=-0.00075765471392991819 -0.012636212947205579 -0.13114155436345895 -1.6948990368030288 1.3341134008020163 -6.0311362044016521 0.0072736918049850635 -0.014044635449695081 -0.59373620658880588 0.14385675764567821 -0.076235986075686088 -0.046474206596545387 0.40482581778818788 -0.15899383071213433 1.3925880316396659 -0.021992438837090907 0.059594937688328443 0.27795350057546986 1.0075653798168129 1.9356915360359677 0.17275435574310696 0.25954204618414256 -0.042308458058699414 0.22316034079264724 3.1199548610051475 7.1049014008563507 -4.303654423197111 9.9354850851907983 -0.42533127178501395 0.36145946780840554 1.0658122708580682
leaf_weight=5567357 1169219 924 385 64 60 113029 281845 889 25446 27224 2930 9859 562 2084 9658 79007 13668 2173 449 2215 4277 4481 1355 60 23 150 82 191 57 1910
leaf_count=5567357 1169219 924 385 64 60 113029 281845 889 25446 27224 2930 9859 562 2084 9658 79007 13668 2173 449 2215 4277 4481 1355 60 23 150 82 191 57 1910
internal_value=0 0.00240142 -0.732865 -1.82519 -2.27956 0.00257271 0.034342 -0.00260241 0.0721855 0.114045 0.252645 0.431993 0.5441 1.06304 0.0718845 0.109511 0.249543 0.391261 0.711436 0.586165 0.236725 0.295384 0.482083 0.646469 3.04517 -0.206506 7.05568 0.383993 -3.01906 0.508447
internal_weight=0 6.15241e+06 1433 509 445 6.15098e+06 583624 295320 288304 175275 40881 15435 12505 2646 134394 107170 28163 18505 4837 4388 13475 12586 8105 6543 356 1562 142 214 207 6187
internal_count=7321633 6152414 1433 509 445 6150981 583624 295320 288304 175275 40881 15435 12505 2646 134394 107170 28163 18505 4837 4388 13475 12586 8105 6543 356 1562 142 214 207 6187
is_linear=0
shrinkage=0.1


Tree=101
num_leaves=31
num_cat=0
split_feature=16 13 22 2 13 13 14 1 0 1 7 26 18 2 14 0 21 0 14 1 1 7 13 1 3 0 16 1 19 16
split_gain=21553.5 35029.1 44574.6 40375.4 182647 138892 131622 166935 60317.7 83318 77602.5 58290.8 53226.3 88768 138168 311106 116311 78291.4 114456 108257 68231.2 63182.5 61438.2 101281 51061.6 50167.3 55286.5 47282.7 46728.5 226481
threshold=22.255000000000006 202.99500000000003 4.541972752559345 27.500000000000004 128.35500000000005 128.35500000000005 405.02000000000004 -23.499999999999996 12.500000000000002 -25.499999999999996 1919260.5000000002 29.215000000000003 93.940000000000012 26.500000000000004 751.73500000000013 3.5000000000000004 33.883288290323883 8.5000000000000018 541.41500000000008 -25.499999999999996 -23.499999999999996 1619415.5000000002 100.53500000000001 -23.499999999999996 11.975017341671292 7.5000000000000009 50.882500000000007 -21.499999999999996 1.0000000180025095e-35 84.570000000000007
decision_type=2 2 2 2 2 2 2 2 2 2 2 2 2 2 2 2 2 2 2 2 2 2 2 2 2 2 2 2 2 2
left_child=-1 3 -3 5 25 12 -7 8 10 -10 -8 -6 28 17 16 -16 22 19 -19 -14 21 -20 -15 -24 -21 26 -5 -9 -2 -30
right_child=1 2 -4 4 11 6 7 27 9 -11 -12 -13 13 14 15 -17 -18 18 20 24 -22 -23 23 -25 -26 -27 -28 -29 29 -31
leaf_value=0.00014230294985613325 0.10414265822930507 1.096346204686951 -1.6590810905184066 -0.42823583588989317 5.9193730013238062 0.06809424823836277 -4.7002190400774664 2.2895002392103088 -5.5041928919878877 0.9827026526133219 -10.265977754014912 1.7675602690814296 5.2775573679181029 -0.31657204897269947 -2.5323969140648845 12.74273066520691 4.7852076597992452 0.51180221056938169 -8.5378376500359892 0.34437140490719464 -0.34931710024674734 -3.2755230321226834 5.9776992442872796 -0.1379406176507473 -4.169248064926693 0.4403762844334792 -3.3431163726897726 -2.5322577794392904 -0.64978515705208117 -8.0428044951239297
leaf_weight=7316600 718 364 70 242 63 190 104 53 44 36 33 73 43 440 24 30 62 150 29 239 60 107 45 68 28 413 89 33 1140 43
leaf_count=7316600 718 364 70 242 63 190 104 53 44 36 33 73 43 440 24 30 62 150 29 239 60 107 45 68 28 413 89 33 1140 43
internal_value=0 -0.206869 0.651922 -0.287912 0.321202 -0.432042 -1.99532 -3.2892 -4.76685 -2.58509 -6.04088 3.69083 -0.193142 0.293393 1.1039 5.95379 0.678061 -0.53318 -1.56725 0.62097 -3.15835 -4.39763 0.217586 2.29749 -0.128967 -0.294751 -1.212 0.439291 -0.532257 -0.918509
internal_weight=0 5033 434 4599 880 3719 493 303 217 80 137 136 3226 1325 669 54 615 656 346 310 196 136 553 113 267 744 331 86 1901 1183
internal_count=7321633 5033 434 4599 880 3719 493 303 217 80 137 136 3226 1325 669 54 615 656 346 310 196 136 553 113 267 744 331 86 1901 1183
is_linear=0
shrinkage=0.1


Tree=102
num_leaves=31
num_cat=0
split_feature=14 21 21 12 26 14 26 11 15 21 14 16 18 15 11 11 14 26 0 1 3 8 2 1 5 0 12 1 14 3
split_gain=21561.8 68581.4 26073.2 44783.4 42068.7 38087.2 39941.3 37493.7 78753 68873.7 122986 144908 279823 189161 127972 97949.3 86096.4 79340.8 61037 57753.4 56814.1 55765.5 57882.3 86336.7 71936.1 56760.2 154240 260444 115976 153543
threshold=5.1550000000000011 5.9200554027476917 0.65339723827636775 78.065000000000012 2.1950000000000007 250.17500000000004 5.4850000000000012 13.125339285714288 1.4030475065616801 12.066169858953876 121.16500000000002 0.04250000000000001 46.900000000000013 1.9107239583333335 10.904732543479069 11.975994789405126 230.54500000000004 26.060000000000006 8.5000000000000018 -22.499999999999996 16.254755093194628 4085.5000000000005 27.500000000000004 -21.499999999999996 1.0000000180025095e-35 17.500000000000004 0.087500000000000008 -23.499999999999996 751.73500000000013 10.453132774184379
decision_type=2 2 2 2 2 2 2 2 2 2 2 2 2 2 2 2 2 2 2 2 2 2 2 2 2 2 2 2 2 2
left_child=1 -1 3 4 -2 -6 -7 8 -4 -10 -11 15 16 17 -15 19 -13 -14 -16 -12 -17 25 23 24 -23 26 27 -9 -27 -30
right_child=2 -3 7 -5 5 6 -8 21 9 10 11 12 13 14 18 20 -18 -19 -20 -21 -22 22 -24 -25 -26 28 -28 -29 29 -31
leaf_value=0.0061893090099750308 -0.0079694125260684461 -0.076993757801074536 0.0052864256969796198 -0.75786986488727548 -0.31492607564931596 -1.3195995440734003 -6.2069767570495609 1.103007083814195 -0.0055756734367293018 -0.084635940730636933 -0.83807952189022594 -0.46428172970386844 4.0905188756401527 -0.11763439956051645 5.3324733378594384 3.716225373833927 -3.0474919423912512 0.69534929572921444 1.5800793670035529 -1.7921385693244798 -1.9540731981396675 1.9115344316186385 -1.6884326404189682 -1.7054711599349976 -0.71786992701652808 -0.016977214474974165 0.068016536608245123 12.090397707053594 0.27930690782144668 -2.7176875723805027
leaf_weight=300507 1809066 147893 4613860 798 2734 102 20 94 82954 60338 2248 5720 237 938 57 67 132 97 181 884 24 230 374 225 190 81851 209097 28 320 367
leaf_count=300507 1809066 147893 4613860 798 2734 102 20 94 82954 60338 2248 5720 237 938 57 67 132 97 181 884 24 230 374 225 190 81851 209097 28 320 367
internal_value=0 -0.0212464 0.00138609 -0.0089047 -0.00857484 -0.392068 -2.12081 0.00507234 0.00293932 -0.0674364 -0.139791 -0.454192 -0.20938 1.00431 0.407827 -1.01339 -0.52255 3.1045 2.47876 -1.10736 2.22076 0.0398076 -0.698672 -0.124765 0.722042 0.0423868 0.0700905 3.6247 -0.0278371 -1.32171
internal_weight=0 448400 6.87323e+06 1.81272e+06 1.81192e+06 2856 122 5.06051e+06 4.76774e+06 153877 70923 10585 7362 1510 1176 3223 5852 334 238 3132 91 292776 1019 645 420 291757 209219 122 82538 687
internal_count=7321633 448400 6873233 1812720 1811922 2856 122 5060513 4767737 153877 70923 10585 7362 1510 1176 3223 5852 334 238 3132 91 292776 1019 645 420 291757 209219 122 82538 687
is_linear=0
shrinkage=0.1


Tree=103
num_leaves=31
num_cat=0
split_feature=0 12 13 0 3 0 14 3 8 17 12 26 26 14 3 2 13 16 6 3 8 21 14 21 21 11 26 15 20 14
split_gain=21147.5 84488.7 165555 102021 150594 85292.1 240501 1.19072e+06 171982 171892 414334 97045.3 239418 79874.8 135842 103077 78471.7 77052.4 76800.1 61766.5 99221.7 120746 101674 77256.2 75118.6 57516.5 113540 123663 116833 247466
threshold=4.5000000000000009 141.31500000000003 0.065000000000000016 1.0000000180025095e-35 8.0806058938098086 2.5000000000000004 751.73500000000013 11.755687085502389 108.50000000000001 4.4800000000000013 327.12750000000005 4.5550000000000006 8.0650000000000031 751.73500000000013 11.653513862024502 27.500000000000004 0.64500000000000013 0.057500000000000016 1.0000000180025095e-35 7.3631368631368632 65.500000000000014 33.883288290323883 470.11500000000007 25.921826227355329 32.102631101271896 56.445755494505498 6.205000000000001 3.074890243902439 1.0000000180025095e-35 509.5750000000001
decision_type=2 2 2 2 2 2 2 2 2 2 2 2 2 2 2 2 2 2 2 2 2 2 2 2 2 2 2 2 2 2
left_child=1 -1 -3 4 -4 6 17 8 11 16 -11 -8 -13 15 -15 -6 -7 -5 -14 -18 -21 22 24 -24 -22 -2 -27 28 -28 -30
right_child=25 2 3 5 13 9 7 -9 -10 10 -12 12 18 14 -16 -17 19 -19 -20 20 21 -23 23 -25 -26 26 27 -29 29 -31
leaf_value=-0.0086651981885389542 0.002135957621026727 -5.4191722848198633 0.87024325571709404 0.83674238702654835 -2.3689442020055305 3.970075595378876 -6.005664890813522 23.061665174696181 3.6355455327256823 -0.8872408486074872 -15.829804094314577 8.8575484199957426 0.79530769075666163 -3.0431214043387662 -12.015237962007523 1.4338135904810403 0.31406512278182702 -0.63096091061582893 -7.2679385997630934 -3.2303958489316886 -0.38755241869776341 7.1300587606430064 -0.26822872768619105 -3.1098933273128102 2.7846173422852747 -0.011658598235995335 1.0875449922815639 0.29517012104176299 1.7983094559440129 12.341192124928199
leaf_weight=1687683 5593613 66 213 550 358 40 39 27 107 72 25 22 21 108 20 89 571 1023 27 165 324 20 167 224 97 22107 398 13347 79 31
leaf_count=1687683 5593613 66 213 550 358 40 39 27 107 72 25 22 21 108 20 89 571 1023 27 165 324 20 167 224 97 22107 398 13347 79 31
internal_value=0 -0.00980292 -0.448685 -0.372553 -1.40111 -0.142363 0.334535 3.26247 0.787572 -0.650308 -4.73842 -2.00814 0.219045 -2.24249 -4.44501 -1.6118 -0.4037 -0.117778 -3.74027 -0.515276 -0.990254 -0.545995 -0.735061 -1.89619 0.343328 0.00294642 0.129008 0.353455 1.88482 4.76949
internal_weight=0 1.69206e+06 4375 4309 788 3521 1816 243 216 1705 97 109 70 575 128 447 1608 1573 48 1568 997 832 812 391 421 5.62958e+06 35962 13855 508 110
internal_count=7321633 1692058 4375 4309 788 3521 1816 243 216 1705 97 109 70 575 128 447 1608 1573 48 1568 997 832 812 391 421 5629575 35962 13855 508 110
is_linear=0
shrinkage=0.1


Tree=104
num_leaves=31
num_cat=0
split_feature=18 14 5 11 0 3 14 21 15 12 21 2 25 26 26 12 11 15 16 8 13 14 19 12 18 12 14 13 18 26
split_gain=20823.6 67000.9 315149 218944 159712 149844 87965.7 145016 70123.9 74293.1 62459.2 130609 147720 145376 113354 107749 355185 156100 150187 106632 105367 149204 213977 186254 100248 99568.3 113609 211950 314621 229920
threshold=6.1350000000000007 509.5750000000001 1.0000000180025095e-35 56.445755494505498 20.500000000000004 14.999103942652331 751.73500000000013 32.102631101271896 0.41459200558213721 327.12750000000005 10.487127586999657 27.500000000000004 3.5000000000000004 0.03500000000000001 1.9650000000000001 0.96250000000000024 2.9235603550295859 0.50899688334817472 0.077500000000000027 132.50000000000003 7.330000000000001 325.42000000000002 1.0000000180025095e-35 3.1725000000000003 64.200000000000017 327.12750000000005 230.54500000000004 0.28500000000000009 42.785000000000004 0.055000000000000007
decision_type=2 2 2 2 2 2 2 2 2 2 2 2 2 2 2 2 2 2 2 2 2 2 2 2 2 2 2 2 2 2
left_child=1 -1 3 -3 5 6 7 -5 -4 -10 14 12 -12 -14 -2 16 -15 18 -18 20 21 -17 23 -23 -24 26 -13 -28 -29 -30
right_child=10 2 8 4 -6 -7 -8 -9 9 -11 11 25 13 15 -16 19 17 -19 -20 -21 -22 22 24 -25 -26 -27 27 28 29 -31
leaf_value=-0.0055692867416742408 0.00023521538768511965 -8.1385695866176064 -3.2357348407716007 0.66683196274202272 -4.3847283212710986 6.8172802411592928 -0.79159341378319537 9.2362814767020094 -4.6509271383285524 -11.704281766074045 -0.0096679285509249698 -0.034091186267491774 0.27517382486912328 0.041174697197198566 -0.32605911015696365 0.3564694988773594 0.47999854784381474 0.30365301921121274 1.5314036846496775 -0.030112102574417345 -0.075954444194089726 3.3154487133026125 -0.62494237211328996 12.659253098256887 2.9268150250911713 1.3437924623724973 -0.80170245282117103 -0.56264458742244972 2.5273476494309355 0.31079549296624598
leaf_weight=3393793 3231427 28 67 67 46 52 133 28 32 28 219961 122249 39851 120153 10682 10189 3736 33749 2135 114803 6634 64 169 32 150 506 5576 3116 681 1496
leaf_count=3393793 3231427 28 67 67 46 52 133 28 32 28 219961 122249 39851 120153 10682 10189 3736 33749 2135 114803 6634 64 169 32 150 506 5576 3116 681 1496
internal_value=0 -0.00573655 -1.18589 0.347268 1.07611 1.97325 0.868472 3.19256 -5.4594 -7.94249 0.00495789 0.0323886 0.0538759 0.0960184 -0.000839849 0.0715524 0.126793 0.386441 0.862344 0.00471004 0.236621 0.432173 2.29082 6.43005 1.04516 -0.0563153 -0.0616373 -0.371462 0.0817822 1.00417
internal_weight=0 3.39427e+06 481 354 326 280 228 95 127 60 3.92736e+06 685250 551626 331665 3.24211e+06 291814 159773 39620 5871 132041 17238 10604 415 96 319 133624 133118 10869 5293 2177
internal_count=7321633 3394274 481 354 326 280 228 95 127 60 3927359 685250 551626 331665 3242109 291814 159773 39620 5871 132041 17238 10604 415 96 319 133624 133118 10869 5293 2177
is_linear=0
shrinkage=0.1


Tree=105
num_leaves=31
num_cat=0
split_feature=16 13 14 1 1 26 21 1 14 8 8 14 14 3 0 26 25 12 15 24 13 18 2 8 17 26 8 0 13 1
split_gain=21532.9 28928.9 65666.5 66578.1 77148.1 41404.1 33799.5 29966.9 216062 531911 123262 134954 81128.4 66770.6 114824 40624.3 35992.1 28190.1 45647.2 43902 56538.9 89841.9 93464.9 71510.5 62601.2 55198.4 61697 57877.9 53921 243548
threshold=11.910000000000002 202.99500000000003 751.73500000000013 -22.499999999999996 -24.499999999999996 40.945000000000007 32.102631101271896 -21.499999999999996 751.73500000000013 101.50000000000001 116.50000000000001 470.11500000000007 286.27500000000003 10.31914662416691 2.5000000000000004 17.025000000000002 3.5000000000000004 15.765000000000002 2.4855725623582772 70.000000000000014 4.5050000000000008 147.99500000000003 26.500000000000004 148.50000000000003 0.025000000000000005 7.0550000000000006 132.50000000000003 22.500000000000004 156.215 -24.499999999999996
decision_type=2 2 2 2 2 2 2 2 2 2 2 2 2 2 2 2 2 2 2 2 2 2 2 2 2 2 2 2 2 2
left_child=17 7 -3 4 5 -4 -5 -2 10 -10 11 -9 15 14 -14 -12 -15 18 -1 -19 21 24 -23 -22 25 -21 -27 -28 -25 -30
right_child=1 2 3 6 -6 -7 -8 8 9 -11 12 -13 13 16 -16 -17 -18 19 -20 20 23 22 -24 28 -26 26 27 -29 29 -31
leaf_value=0.0004922646073940635 -0.11197539279913474 -0.081876998320221453 5.073274490833283 2.9605759832594134 -3.4371922065471781 -0.19497013573463148 8.1772613691247038 0.25063044634377352 -18.026699193318688 1.0884629043372902 0.93322955968996024 6.3113296716641161 3.104759851098061 -1.8993101656436921 -5.0065313812589993 -1.2299975506209124 1.8868607065256904 -0.23996286869910413 -0.059201689943057648 0.1651706232106751 -0.058161616009070743 -0.48652869746452421 2.9084491257970573 0.11482898421789681 0.44613438274189665 0.19550573530790097 -0.43187369001799936 -2.4031383458173501 -1.3594234410565713 3.8465232813581425
leaf_weight=7062111 8670 400 35 27 29 26 23 634 24 37 149 39 20 96 137 208 34 5048 130468 17226 48874 123 238 36028 6128 1927 2355 159 173 187
leaf_count=7062111 8670 400 35 27 29 26 23 634 24 37 149 39 20 96 137 208 34 5048 130468 17226 48874 123 238 36028 6128 1927 2355 159 173 187
internal_value=0 -0.142505 0.570516 2.4345 0.809076 2.82779 5.36025 -0.180824 -0.614002 -6.43226 -0.344515 0.601845 -1.33349 -2.5853 -3.97325 -0.327138 -0.909081 0.000206379 -0.000590539 0.0485907 0.0614336 0.184298 1.75171 0.0208603 0.16394 0.0841283 -0.230223 -0.556548 0.126997 1.34478
internal_weight=0 10588 540 140 90 61 50 10048 1378 61 1317 673 644 287 157 357 130 7.31104e+06 7.19258e+06 118466 113418 28156 361 85262 27795 21667 4441 2514 36388 360
internal_count=7321633 10588 540 140 90 61 50 10048 1378 61 1317 673 644 287 157 357 130 7311045 7192579 118466 113418 28156 361 85262 27795 21667 4441 2514 36388 360
is_linear=0
shrinkage=0.1


Tree=106
num_leaves=31
num_cat=0
split_feature=8 2 11 8 1 16 16 14 0 16 1 14 7 1 14 1 0 8 8 13 14 6 0 13 12 14 5 3 14 5
split_gain=20343.5 21110.9 72354.4 390309 88977.7 89577.1 167906 449269 78578.4 74685.3 64794 191372 149794 201837 128812 639220 1.05154e+06 484385 87516.9 69975.4 64405 64125.5 59410 165974 129825 117205 155797 108274 71431.1 717364
threshold=23109.000000000004 26.500000000000004 56.445755494505498 753.50000000000011 -26.499999999999996 22.255000000000006 18.355000000000004 325.42000000000002 1.0000000180025095e-35 0.54250000000000009 -23.499999999999996 366.89500000000004 1619415.5000000002 -24.499999999999996 751.73500000000013 -21.499999999999996 6.5000000000000009 101.50000000000001 65.500000000000014 100.53500000000001 300.30000000000007 1.0000000180025095e-35 18.500000000000004 128.35500000000005 110.17000000000002 541.41500000000008 1.0000000180025095e-35 19.099222797927464 751.73500000000013 1.0000000180025095e-35
decision_type=2 2 2 2 2 2 2 2 2 2 2 2 2 2 2 2 2 2 2 2 2 2 2 2 2 2 2 2 2 2
left_child=1 2 -1 4 -4 6 8 -8 9 20 11 -7 13 18 -12 16 -16 -17 -13 -14 -6 -22 28 24 -24 -25 -27 -26 -10 -30
right_child=-2 -3 3 -5 5 10 7 -9 22 -11 14 12 19 -15 15 17 -18 -19 -20 -21 21 -23 23 25 27 26 -28 -29 29 -31
leaf_value=0.0051816888099621428 0.089783523085822214 -0.0045923163153581562 0.8852279425820252 4.5043125853949544 -0.3619133980461845 0.030014598151097683 1.0105417792824494 17.63205427646637 0.25551716431302191 -0.028743434058913421 -0.48243154121336007 -5.751891196857799 3.9566631418466573 -1.574083110373071 21.871258836804017 -18.456211891174316 -0.86754974683500685 3.046520215814764 -13.998809685245639 -2.2429144805875318 -1.3871519343850958 -5.4620133341812505 0.12347200564344488 0.17735254670133685 -1.576346667312597 8.4746409646251752 0.69767549697388997 1.2424084864651102 -0.78749868554602331 7.6081505571337917
leaf_weight=2813405 25150 4465480 1530 209 108 472 87 20 9279 367 854 22 20 47 33 20 53 22 31 203 73 82 2193 101 991 57 47 158 380 139
leaf_count=2813405 25150 4465480 1530 209 108 472 87 20 9279 367 854 22 20 47 33 20 53 22 31 203 73 82 2193 101 991 57 47 158 380 139
internal_value=0 -0.000309472 0.00644607 0.208583 0.156953 0.0866922 0.171117 4.11737 0.140903 -0.950449 -0.582343 -1.25346 -3.12899 -6.34487 -0.0390284 2.9193 7.85781 -7.19288 -10.5756 -1.6869 -2.23663 -3.54289 0.192424 -0.158254 -0.327674 2.6037 4.96005 -1.18874 0.319374 1.46105
internal_weight=0 7.29648e+06 2.831e+06 17598 17389 15859 14082 107 13975 630 1777 795 323 100 982 128 86 42 53 223 263 155 13345 3547 3342 205 104 1149 9798 519
internal_count=7321633 7296483 2831003 17598 17389 15859 14082 107 13975 630 1777 795 323 100 982 128 86 42 53 223 263 155 13345 3547 3342 205 104 1149 9798 519
is_linear=0
shrinkage=0.1


Tree=107
num_leaves=31
num_cat=0
split_feature=21 26 14 8 2 8 3 0 1 5 8 8 1 2 14 21 21 14 8 16 13 11 8 15 13 1 16 16 14 21
split_gain=20445.9 65461.1 108832 89759.1 143851 112074 97369 103434 115882 192640 86725.7 85694.8 101579 168226 85400.8 100576 84029.7 297398 383589 271812 369870 208153 167318 148624 198899 135067 116678 113201 174296 112472
threshold=21.806458357887127 0.025000000000000005 230.54500000000004 907.50000000000011 27.500000000000004 2208.5000000000005 13.366853861572077 19.500000000000004 -26.499999999999996 1.0000000180025095e-35 521.50000000000011 3209.5000000000005 -21.499999999999996 26.500000000000004 80.085000000000022 28.872821175412202 28.872821175412202 751.73500000000013 50.500000000000007 2.9850000000000008 118.00000000000001 97.595652173913066 55.500000000000007 2.4855725623582772 81.300000000000011 -26.499999999999996 18.355000000000004 3.3500000000000005 325.42000000000002 25.921826227355329
decision_type=2 2 2 2 2 2 2 2 2 2 2 2 2 2 2 2 2 2 2 2 2 2 2 2 2 2 2 2 2 2
left_child=-1 2 -2 10 5 6 7 8 9 -5 16 -7 13 -13 -3 -16 17 23 29 20 21 25 -18 24 -4 -20 -21 28 -24 -19
right_child=1 14 3 4 -6 11 -8 -9 -10 -11 -12 12 -14 -15 15 -17 22 18 19 26 -22 -23 27 -25 -26 -27 -28 -29 -30 -31
leaf_value=0.0012457499317061924 0.0062847406103058237 -0.01416273045550649 1.1355583737628718 6.5343910518856276 -0.88294253870844841 -1.2241831862997161 3.450274271111208 3.3053494310851508 0.09298913147741239 0.47688385860196186 -0.94270919744963999 3.0502477559806254 -0.60351402140670241 0.21415649387210905 -0.23152685584363622 0.0088685765124786511 1.558301704955789 -6.6462292657958137 15.772250509262086 -5.4205561851633011 16.433279026255889 1.7117350022871418 0.29612622788076159 -0.74252599149400977 -3.1219963293712016 6.3914984952319749 4.2370465587485917 0.71775436153050609 -1.5455337038277592 0.65415219571076189
leaf_weight=6936170 139571 160774 1565 84 448 253 261 205 617 140 666 357 364 505 47481 27474 520 36 20 29 34 91 896 922 118 66 22 688 1205 51
leaf_count=6936170 139571 160774 1565 84 448 253 261 205 617 140 666 357 364 505 47481 27474 520 36 20 29 34 91 896 922 118 66 22 688 1205 51
internal_value=0 -0.0224165 0.0292902 0.34523 0.780234 1.04768 1.72238 1.29123 0.80027 2.74845 0.142198 0.451447 0.797234 1.38873 -0.0552604 -0.143412 0.257566 0.645242 3.38653 5.29695 6.88049 5.04549 -0.0885183 0.277982 0.837049 8.57307 -1.25453 -0.395563 -0.760133 -2.3667
internal_weight=0 385463 149734 10163 3234 2786 1307 1046 841 224 6929 1479 1226 862 235729 74955 6263 2954 349 262 211 177 3309 2605 1683 86 51 2789 2101 87
internal_count=7321633 385463 149734 10163 3234 2786 1307 1046 841 224 6929 1479 1226 862 235729 74955 6263 2954 349 262 211 177 3309 2605 1683 86 51 2789 2101 87
is_linear=0
shrinkage=0.1


Tree=108
num_leaves=31
num_cat=0
split_feature=0 12 15 15 13 12 8 2 13 21 14 14 8 3 24 2 2 11 12 21 11 14 12 14 3 18 15 16 3 26
split_gain=20078.9 68301.5 56645.4 67504.8 52637.8 51157.1 107582 66273.9 69889.6 59655.1 113922 43392.8 42755 41957.7 54947 74776.4 48216.4 74898.3 107970 86942.2 54193.7 44157.1 73774.1 67644.7 67497.6 79245.1 92692.8 66823.2 65881.5 57058
threshold=19.500000000000004 110.17000000000002 0.37915697178852836 1.9107239583333335 0.12500000000000003 71.13000000000001 238.50000000000003 26.500000000000004 26.635000000000002 16.460509296098724 84.325000000000003 366.89500000000004 116.50000000000001 11.818782152230973 400.00000000000006 26.500000000000004 27.500000000000004 10.904732543479069 1.2125000000000001 25.921826227355329 10.493977542540565 210.87500000000003 0.087500000000000008 201.28500000000003 12.412117686753858 40.985000000000007 6.8370836019772199 0.077500000000000027 18.96254208754209 3.4550000000000005
decision_type=2 2 2 2 2 2 2 2 2 2 2 2 2 2 2 2 2 2 2 2 2 2 2 2 2 2 2 2 2 2
left_child=-1 5 -3 4 -4 9 12 8 -8 -2 -11 -6 -7 14 15 -12 17 20 19 -19 -16 23 -23 -15 -24 29 27 -27 -25 -26
right_child=1 2 3 -5 11 6 7 -9 -10 10 13 -13 -14 21 16 -17 -18 18 -20 -21 -22 22 24 28 25 26 -28 -29 -30 -31
leaf_value=0.0025140678268706501 -0.00437740477213059 -1.4885486098610583 -2.7999049603939059 -0.38042317828349942 0.22842430954887752 0.39013326454240121 -0.55441078985178915 1.1323580828830053 5.2857386008430929 -0.017303910590805334 -3.2379442318465359 4.2942059704235627 -0.67640778469499352 -0.29843593953328224 -0.18498131614623392 0.055849876395753922 -0.529011435813317 0.37842635570287242 0.091309090925051448 2.3870662148144559 -2.1189692034224672 -6.4275780238888487 -1.8379834911992725 0.35226232136654506 -0.23418055505006277 1.3372804062642361 -1.4678922356981221 6.1908312792363382 3.3690950139002371 -1.1513541618105618
leaf_weight=5950255 1256151 447 20 3307 42 1384 27 409 85 78116 129 70 516 15858 4254 148 1766 453 3667 411 150 22 401 408 1759 74 66 46 88 1104
leaf_count=5950255 1256151 447 20 3307 42 1384 27 409 85 78116 129 70 516 15858 4254 148 1766 453 3667 411 150 22 401 408 1759 74 66 46 88 1104
internal_value=0 -0.0109083 -0.429555 -0.291907 1.92568 -0.00971859 0.449554 1.72256 3.87785 -0.0105331 -0.0815257 2.76954 0.100483 -0.244386 -0.0875458 -1.47808 -0.0515511 0.0428188 0.328259 1.33393 -0.250853 -0.331231 -0.655127 -0.262468 -0.618317 -0.457908 1.54224 3.19781 0.887507 -0.587851
internal_weight=0 1.37138e+06 3886 3439 132 1.36749e+06 2421 521 112 1.36507e+06 108920 112 1900 30804 10978 277 10701 8935 4531 864 4404 19826 3472 16354 3450 3049 186 120 496 2863
internal_count=7321633 1371378 3886 3439 132 1367492 2421 521 112 1365071 108920 112 1900 30804 10978 277 10701 8935 4531 864 4404 19826 3472 16354 3450 3049 186 120 496 2863
is_linear=0
shrinkage=0.1


Tree=109
num_leaves=31
num_cat=0
split_feature=10 0 6 14 0 14 17 1 1 3 0 16 26 12 8 19 1 8 21 12 13 17 26 18 14 3 8 13 12 2
split_gain=19762.5 64366.2 131084 143360 180775 147312 244178 875829 641751 161127 192126 272287 212981 159013 163693 520515 148541 121392 129812 206336 178054 160090 117567 102874 102035 200399 158413 148510 143811 97089.9
threshold=1.0000000180025095e-35 6.5000000000000009 1.0000000180025095e-35 196.70000000000002 20.500000000000004 541.41500000000008 0.16500000000000004 -22.499999999999996 -24.499999999999996 11.975017341671292 16.500000000000004 0.63250000000000017 2.3350000000000004 327.12750000000005 174.50000000000003 1.0000000180025095e-35 -25.499999999999996 116.50000000000001 20.361829940509359 3.2750000000000004 0.025000000000000005 0.065000000000000016 0.055000000000000007 147.99500000000003 366.89500000000004 11.975017341671292 40.500000000000007 81.300000000000011 200.10000000000002 26.500000000000004
decision_type=2 2 2 2 2 2 2 2 2 2 2 2 2 2 2 2 2 2 2 2 2 2 2 2 2 2 2 2 2 2
left_child=-1 -2 -3 -4 5 17 9 8 -8 13 11 12 -11 14 15 -7 -14 24 19 20 -19 22 -22 29 28 26 -26 -27 -5 -15
right_child=1 2 3 4 -6 6 7 -9 -10 10 -12 -13 16 23 -16 -17 -18 18 -20 -21 21 -23 -24 -25 25 27 -28 -29 -30 -31
leaf_value=-0.0041151711725579227 -0.012053425639401781 0.0096365532123336151 0.054559160001306312 0.9688542299338414 -0.10376870450383335 13.791660074889661 -5.6642345091875868 -21.370823424203056 16.910656419992446 17.114631189618791 0.45803801861344556 1.9504046533079376 -0.48279626846313478 0.6941501764150767 -0.40434113233331664 -5.0615632940221715 10.117096539032765 -1.2938512102019188 0.063469949233654607 -0.14627768824233736 2.3807124128041761 7.6501212742593552 0.82345834710936028 1.8443827950528691 3.9383516018207261 9.0821438713073732 -4.171115582329886 2.8864456111924692 -1.140608752712321 7.9407049000263221
leaf_weight=4498984 1120462 1534477 131879 2882 9138 32 34 21 20 28 98 84 20 26 502 27 39 358 12632 2882 532 36 5465 224 39 50 63 171 364 64
leaf_count=4498984 1120462 1534477 131879 2882 9138 32 34 21 20 28 98 84 20 26 502 27 39 358 12632 2882 532 36 5465 224 39 50 63 171 364 64
internal_value=0 0.00655912 0.0188108 0.102751 0.280127 0.411548 1.48546 -4.04211 2.69684 1.84784 3.98826 6.01143 9.93242 1.18981 0.181269 5.16391 6.52391 0.360159 0.272044 0.556171 0.872938 1.00152 0.961604 2.9917 0.90097 2.59599 -1.07044 4.28819 0.732303 5.84726
internal_weight=0 2.82265e+06 1.70219e+06 167710 35831 26693 1219 75 54 1144 269 171 87 875 561 59 59 25474 21905 9273 6391 6033 5997 314 3569 323 102 221 3246 90
internal_count=7321633 2822649 1702187 167710 35831 26693 1219 75 54 1144 269 171 87 875 561 59 59 25474 21905 9273 6391 6033 5997 314 3569 323 102 221 3246 90
is_linear=0
shrinkage=0.1


Tree=110
num_leaves=31
num_cat=0
split_feature=15 12 3 0 0 1 21 2 12 0 19 2 0 10 6 3 21 0 11 26 14 8 3 12 18 14 6 3 14 21
split_gain=18812.6 52699.1 66683.3 87765.1 133415 164858 207612 133969 127555 64665.5 71371.3 62308 57990 54793.2 52345 63456.7 52238.2 114752 44164.2 103006 214116 87738.4 148979 109639 68385.2 81190.7 66935.3 144377 62093.7 156099
threshold=0.85078984183383943 200.10000000000002 9.6424795419193412 2.5000000000000004 10.500000000000002 -23.499999999999996 32.102631101271896 26.500000000000004 327.12750000000005 12.500000000000002 1.0000000180025095e-35 26.500000000000004 1.5000000000000002 1.0000000180025095e-35 1.0000000180025095e-35 9.5221782918289488 25.921826227355329 20.500000000000004 10.904732543479069 1.385 194.14000000000001 1873.5000000000002 13.972787856349504 1.9525000000000003 17.005000000000006 158.11500000000004 1.0000000180025095e-35 10.165692134442136 150.04000000000005 20.361829940509359
decision_type=2 2 2 2 2 2 2 2 2 2 2 2 2 2 2 2 2 2 2 2 2 2 2 2 2 2 2 2 2 2
left_child=1 -1 9 12 7 6 13 -5 -8 10 -3 -11 -4 16 15 -12 -6 -18 19 -2 24 -22 23 -23 25 -21 -25 -28 -26 -30
right_child=18 2 3 4 5 -7 8 -9 -10 11 14 -13 -14 -15 -16 -17 17 -19 -20 20 21 22 -24 26 28 -27 27 -29 29 -31
leaf_value=0.0020651395093434287 -0.0091513700049574674 3.0852327758851263 -2.4879286806924004 7.8226635409939682 -5.9430362176959939 -4.1940938791361724 -1.172507157533065 -0.37117654425757274 8.1317607321390302 5.2327976185342546 -6.3860592845413429 -1.2376763950694691 -8.87001644174258 0.010050426423549653 -0.0028315217154366631 0.097247989361102766 4.4708351200819019 -5.7853451569875087 0.016082345827682535 -0.090523558991887271 -0.7043114673995774 -0.42202310872123255 1.8063483531104922 -0.078496645861252184 0.027415253018281061 -0.73057207083384457 0.51734175666425775 5.3824966104134271 0.19840696781291017 2.2431680182721716
leaf_weight=6367231 499910 46 35 31 46 165 23 56 41 46 36 22 24 80 105 26 20 24 335924 74580 7503 7260 344 263 22745 2036 181 92 2292 446
leaf_count=6367231 499910 46 35 31 46 165 23 56 41 46 36 22 24 80 105 26 20 24 335924 74580 7503 7260 344 263 22745 2036 181 92 2292 446
internal_value=0 0.00196153 -0.796738 -1.44191 -0.999756 -1.77343 -0.0665499 2.54847 4.78804 0.454568 -0.402565 3.13941 -5.08403 -1.89416 -1.36328 -3.66725 -3.58679 -1.12345 -0.0130992 -0.0289703 -0.113118 -0.457634 -0.23026 -0.320126 -0.0603329 -0.107532 1.06004 2.15688 0.0815744 0.531483
internal_weight=0 6.36806e+06 826 545 486 399 234 87 64 281 213 68 59 170 167 62 90 44 953576 617652 117742 15643 8140 7796 102099 76616 536 273 25483 2738
internal_count=7321633 6368057 826 545 486 399 234 87 64 281 213 68 59 170 167 62 90 44 953576 617652 117742 15643 8140 7796 102099 76616 536 273 25483 2738
is_linear=0
shrinkage=0.1


Tree=111
num_leaves=31
num_cat=0
split_feature=11 21 6 26 12 11 8 14 8 17 1 2 26 2 11 18 12 11 18 0 14 13 18 18 18 3 12 13 14 12
split_gain=19003.6 90966.5 39072.2 86425.2 83409.3 241970 200078 106990 184400 163459 120657 118884 163362 132735 121006 138987 107756 104047 99882.1 96385.5 177194 239332 138038 159724 214329 121187 97922 137746 104022 219709
threshold=0.55603467186867395 4.6875534757621171 1.0000000180025095e-35 10.955000000000002 1.2425000000000004 5.6372523284679694 7224.0000000000009 300.30000000000007 5341.5000000000009 0.065000000000000016 -22.499999999999996 27.500000000000004 18.140000000000004 26.500000000000004 13.744946153846156 83.420000000000016 0.14250000000000004 7.9678711167878218 147.99500000000003 4.5000000000000009 286.27500000000003 0.16500000000000004 1.0150000000000003 2.2750000000000004 6.9050000000000011 2.8387395736793333 78.065000000000012 26.860000000000003 248.75000000000003 3.5775000000000006
decision_type=2 2 2 2 2 2 2 2 2 2 2 2 2 2 2 2 2 2 2 2 2 2 2 2 2 2 2 2 2 2
left_child=1 -1 3 -2 5 -4 7 18 9 11 -10 12 14 -14 -9 -16 -13 -6 -7 20 -19 -22 -23 -24 25 -25 28 -28 -21 -30
right_child=2 -3 4 -5 17 6 -8 8 10 -11 -12 16 13 -15 15 -17 -18 19 -20 26 21 22 23 24 -26 -27 27 -29 29 -31
leaf_value=0.0018566407822074235 0.00010294377427870152 -0.066564090848299687 0.028970576259346282 -0.2254723356497253 -0.084301573816086162 0.24007444564618946 1.8196707742125007 -0.47975120239132485 9.5558770942687996 5.6737133676355533 0.04312500953674317 -6.4624686177571622 5.9265543007505457 1.6003402420452664 1.0316514448774172 6.1689870349147871 -0.30319877014066399 -0.02867593406590796 -0.97032173782662001 0.074703969628909114 -7.3556683346077252 4.6222707028291667 -5.6338133679903475 1.6925397336483003 -0.72663815707463231 11.333909043398771 0.9198360794811814 0.15537822439626769 0.23134995171617523 -1.0209878833576127
leaf_weight=1020477 5327691 240018 394335 17039 128733 33326 842 604 40 66 20 30 109 203 692 57 534 35443 696 98659 54 49 65 32 3598 22 3141 9444 2928 2686
leaf_count=1020477 5327691 240018 394335 17039 128733 33326 842 604 40 66 20 30 109 203 692 57 534 35443 696 98659 54 49 65 32 3598 22 3141 9444 2928 2686
internal_value=0 -0.0111717 0.00232331 -0.00061619 0.0242533 0.0519751 0.295708 0.260433 0.912276 0.769199 6.38496 0.623978 1.04903 3.11174 0.573367 1.42261 -0.63082 -0.0177451 0.215313 0.0371355 -0.0984186 -0.74551 -0.650728 -0.720241 -0.632787 5.62051 0.0826801 0.346174 0.0508783 -0.367827
internal_weight=0 1.2605e+06 6.06114e+06 5.34473e+06 716408 431554 37219 36377 2355 2295 60 2229 1665 312 1353 749 564 284854 34022 156121 39263 3820 3766 3717 3652 54 116858 12585 104273 5614
internal_count=7321633 1260495 6061138 5344730 716408 431554 37219 36377 2355 2295 60 2229 1665 312 1353 749 564 284854 34022 156121 39263 3820 3766 3717 3652 54 116858 12585 104273 5614
is_linear=0
shrinkage=0.1


Tree=112
num_leaves=31
num_cat=0
split_feature=16 12 14 5 26 13 2 8 3 3 16 14 21 21 16 14 18 1 0 16 14 21 21 9 0 17 0 3 0 17
split_gain=19641.6 75946.8 51755.3 61962.4 86691.6 50239.5 45505.1 187507 211999 94797 63360.4 118952 463453 618548 238025 52191.1 65056.3 93523.8 52025.9 73300.1 197676 149398 53127.8 51023.8 45104.2 131831 412680 659790 236382 266357
threshold=6.9450000000000012 25.082500000000003 71.435000000000016 1.0000000180025095e-35 5.4850000000000012 3.1850000000000005 26.500000000000004 447.50000000000006 9.6956717531205125 10.001976284584982 22.255000000000006 541.41500000000008 24.488251813304284 32.102631101271896 11.135000000000002 470.11500000000007 108.36000000000001 -24.499999999999996 10.500000000000002 50.882500000000007 751.73500000000013 24.488251813304284 25.921826227355329 1.0000000180025095e-35 8.5000000000000018 3.8050000000000002 4.5000000000000009 11.653513862024502 2.5000000000000004 7.5300000000000011
decision_type=2 2 2 2 2 2 2 2 2 2 2 2 2 2 2 2 2 2 2 2 2 2 2 2 2 2 2 2 2 2
left_child=-1 2 -2 5 -5 -4 7 10 -9 -10 11 15 14 -14 -13 16 -3 -18 -8 -20 22 -22 -21 -24 25 -12 28 -28 -27 -30
right_child=1 6 3 4 -6 -7 18 8 9 -11 24 12 13 -15 -16 -17 17 -19 19 20 21 -23 23 -25 -26 26 27 -29 29 -31
leaf_value=0.00032504302586477875 -0.20189568502384733 0.1056414098356741 -3.1987392423738696 4.1900775437085134 -0.94036530523464601 -1.0142303264664718 -0.31344463149761803 11.082622509002686 0.45564017765286535 3.5197657157333548 -0.63046674061856589 4.2373047636401271 23.727465552375431 0.84432572258843308 -7.8783608492682964 -1.8679302424658091 4.3981789131194011 0.48303136987345563 -0.028227923276642326 1.3112666103988886 2.0071812574068706 12.363826421590952 -1.6917434879523867 3.4009949414626415 -0.93331544382984566 2.9322111603172347 0.18945692628622057 22.123373242219291 -13.687659498919613 -0.2424976731218943
leaf_weight=7292911 2024 6702 116 53 87 1139 7683 25 268 162 668 31 21 27 34 128 86 210 7553 296 30 26 136 23 987 87 32 24 23 41
leaf_count=7292911 2024 6702 116 53 87 1139 7683 25 268 162 668 31 21 27 34 128 86 210 7553 296 30 26 136 23 987 87 32 24 23 41
internal_value=0 -0.0825329 -0.524901 -0.993548 1.00187 -1.21615 -0.0227591 0.14939 2.1305 1.61003 0.0503453 0.184163 3.40324 10.8557 -2.10012 0.133117 0.169718 1.62054 -0.127227 0.0501922 1.20931 6.81562 0.519298 -0.955058 -0.469907 0.0528178 2.25781 9.58971 -0.461299 -5.07435
internal_weight=0 28722 3419 1395 140 1255 25303 9556 455 430 9101 7239 113 48 65 7126 6998 296 15747 8064 511 56 455 159 1862 875 207 56 151 64
internal_count=7321633 28722 3419 1395 140 1255 25303 9556 455 430 9101 7239 113 48 65 7126 6998 296 15747 8064 511 56 455 159 1862 875 207 56 151 64
is_linear=0
shrinkage=0.1


Tree=113
num_leaves=31
num_cat=0
split_feature=0 14 8 26 16 8 26 21 0 21 0 21 14 18 15 1 3 14 15 8 0 19 25 22 16 12 26 12 11 14
split_gain=18069.9 76954.6 154692 194308 71303.2 102431 80027.6 82932.8 145971 68398.5 59660.8 49692.3 73402.5 94273 100076 99282.6 63680.1 125991 60803.2 99055.6 79139.1 99605.4 68314.7 57641.2 56634.7 74406.8 54042.9 77567.5 75136.3 137208
threshold=18.500000000000004 541.41500000000008 9.5000000000000018 1.0450000000000002 4.9475000000000007 238.50000000000003 7.0550000000000006 25.921826227355329 21.500000000000004 32.102631101271896 19.500000000000004 14.78430661152403 84.325000000000003 40.985000000000007 0.67061115292077533 -26.499999999999996 5.232530704801353 300.30000000000007 5.4919345238095243 71.500000000000014 19.500000000000004 1.0000000180025095e-35 3.5000000000000004 4.541972752559345 6.330000000000001 1.0425000000000002 3.5450000000000004 200.10000000000002 56.445755494505498 204.54500000000004
decision_type=2 2 2 2 2 2 2 2 2 2 2 2 2 2 2 2 2 2 2 2 2 2 2 2 2 2 2 2 2 2
left_child=-1 11 -3 -4 5 -5 -6 10 9 -9 -8 -2 -13 16 -15 24 17 -14 19 -17 -21 -22 -23 26 25 -16 27 -18 29 -28
right_child=1 2 3 4 6 -7 7 8 -10 -11 -12 12 13 14 15 18 23 -19 -20 20 21 22 -24 -25 -26 -27 28 -29 -30 -31
leaf_value=0.0027422068780655184 -0.002602335192026448 7.4648628540039059 -0.11100727599482477 -5.3992801623630591 -4.8663178181648261 -1.7489866168446544 -5.1284334603283144 1.6205055787777292 -1.2521759989857675 7.4703469253167869 -0.71451088706622035 -0.017095281008837677 0.27391251932958077 5.4217488495079245 -0.65954791199077256 4.5737560038242426 -0.20435120585183381 6.6766084869702658 -0.31276540400535358 -0.87920901825897713 -0.84775109285920558 1.9430702096196606 0.041824363036113872 -0.013100391359514921 -0.23126962789717842 2.2141892956322935 -0.44437611306186692 -2.5330586846503951 0.077551560163335753 -1.6026619621289939
leaf_weight=5611795 1559943 25 4302 88 40 608 36 39 90 41 205 100901 145 37 110 57 21399 39 2459 401 289 561 285 9049 204 498 4921 144 1631 1291
leaf_count=5611795 1559943 25 4302 88 40 608 36 39 90 41 205 100901 145 37 110 57 21399 39 2459 401 289 561 285 9049 204 498 4921 144 1631 1291
internal_value=0 -0.00900009 -0.383342 -0.41935 -1.57584 -2.21052 -0.59637 -0.180803 1.51052 4.61855 -1.37385 -0.0077978 -0.0639159 -0.172469 0.24068 0.201269 -0.224901 1.63101 -0.000978921 0.480304 0.328398 0.75505 1.30258 -0.233785 1.21051 1.69427 -0.301742 -0.219917 -0.526498 -0.685095
internal_weight=0 1.70984e+06 5474 5449 1147 696 451 411 170 80 241 1.70436e+06 144421 43520 4901 4864 38619 184 4052 1593 1536 1135 846 38435 812 608 29386 21543 7843 6212
internal_count=7321633 1709838 5474 5449 1147 696 451 411 170 80 241 1704364 144421 43520 4901 4864 38619 184 4052 1593 1536 1135 846 38435 812 608 29386 21543 7843 6212
is_linear=0
shrinkage=0.1


Tree=114
num_leaves=31
num_cat=0
split_feature=13 18 21 26 1 21 12 11 8 26 14 13 12 11 15 14 10 11 15 18 0 18 15 11 14 21 8 1 11 11
split_gain=17667.9 34908.5 95983.1 39394.8 30033.8 29204.1 155146 251515 134846 101485 104342 97447.5 113428 107377 141258 141324 132116 92920.9 89208.5 247376 141531 121313 89632.7 89159.6 129790 128207 216198 272229 203070 186294
threshold=0.015000000000000001 64.200000000000017 14.222470423884381 4.5550000000000006 -25.499999999999996 0.85140067531331509 0.58250000000000013 2.4991639575205902 2976.0000000000005 3.7950000000000004 214.71500000000003 0.10500000000000002 1.1625000000000003 2.3059083780598288 0.75773392608721968 69.285000000000011 1.0000000180025095e-35 5.6372523284679694 1.2042180817180819 44.240000000000009 17.500000000000004 10.205000000000002 0.75773392608721968 9.2011025993237556 300.30000000000007 12.066169858953876 3558.5000000000005 -22.499999999999996 12.669509803921573 12.669509803921573
decision_type=2 2 2 2 2 2 2 2 2 2 2 2 2 2 2 2 2 2 2 2 2 2 2 2 2 2 2 2 2 2
left_child=1 -1 3 -3 -4 9 7 -7 18 -2 -11 -8 13 -13 15 -15 -17 -18 19 21 -21 -9 -23 24 -14 26 -25 28 -28 -29
right_child=5 2 4 -5 -6 6 11 8 -10 10 -12 12 23 14 -16 16 17 -19 -20 20 -22 22 -24 25 -26 -27 27 29 -30 -31
leaf_value=-0.0059265172319261789 -0.00021097187147652016 -0.089544022541251184 0.54589834465107445 4.0685522224592132 -1.6289202196724997 0.031096121466358748 -0.064140531624143862 0.12772493297271356 0.70521550185592163 -0.54262836916211676 -3.2240589275867984 -0.027728715784810939 -0.057641155853234385 0.14256966107886584 0.036931972784677525 1.5341234832758137 0.28040624848178236 0.80893229394506949 -0.050288858696049599 3.4938293081373804 0.72904324224095873 0.72858688963144336 0.24043218273829203 0.24502224772810208 7.1481051330566405 0.015477172956330729 -3.5344250568028155 8.945892914330086 1.9920963931590956 2.5579645203155223
leaf_weight=2762559 3515757 2438 71 23 601 232188 207013 31895 6011 1027 169 40650 196589 21954 38094 1214 10354 4901 10896 362 379 7153 7933 14193 25 206630 87 82 282 103
leaf_count=2762559 3515757 2438 71 23 601 232188 207013 31895 6011 1027 169 40650 196589 21954 38094 1214 10354 4901 10896 362 379 7153 7933 14193 25 206630 87 82 282 103
internal_value=0 -0.00630486 -0.339915 -0.0506833 -1.39914 0.00382738 0.0185577 0.079662 0.254141 -0.000524281 -0.921526 -0.00587986 0.0166569 0.103613 0.173389 0.308677 0.530107 0.450207 0.207886 0.266833 2.07972 0.238239 0.47189 -0.00771776 -0.0567249 0.0358075 0.320669 2.25868 0.689095 5.38937
internal_weight=0 2.76569e+06 3133 2461 672 4.55594e+06 1.03899e+06 296817 64629 3.51695e+06 1196 742171 535158 117167 76517 38423 16469 15255 58618 47722 741 46981 15086 417991 196614 221377 14747 554 369 185
internal_count=7321633 2765692 3133 2461 672 4555941 1038988 296817 64629 3516953 1196 742171 535158 117167 76517 38423 16469 15255 58618 47722 741 46981 15086 417991 196614 221377 14747 554 369 185
is_linear=0
shrinkage=0.1


Tree=115
num_leaves=31
num_cat=0
split_feature=26 14 8 14 3 13 2 0 3 14 3 0 14 16 0 26 12 8 11 21 6 18 14 15 12 11 18 14 3 14
split_gain=20021 91484.7 119035 88423.8 260930 326823 327168 172777 79191.8 86197.2 81949.2 104171 101612 118954 381006 109583 105627 100436 94866 93513.6 80700.2 138486 107555 208837 184227 122700 111291 74053.3 73793.8 67739.5
threshold=4.8050000000000006 39.545000000000009 13.500000000000002 509.5750000000001 14.999103942652331 202.99500000000003 26.500000000000004 4.5000000000000009 15.640987654320989 509.5750000000001 6.0359343294595105 5.5000000000000009 198.17000000000004 84.570000000000007 4.5000000000000009 86.485000000000014 1.5725000000000005 60.500000000000007 15.247429966617927 14.222470423884381 1.0000000180025095e-35 83.420000000000016 325.42000000000002 3.8734282700421945 0.97250000000000014 97.595652173913066 25.605000000000004 366.89500000000004 13.881317235508089 260.97500000000008
decision_type=2 2 2 2 2 2 2 2 2 2 2 2 2 2 2 2 2 2 2 2 2 2 2 2 2 2 2 2 2 2
left_child=-1 -2 3 -3 5 6 -5 -7 10 27 -4 12 -12 16 15 -15 17 -14 -19 -20 21 22 -13 24 -24 -26 28 -10 -25 -23
right_child=1 2 8 4 -6 7 -8 -9 9 -11 11 20 13 14 -16 -17 -18 18 19 -21 -22 29 23 26 25 -27 -28 -29 -30 -31
leaf_value=0.00087532694979920419 -0.19715856387377673 0.34473355954209184 0.20769143371550675 -15.360426185244606 9.8349412875297748 1.0649594883586084 1.7309292594591779 11.802805425809778 0.16205436384227367 -2.7188820834298735 -0.088102384777565323 -0.12651457204479785 -7.0686499459402903 -5.3414963227731214 14.800961919625601 1.6690233196597548 -0.72057074998781245 -0.34179789650050346 2.6898975316597067 0.2699018173397747 0.050726062587914594 -0.16195062502173813 8.1067502158753424 4.8009971233931452 1.007045291174731 5.6449222175891585 -2.2197766959140006 2.110644423265748 -2.4039463134039019 -1.3323938613234825
leaf_weight=7122075 28488 6981 11634 21 39 43 24 23 19512 103 26284 24791 21 27 21 128 7175 5091 184 1208 64525 763 47 44 466 65 227 197 21 1405
leaf_count=7122075 28488 6981 11634 21 39 43 24 23 19512 103 26284 24791 21 27 21 128 7175 5091 184 1208 64525 763 47 44 466 65 227 197 21 1405
internal_value=0 -0.0312398 -0.00360958 0.396351 2.79863 0.326407 -6.24504 4.80694 -0.021007 0.166452 -0.0467756 -0.0691199 -0.20362 -0.422765 2.16042 0.447836 -0.456002 -0.164138 -0.141772 0.589786 -0.0106635 -0.153003 -0.0881622 1.0047 2.10592 1.57477 -1.1751 0.181531 2.47325 -0.920471
internal_weight=0 199558 171070 7131 150 111 45 66 163939 19812 144127 132493 40139 13855 176 155 13679 6504 6483 1392 92354 27829 25661 870 578 531 292 19709 65 2168
internal_count=7321633 199558 171070 7131 150 111 45 66 163939 19812 144127 132493 40139 13855 176 155 13679 6504 6483 1392 92354 27829 25661 870 578 531 292 19709 65 2168
is_linear=0
shrinkage=0.1


Tree=116
num_leaves=31
num_cat=0
split_feature=15 26 8 14 21 17 14 14 15 18 11 25 14 16 14 8 3 14 10 21 21 11 14 14 13 16 15 19 12 20
split_gain=16672.6 64971.1 79711.1 73537.8 76196.6 107213 88419.9 70496 62787.3 94515.7 74658 60152.2 77517.5 57046.7 52519.9 74820.4 63784.1 54078.9 46429.4 87066 118379 270551 201424 98140 94675.1 82354.1 69533.4 103917 60047.4 72789
threshold=0.59641953207660825 0.48500000000000004 1939.5000000000002 20.865000000000006 10.487127586999657 0.025000000000000005 300.30000000000007 509.5750000000001 0.25779124958710925 5.3350000000000009 1.7849419487847225 3.5000000000000004 120.68500000000002 0.22250000000000003 100.01000000000001 116.50000000000001 8.9634802916982341 133.24000000000004 1.0000000180025095e-35 10.487127586999657 16.460509296098724 7.2922110575007748 300.30000000000007 124.59000000000002 0.94500000000000006 0.34250000000000008 0.25167983781929665 1.0000000180025095e-35 1.2075000000000002 1.0000000180025095e-35
decision_type=2 2 2 2 2 2 2 2 2 2 2 2 2 2 2 2 2 2 2 2 2 2 2 2 2 2 2 2 2 2
left_child=1 18 3 -3 -5 7 14 8 10 -10 -6 -12 -13 -11 -7 17 -17 -16 -1 -20 21 25 23 -23 26 -21 27 -25 29 -22
right_child=-2 2 -4 4 5 6 -8 -9 9 13 11 12 -14 -15 15 16 -18 -19 19 20 28 22 -24 24 -26 -27 -28 -29 -30 -31
leaf_value=-0.0063840866863158459 -0.0086968134952994294 0.018296974474311646 -0.00080000477279083642 -0.023720545040661626 0.13948797966137355 0.29678306954725592 4.1377904262393717 -4.0673582410812381 -0.10027078423050047 0.15219288669778969 0.072816110056975747 0.55313401606687418 1.9858758843273965 1.1729637790571819 1.1489114309657258 1.4511066216646913 0.35291084790229799 3.5998716722835193 0.0089944257832032509 0.17466238153634439 0.2130704176664947 0.30990319812285699 5.0954092375194762 -4.7150115718232826 2.9234237910728114 4.2775701278934681 1.5206458132629848 0.71454352313745106 -0.14501078537029857 -0.13626203006262391
leaf_weight=3779111 1694265 103622 254544 25036 19466 10220 64 40 20616 35757 2610 6479 401 556 243 669 2525 143 1289123 30617 18403 983 131 47 396 49 708 141 15843 8825
leaf_count=3779111 1694265 103622 254544 25036 19466 10220 64 40 20616 35757 2610 6479 401 556 243 669 2525 143 1289123 30617 18403 983 131 47 396 49 708 141 15843 8825
internal_value=0 0.0026184 0.0376859 0.0805682 0.132262 0.171396 0.429443 0.12976 0.131715 0.0707363 0.251603 0.481574 0.636641 0.167822 0.412245 0.74186 0.582934 2.05691 -0.000673983 0.0151318 0.11904 0.261333 1.28245 1.06289 1.63579 0.181218 1.0667 -0.642845 0.00977959 0.0998466
internal_weight=0 5.62737e+06 482991 228447 124825 99789 13864 85925 85885 56929 28956 9490 6880 36313 13800 3580 3194 386 5.14438e+06 1.36527e+06 76143 33072 2406 2275 1292 30666 896 188 43071 27228
internal_count=7321633 5627368 482991 228447 124825 99789 13864 85925 85885 56929 28956 9490 6880 36313 13800 3580 3194 386 5144377 1365266 76143 33072 2406 2275 1292 30666 896 188 43071 27228
is_linear=0
shrinkage=0.1


Tree=117
num_leaves=31
num_cat=0
split_feature=26 17 2 18 26 13 14 12 12 3 8 14 3 14 16 1 8 16 18 21 12 25 14 13 13 14 12 13 14 8
split_gain=17579.9 83145.9 71737.9 78224.7 245107 118899 108810 105645 125334 136095 100035 144022 115268 83925 83674.5 92838.8 80964.5 70438.9 92696.5 69053.2 76678.3 65161.6 63987.8 116794 145846 95492.9 82774.1 86756 78741.4 80429.2
threshold=4.6350000000000007 0.025000000000000005 26.500000000000004 183.14000000000001 40.945000000000007 26.860000000000003 250.17500000000004 0.41250000000000009 0.93250000000000022 10.364705239923667 50.500000000000007 366.89500000000004 18.547854455874035 286.27500000000003 10.350000000000001 -23.499999999999996 89.500000000000014 0.022500000000000003 40.985000000000007 14.102594559223187 0.24250000000000002 3.5000000000000004 49.205000000000005 3.7950000000000004 0.48500000000000004 133.24000000000004 49.360000000000007 19.365000000000006 106.49000000000002 13.500000000000002
decision_type=2 2 2 2 2 2 2 2 2 2 2 2 2 2 2 2 2 2 2 2 2 2 2 2 2 2 2 2 2 2
left_child=-1 2 -2 5 14 6 -4 19 9 -9 11 -10 13 -12 15 -5 -15 18 -7 20 -8 -16 -3 24 -24 -26 28 -28 -25 -30
right_child=1 22 3 4 -6 17 7 8 10 -11 12 -13 -14 16 21 -17 -18 -19 -20 -21 -22 -23 23 26 25 -27 27 -29 29 -31
leaf_value=0.00083502792006498829 0.012304078580942337 -0.11490604253147296 -0.1080078652705479 -0.29768974098794082 0.66474804193734038 -0.38012580888219255 -1.0511485737744073 -3.4614057895315939 0.41585543103840045 -0.7970099635591561 -1.2022552435463656 7.4416100779095222 2.3766924162854011 -3.1289884641332537 -6.1978066248278472 -3.663337019690267 -0.29129764846233669 0.48202997016295818 -6.5418881475925446 1.7760446767012281 5.2823643366495769 -1.804485694220606 0.097602285540825395 -0.01013953764932247 0.2904000439495128 0.94239280847791462 1.3577829380081321 0.068925288544670241 2.9521223225290818 -0.64746564314709487
leaf_weight=7115015 62272 14152 72021 192 438 103 213 301 138 528 1623 37 134 103 93 143 4220 3972 32 321 21 53 19372 4991 5000 4079 563 7218 63 4222
leaf_count=7115015 62272 14152 72021 192 438 103 213 301 138 528 1623 37 134 103 93 143 4220 3972 32 321 21 53 19372 4991 5000 4079 563 7218 63 4222
internal_value=0 -0.0287547 -0.0691733 -0.129086 -1.04667 -0.119019 -0.146071 -0.504932 -0.609023 -1.76442 -0.455894 1.9013 -0.523741 -0.589106 -2.60509 -1.73437 -0.358909 0.40568 -1.84069 0.823685 -0.482756 -4.60297 0.0708068 0.128559 0.252602 0.583326 -0.0783425 0.162182 -0.280102 -0.594543
internal_weight=0 206618 146958 84686 919 83767 79660 7639 7084 829 6255 175 6080 5946 481 335 4323 4107 135 555 234 146 59660 45508 28451 9079 17057 7781 9276 4285
internal_count=7321633 206618 146958 84686 919 83767 79660 7639 7084 829 6255 175 6080 5946 481 335 4323 4107 135 555 234 146 59660 45508 28451 9079 17057 7781 9276 4285
is_linear=0
shrinkage=0.1


Tree=118
num_leaves=31
num_cat=0
split_feature=2 11 8 1 16 16 0 0 0 16 1 14 18 0 14 1 19 8 0 8 10 8 14 26 3 18 0 14 14 13
split_gain=16205.5 51737.2 244373 69759.7 60146.8 126643 381876 57870.9 55058.1 57408.3 55002.2 163037 112524 214085 97869.2 490208 874251 331485 79217 53689.4 60061.2 52072.9 51406.2 50357.9 91000.1 76434.6 69678 123757 63440.3 83262.4
threshold=26.500000000000004 56.445755494505498 753.50000000000011 -26.499999999999996 22.255000000000006 18.355000000000004 2.5000000000000004 22.500000000000004 1.0000000180025095e-35 0.54250000000000009 -23.499999999999996 366.89500000000004 183.14000000000001 17.500000000000004 751.73500000000013 -21.499999999999996 1.0000000180025095e-35 101.50000000000001 2.5000000000000004 238.50000000000003 1.0000000180025095e-35 417.50000000000006 150.04000000000005 10.035000000000002 13.212222028800179 28.705000000000002 21.500000000000004 509.5750000000001 168.34000000000003 0.025000000000000005
decision_type=2 2 2 2 2 2 2 2 2 2 2 2 2 2 2 2 2 2 2 2 2 2 2 2 2 2 2 2 2 2
left_child=1 -1 3 7 5 8 -7 19 9 21 11 -6 13 18 -12 16 -16 -17 -13 -3 -21 -5 -10 -2 -25 -26 28 -28 -27 -30
right_child=23 2 -4 4 10 6 -8 -9 22 -11 14 12 -14 -15 15 17 -18 -19 -20 20 -22 -23 -24 24 25 26 27 -29 29 -31
leaf_value=0.0048433156671887374 -0.002648261593791763 0.68863462577381085 3.5759017147230758 -1.4584043977129781 0.091872929791935676 14.986991722687433 0.44415076224665556 -1.3369154450147092 -0.26251388059968711 0.011276146306146231 -0.36036205112964653 -6.6596211680659536 -1.7885718686317624 0.76036863135440014 21.833872717398187 -15.568252315521242 0.10888658216444112 2.2198824449018999 -14.848758624848864 1.0174211295997655 4.3200216885535943 -6.1727665864504306 0.25104531412503994 -0.19545048278600402 -0.076178995511144654 0.055395196067709096 -0.16250975279176655 -5.7385471230461489 -2.4548548008600872 0.92053959665516638
leaf_weight=2823080 4433428 1183 209 237 472 23 84 119 2370 367 854 27 247 28 27 20 59 22 21 135 93 26 10975 33549 8618 1627 761 42 75 2855
leaf_count=2823080 4433428 1183 209 237 472 23 84 119 2370 367 854 27 247 28 27 20 59 22 21 135 93 26 10975 33549 8618 1627 761 42 75 2855
internal_value=0 0.00590883 0.17684 0.135986 0.0737741 0.142954 3.57018 0.780834 0.116713 -0.796818 -0.474448 -1.09278 -2.8239 -6.18873 0.0261324 2.60478 6.92952 -6.25066 -10.2424 0.959439 2.36453 -1.92446 0.15984 -0.00374587 -0.106134 0.108238 0.404751 -0.454158 0.556101 0.834139
internal_weight=0 2.84068e+06 17598 17389 15859 14082 107 1530 13975 630 1777 795 323 76 982 128 86 42 48 1411 228 263 13345 4.48096e+06 47527 13978 5360 803 4557 2930
internal_count=7321633 2840678 17598 17389 15859 14082 107 1530 13975 630 1777 795 323 76 982 128 86 42 48 1411 228 263 13345 4480955 47527 13978 5360 803 4557 2930
is_linear=0
shrinkage=0.1


Tree=119
num_leaves=31
num_cat=0
split_feature=8 4 0 12 13 13 1 13 14 12 16 20 3 0 3 18 5 2 26 18 3 3 21 14 0 12 21 12 7 13
split_gain=16044.4 16238.9 15967 61230.3 45157.4 96639.1 84014.3 79246.1 50751.9 44502.1 56040.2 65691.2 106793 79485.3 74326.5 54008.9 78944.3 52156.9 90227.2 82721.7 49602 44411.6 40294 79060.4 45281.8 49285.1 39500.6 45474.8 38922.1 38800.4
threshold=23109.000000000004 1.0000000180025095e-35 19.500000000000004 110.17000000000002 29.075000000000006 5.0050000000000008 -21.499999999999996 42.675000000000004 325.42000000000002 200.10000000000002 15.305000000000001 1.0000000180025095e-35 10.521525302922312 22.500000000000004 12.593775947739127 115.04000000000001 1.0000000180025095e-35 26.500000000000004 13.645000000000001 115.04000000000001 13.003289473684212 13.172733361620265 25.921826227355329 541.41500000000008 22.500000000000004 327.12750000000005 14.222470423884381 171.39000000000001 1919260.5000000002 81.300000000000011
decision_type=2 2 2 2 2 2 2 2 2 2 2 2 2 2 2 2 2 2 2 2 2 2 2 2 2 2 2 2 2 2
left_child=2 -2 -1 -4 5 6 26 -6 -7 29 11 12 13 15 -14 16 -11 18 19 -13 -16 -8 23 -19 25 -24 -5 -28 -12 -9
right_child=1 -3 3 4 7 8 21 9 -10 10 28 17 14 -15 20 -17 -18 22 -20 -21 -22 -23 24 -25 -26 -27 27 -29 -30 -31
leaf_value=0.0019697349044135492 -0.17067249959899555 0.10551975587280067 -0.0088929200984966192 -1.1772243280751364 -2.096445901090314 0.66016344170944363 -3.8669556068646354 -0.53210122149389982 4.9847082175057515 9.574950551986694 -0.51666811782363309 -7.6174604475498207 -3.471985129671773 -4.0200614996999509 3.1777658216414917 0.85640613919212716 1.6681172162294389 -3.3603740303244978 3.3429008134773803 -0.22534483117846454 -1.0194186064909161 0.35834753206798009 -2.9443932544800546 -10.555217098054433 -4.7501041610066492 3.16516518385514 1.4552400104089145 -0.17936511612634232 1.940041511468213 0.56221264504584267
leaf_weight=5931004 2348 22802 1361593 175 322 51 86 703 58 23 185 24 127 20 31 63 28 56 35 41 307 35 31 21 41 23 292 408 99 601
leaf_count=5931004 2348 22802 1361593 175 322 51 86 703 58 23 185 24 127 20 31 63 28 56 35 41 307 35 31 21 41 23 292 408 99 601
internal_value=0 0.0797345 -0.000274834 -0.0100242 -0.406405 0.134389 -0.174981 -0.621284 2.9613 -0.428115 -0.880137 -1.27789 -0.69267 1.79465 -1.40945 2.81478 5.23394 -2.56665 -0.750567 -2.95474 -0.63447 -2.64476 -3.62251 -5.3226 -2.24454 -0.342174 0.166554 0.502499 0.33972 -0.0277434
internal_weight=0 25150 7.29648e+06 1.36548e+06 3886 1105 996 2781 109 2459 1155 871 599 134 465 114 51 272 100 65 338 121 172 77 95 54 875 700 284 1304
internal_count=7321633 25150 7296483 1365479 3886 1105 996 2781 109 2459 1155 871 599 134 465 114 51 272 100 65 338 121 172 77 95 54 875 700 284 1304
is_linear=0
shrinkage=0.1


Tree=120
num_leaves=31
num_cat=0
split_feature=0 11 13 13 6 15 8 14 8 21 18 3 0 1 16 21 15 1 14 1 16 0 26 12 1 2 21 14 19 21
split_gain=14787.4 52351.1 108897 78631.7 146067 78336.3 90553.5 84825.9 68802.8 56919.5 81739 74001.7 83978.1 94005.5 53985.7 53344.5 113259 47978.4 61518.5 58120.9 148336 54674.8 57949.5 46061.2 53653.6 70148.7 64457.5 70374.5 44299.4 43836
threshold=4.5000000000000009 97.595652173913066 0.065000000000000016 0.23500000000000001 1.0000000180025095e-35 0.020029585798816574 270.50000000000006 300.30000000000007 148.50000000000003 25.921826227355329 28.705000000000002 11.471449056603776 3.5000000000000004 -22.499999999999996 0.057500000000000016 32.102631101271896 2.758695826645265 -24.499999999999996 209.56500000000003 -25.499999999999996 50.882500000000007 3.5000000000000004 13.035000000000002 71.13000000000001 -26.499999999999996 27.500000000000004 24.488251813304284 209.56500000000003 1.0000000180025095e-35 23.266330780877443
decision_type=2 2 2 2 2 2 2 2 2 2 2 2 2 2 2 2 2 2 2 2 2 2 2 2 2 2 2 2 2 2
left_child=1 23 -3 4 -4 7 8 -5 -7 11 28 12 -8 -14 15 29 -17 19 -19 -16 -21 -20 -23 -1 25 26 -25 -28 -11 -10
right_child=-2 2 3 5 -6 6 9 -9 14 10 -12 -13 13 -15 17 16 -18 18 21 20 -22 22 -24 24 -26 -27 27 -29 -30 -31
leaf_value=-0.0076656595947695444 0.0024638336964437407 -4.3276372206933571 -0.23276471620884498 -1.5357766827940942 5.349114049194565 -0.41806546856695403 -1.9054355959675899 4.104233117997647 1.8110473880030822 1.7411775360368704 -2.7650674218437423 3.1111534328372392 5.0257620317991396 -2.1323413252830505 -0.068378237238455861 -0.35437451687551319 5.4049661609687307 -2.3530363341509286 1.8557183132478685 -1.0771688386171805 -9.6952858289082844 -4.2564923834274797 1.013740830951267 1.5128816802978517 0.22110747556036486 0.17095162207260728 2.172874450342996 8.5607828084160307 -1.5058369864117016 -0.13527079010472715
leaf_weight=1683176 5629575 66 138 40 71 4013 219 80 185 73 371 54 43 32 296 62 76 59 264 119 24 34 54 125 1715 192 35 34 99 309
leaf_count=1683176 5629575 66 138 40 71 4013 219 80 185 73 371 54 43 32 296 62 76 59 264 119 24 34 54 125 1715 192 35 34 99 309
internal_value=0 -0.00819732 -0.285494 -0.245764 1.66347 -0.307097 -0.354663 2.22423 -0.203031 -1.28982 -1.92967 -0.291423 -0.916386 1.97164 0.379246 1.0792 2.81744 -0.141186 0.635284 -0.868132 -2.52357 1.13617 -1.02249 -0.00708157 0.460852 1.52604 2.86715 5.32054 -0.127744 0.593614
internal_weight=0 1.69206e+06 6781 6715 209 6506 6386 120 5495 891 543 348 294 75 1482 632 138 850 411 439 143 352 88 1.68528e+06 2101 386 194 69 172 494
internal_count=7321633 1692058 6781 6715 209 6506 6386 120 5495 891 543 348 294 75 1482 632 138 850 411 439 143 352 88 1685277 2101 386 194 69 172 494
is_linear=0
shrinkage=0.1


Tree=121
num_leaves=31
num_cat=0
split_feature=2 13 18 14 7 16 7 18 19 0 8 16 8 16 0 21 13 0 3 16 8 0 0 13 8 1 3 14 21 14
split_gain=14667.6 60913.6 97211.6 116770 85149 63994 63036.7 60573.8 69838 59907.5 59905.4 59764.1 58104.1 53050.6 56969.4 98432.3 189300 51710.6 50277.7 49177.3 45667.9 51753 43502.8 98440.2 223706 49721.2 70737.5 70020.7 43031.3 80747.9
threshold=27.500000000000004 128.35500000000005 93.940000000000012 751.73500000000013 1020841.5000000001 7.6275000000000004 1919260.5000000002 20.375000000000004 1.0000000180025095e-35 8.5000000000000018 294.50000000000006 1.8450000000000004 95.500000000000014 7.6925000000000017 7.5000000000000009 36.995128987870253 61.165000000000006 19.500000000000004 9.6956717531205125 50.882500000000007 124.50000000000001 4.5000000000000009 16.500000000000004 0.85500000000000009 248.50000000000003 -26.499999999999996 8.3359684614586609 210.87500000000003 14.78430661152403 230.54500000000004
decision_type=2 2 2 2 2 2 2 2 2 2 2 2 2 2 2 2 2 2 2 2 2 2 2 2 2 2 2 2 2 2
left_child=-1 5 6 4 -4 28 7 -3 -9 11 13 -8 -5 -7 15 19 -17 20 -12 -15 21 -6 23 24 -16 26 -24 -27 -2 -30
right_child=1 2 3 12 17 10 9 8 -10 -11 18 -13 -14 14 22 16 -18 -19 -20 -21 -22 -23 25 -25 -26 27 -28 -29 29 -31
leaf_value=0.0019845245238615541 -0.0031623923028041923 1.8578427698877122 4.0063315847616519 10.292045729810543 1.3964687826571196 -2.0902521627275528 7.1022809629087096 -7.1491247348785407 -1.440264803171158 -0.36804192358484639 -3.4013332180600417 1.0432819412975778 3.3688275279822175 -0.68244148422593554 -0.80960290851071481 -0.0010552408865519933 10.633253873478283 -2.3514165617385001 -0.91586459810373333 -3.1518631233725438 2.4612666882452419 -2.8309785604476931 4.9444765733348 0.43500981308458553 11.815387855529785 0.059262468497682776 0.25245213527543892 -2.0054751340960557 -0.046980877021418427 -0.40893070362345907
leaf_weight=6118750 1083663 45 89 22 73 148 27 25 150 104 95 41 27 1295 32 70 22 53 568 86 122 48 36 851 25 432 299 265 107632 6538
leaf_count=6118750 1083663 45 89 22 73 148 27 25 150 104 95 41 27 1295 32 70 22 53 568 86 122 48 36 851 25 432 299 265 107632 6538
internal_value=0 -0.0100948 0.848361 1.87938 1.2942 -0.0106846 -0.293125 -1.41439 -2.25582 1.14105 -0.399231 3.44906 6.47721 -0.236736 -0.156361 -0.62523 2.54193 0.478732 -1.272 -0.836222 1.09601 -0.280535 0.199642 0.704483 4.72767 -0.24454 0.75667 -0.725753 -0.00931449 -0.0677081
internal_weight=0 1.20288e+06 826 434 385 1.20206e+06 392 220 175 172 4224 68 49 3561 3413 1473 92 296 663 1381 243 121 1940 908 57 1032 335 697 1.19783e+06 114170
internal_count=7321633 1202883 826 434 385 1202057 392 220 175 172 4224 68 49 3561 3413 1473 92 296 663 1381 243 121 1940 908 57 1032 335 697 1197833 114170
is_linear=0
shrinkage=0.1


Tree=122
num_leaves=31
num_cat=0
split_feature=13 26 12 14 26 25 14 11 1 14 5 3 3 26 26 19 15 11 15 14 11 9 2 18 8 1 6 26 11 3
split_gain=14734.6 50162.7 71457.5 83039.8 93918.1 133596 62509.9 109152 148405 130578 182128 107408 212118 100784 78609.6 64731.4 66754.1 56893.8 69975.1 86626.8 122129 56009.9 69252.2 54423.1 53857.1 59798.3 53576.1 53239.6 51823.4 47226.9
threshold=0.115 3.3750000000000004 0.50250000000000006 248.75000000000003 16.025000000000002 3.5000000000000004 204.54500000000004 10.904732543479069 -23.499999999999996 300.30000000000007 1.0000000180025095e-35 7.7700532286139543 9.2607243149026832 17.025000000000002 53.555000000000007 1.0000000180025095e-35 4.6414118639980719 1.7492725429828939 0.3276043962891706 122.90000000000002 1.7849419487847225 1.0000000180025095e-35 27.500000000000004 11.595000000000001 319.50000000000006 -21.499999999999996 1.0000000180025095e-35 9.0350000000000019 11.975994789405126 6.0359343294595105
decision_type=2 2 2 2 2 2 2 2 2 2 2 2 2 2 2 2 2 2 2 2 2 2 2 2 2 2 2 2 2 2
left_child=1 -1 3 17 5 -5 -4 14 11 15 -11 29 13 -13 23 27 24 -3 19 -19 -21 -7 -23 -8 -17 -26 -22 -10 -14 -9
right_child=-2 2 6 4 -6 21 7 8 9 10 -12 12 28 -15 -16 16 -18 18 -20 20 26 22 -24 -25 25 -27 -28 -29 -30 -31
leaf_value=-0.0012245076473468967 0.0077150572820183705 -0.14699607053638858 -0.10731934639870369 -2.6915251082665215 -0.13558413625337398 0.69119812866970665 3.0872394307663567 -0.70114370620611943 1.5924345375740367 11.081764369299918 0.72673384870801661 10.309863994338297 2.4502454824891746 2.5886528208647692 4.2888437017798422 -1.107037371690156 6.8092014644008421 0.3385287658868113 0.03173853787234205 6.7660323609697066 0.053858978028098747 2.9847578013284077 0.25419217034553493 -0.7113701486413484 3.9560342594981197 0.52236767266735884 2.6473131672128454 -1.9521864516605245 -0.84812205902447835 -5.4547334687751636
leaf_weight=5359664 1849989 18257 53297 74 727 319 38 33 73 33 35 22 51 73 32 61 26 2077 29713 47 165 411 120 5059 104 99 154 101 722 57
leaf_count=5359664 1849989 18257 53297 74 727 319 38 33 73 33 35 22 51 73 32 61 26 2077 29713 47 165 411 120 5059 104 99 154 101 722 57
internal_value=0 -0.0026085 -0.06885 0.0168452 0.714711 1.38372 -0.143315 -0.433155 0.320277 1.65952 5.75197 -0.423435 -0.0824803 4.37672 -0.65203 1.05976 1.97466 -0.00600955 0.0740374 0.588498 2.00704 1.73851 2.36768 -0.68305 1.49853 2.28149 1.30587 -0.465075 -0.630507 -3.71175
internal_weight=0 5.47164e+06 111980 52064 1651 924 59916 6619 1490 532 68 958 868 95 5129 464 290 50413 32156 2443 366 850 531 5097 264 203 319 174 773 90
internal_count=7321633 5471644 111980 52064 1651 924 59916 6619 1490 532 68 958 868 95 5129 464 290 50413 32156 2443 366 850 531 5097 264 203 319 174 773 90
is_linear=0
shrinkage=0.1


Tree=123
num_leaves=31
num_cat=0
split_feature=7 21 18 13 1 14 8 2 3 1 14 26 2 8 3 26 0 14 11 5 2 7 0 18 12 12 5 0 8 12
split_gain=14622.2 55681.1 53903 153467 156769 269467 139454 149061 138836 124001 102444 68056.1 67041.4 73336.8 65346.1 60146.9 57285.4 55313.4 54021 51921.9 118028 61118.4 62314.4 50701.8 51115.9 48647.2 118126 97455.7 147985 66101.3
threshold=457568.00000000006 7.5210234038549517 49.685000000000009 0.62500000000000011 -26.499999999999996 470.11500000000007 907.50000000000011 26.500000000000004 7.3631368631368632 -22.499999999999996 325.42000000000002 14.195000000000002 26.500000000000004 55.500000000000007 13.074631021999446 21.300000000000004 22.500000000000004 214.71500000000003 39.961155172413804 1.0000000180025095e-35 27.500000000000004 15585.500000000002 9.5000000000000018 37.255000000000003 1.0925000000000005 200.10000000000002 1.0000000180025095e-35 20.500000000000004 36.500000000000007 327.12750000000005
decision_type=2 2 2 2 2 2 2 2 2 2 2 2 2 2 2 2 2 2 2 2 2 2 2 2 2 2 2 2 2 2
left_child=1 -1 23 6 5 16 17 15 10 -9 -6 -12 13 -10 -11 -8 19 -4 -15 20 21 22 -5 25 -25 -3 27 28 -27 -28
right_child=-2 2 3 4 8 -7 7 9 12 14 11 -13 -14 18 -16 -17 -18 -19 -20 -21 -22 -23 -24 24 -26 26 29 -29 -30 -31
leaf_value=0.0025028605831963827 0.0022126011080895827 -0.041739957461219168 0.87078522444734807 7.4160864200232171 -0.78906877207291592 11.23318528952422 6.3662590903895246 1.0451286313151595 -1.4511916135812735 -4.1943782290485165 -2.5988977078348401 -8.7861082020401948 -0.40199909819522334 0.34427789339085213 0.84668984574576234 0.68985631380762369 4.5931566178798677 4.4011418643313895 3.4731060413294474 -0.21265585255886457 -1.0923285464907802 1.1891517523924511 1.5840558111667633 0.32463841042816233 -0.60853173138655148 -1.9529914342032537 -2.1785310100106634 -5.1948557434082039 6.5222016974499359 -8.6773876255956193
leaf_weight=1072422 5880204 361733 58 53 77 27 56 270 77 90 32 40 1732 97 36 28 41 189 128 277 86 60 28 737 2884 45 34 25 38 29
leaf_count=1072422 5880204 361733 58 53 77 27 56 270 77 90 32 40 1732 97 36 28 41 189 128 277 86 60 28 737 2884 45 34 25 38 29
internal_value=0 -0.00902614 -0.0425322 0.349059 0.00802386 1.48169 1.64143 0.647913 -0.378112 -0.163708 -3.32461 -6.03624 -0.162267 1.21262 -2.75407 4.47412 0.998585 3.57215 2.12423 0.706169 1.82738 3.60819 5.40008 -0.0462625 -0.418599 -0.0425371 -1.72881 0.278589 1.92722 -5.17007
internal_weight=0 1.44143e+06 369007 3482 2755 572 727 480 2183 396 149 72 2034 302 126 84 545 247 225 504 227 141 81 365525 3621 361904 171 108 83 63
internal_count=7321633 1441429 369007 3482 2755 572 727 480 2183 396 149 72 2034 302 126 84 545 247 225 504 227 141 81 365525 3621 361904 171 108 83 63
is_linear=0
shrinkage=0.1


Tree=124
num_leaves=31
num_cat=0
split_feature=12 8 12 14 14 1 2 14 6 12 2 12 8 3 7 0 8 2 3 3 0 7 3 8 0 0 2 26 0 15
split_gain=15248.8 40471.5 76534.9 116262 69992.6 141941 90322.6 60979.5 151056 360804 247437 160109 167592 151066 123361 170166 203868 121274 190595 179003 129283 91571.7 126597 84551.3 127246 126933 124264 148177 123084 113916
threshold=15.765000000000002 140.50000000000003 200.10000000000002 222.31500000000003 751.73500000000013 -24.499999999999996 26.500000000000004 300.30000000000007 1.0000000180025095e-35 45.030000000000008 27.500000000000004 110.17000000000002 216.50000000000003 14.160271209001479 1919260.5000000002 20.500000000000004 165.50000000000003 27.500000000000004 11.471449056603776 9.4373083938065125 19.500000000000004 1020841.5000000001 10.056480758077583 248.50000000000003 5.5000000000000009 10.500000000000002 26.500000000000004 6.0750000000000011 21.500000000000004 0.084298412698412706
decision_type=2 2 2 2 2 2 2 2 2 2 2 2 2 2 2 2 2 2 2 2 2 2 2 2 2 2 2 2 2 2
left_child=-1 2 4 -4 -2 -6 -7 -3 9 10 13 -10 14 -9 -13 -16 -17 18 21 -19 -20 22 -11 25 29 26 27 -14 -26 -25
right_child=1 7 3 -5 5 6 -8 8 11 17 -12 12 23 -15 15 16 -18 19 20 -21 -22 -23 -24 24 28 -27 -28 -29 -30 -31
leaf_value=-0.0006112661298940396 0.016794730402598618 0.060006109930507638 -2.6673977973572045 -0.28965574845215852 -10.030188315255302 -4.7297760176658628 4.6602199781508675 12.39893667438756 -1.4256103263843594 5.7359251752191662 -1.5457929442326228 0.50611194266286086 10.757461720705033 5.0424900313498275 4.0635132999931072 -5.017770305334353 5.164718517661095 8.6876462129446193 1.903047010143595 1.5727851354030495 -0.73829203047289349 -1.1452429737767609 -0.54490654545445594 4.4669201297892469 1.1024122875402254 -2.5400856355888934 -1.2775887293916053 1.2695075321261602 -1.2710452276524509 -1.3238148493355582
leaf_weight=7192595 71339 45879 215 4724 21 20 21 46 649 49 36 546 20 71 280 51 32 39 791 379 242 756 93 36 1245 316 181 93 265 603
leaf_count=7192595 71339 45879 215 4724 21 20 21 46 649 49 36 546 20 71 280 51 32 39 791 379 242 756 93 36 1245 316 181 93 265 603
internal_value=0 0.0340721 -0.0124583 -0.393161 0.0138759 -3.34459 0.0797341 0.101477 0.380501 0.99874 5.70405 0.0221896 0.278357 7.93477 1.45598 2.88471 -1.09199 0.692264 0.357962 2.23661 1.28426 -0.707594 1.62242 -0.109631 0.185307 -1.14868 0.346836 2.94879 0.685878 -0.997576
internal_weight=0 129038 76340 4939 71401 62 41 52698 6819 2502 153 4317 3668 117 909 363 83 2349 1931 418 1033 898 142 2759 2149 610 294 113 1510 639
internal_count=7321633 129038 76340 4939 71401 62 41 52698 6819 2502 153 4317 3668 117 909 363 83 2349 1931 418 1033 898 142 2759 2149 610 294 113 1510 639
is_linear=0
shrinkage=0.1


Tree=125
num_leaves=31
num_cat=0
split_feature=21 12 12 11 26 14 6 12 18 15 16 14 8 15 19 19 8 3 8 1 26 21 2 14 12 23 12 2 14 0
split_gain=14064 32094.4 64283.3 30468.4 84087.8 65496.1 58261.2 149287 172834 218475 134084 112941 104285 92680.2 87305.2 85794.4 207000 206279 173925 127002 84560.5 84334.1 80437.7 102427 92698.1 79642.7 123367 134005 112707 75410.5
threshold=0.61376232844628809 200.10000000000002 327.12750000000005 6.4294398404523116 10.205000000000002 509.5750000000001 1.0000000180025095e-35 1.2425000000000004 44.240000000000009 1.6544514443044476 0.12750000000000003 366.89500000000004 5341.5000000000009 0.61813173926286946 1.0000000180025095e-35 1.0000000180025095e-35 4209.5000000000009 11.85353317890721 6682.5000000000009 -22.499999999999996 2.0950000000000002 25.921826227355329 26.500000000000004 286.27500000000003 0.88250000000000017 748.00000000000011 327.12750000000005 26.500000000000004 405.02000000000004 14.500000000000002
decision_type=2 2 2 2 2 2 2 2 2 2 2 2 2 2 2 2 2 2 2 2 2 2 2 2 2 2 2 2 2 2
left_child=1 -1 -3 4 -2 -6 -5 8 15 10 12 14 21 -12 -11 18 29 19 22 -18 -14 -10 23 -8 -25 -9 28 -28 -27 -17
right_child=3 2 -4 6 5 -7 7 25 9 11 13 -13 20 -15 -16 16 17 -19 -20 -21 -22 -23 -24 24 -26 26 27 -29 -30 -31
leaf_value=-0.0075427478532484465 0.00056065673427562672 -3.4357883976726997 -0.030104809311049724 0.0033307492435728061 -0.18846792177918115 -1.9084103968310437 0.39739982525934159 0.054841212511508398 0.42032010138798442 -0.72341058276175008 -1.207558114188058 2.9806254344061021 7.3548953056335451 4.2676051041146499 0.49973590497735654 0.40580201257634096 3.0007192395557869 0.018337064168669964 -1.8732813771194388 8.2409912044719125 2.1220762716989632 3.934802951200588 -0.24423953837898657 -0.16339902196611678 7.2647517740726473 -0.16039105979200677 -8.5659770541720928 -0.84861026505629222 5.025923604056949 -0.002814521417567932
leaf_weight=1790715 4837189 82 171 474261 19112 224 1872 151568 883 783 35 152 33 265 2291 9951 214 220 535 59 481 74 4074 28 42 17911 36 60 42 8270
leaf_count=1790715 4837189 82 171 474261 19112 224 1872 151568 883 783 35 152 33 265 2291 9951 214 220 535 59 481 74 4074 28 42 17911 36 60 42 8270
internal_value=0 -0.00770187 -1.13392 0.00249406 -0.00027128 -0.208393 0.0224156 0.0676991 0.272303 0.80967 1.70209 0.319752 1.30914 3.62884 0.18818 0.16602 0.275049 2.29697 -0.145437 4.13323 2.45804 0.692077 0.00821892 0.537836 4.29349 0.031195 -0.167376 -3.74262 -0.148258 0.220342
internal_weight=0 1.79097e+06 253 5.53066e+06 4.85652e+06 19336 674140 199879 30262 4997 1771 3226 1471 300 3074 25265 18714 493 6551 273 514 957 6016 1942 70 169617 18049 96 17953 18221
internal_count=7321633 1790968 253 5530665 4856525 19336 674140 199879 30262 4997 1771 3226 1471 300 3074 25265 18714 493 6551 273 514 957 6016 1942 70 169617 18049 96 17953 18221
is_linear=0
shrinkage=0.1


Tree=126
num_leaves=31
num_cat=0
split_feature=15 12 8 0 2 6 10 14 0 0 15 8 5 21 16 13 16 8 14 17 1 18 3 8 1 0 0 3 12 18
split_gain=14439.2 40579 44028.2 97833.6 167020 66389.9 207263 123372 163695 202944 76430.1 58046.3 48847.6 39926.3 77320.9 57789.6 294602 184589 100582 112857 82180.9 75137.1 70534.7 56926.2 43863.8 68156.6 76963.1 49346.7 42278.8 239549
threshold=0.89553436584989987 200.10000000000002 227.50000000000003 10.500000000000002 26.500000000000004 1.0000000180025095e-35 1.0000000180025095e-35 509.5750000000001 5.5000000000000009 20.500000000000004 0.20069977081741788 156.50000000000003 1.0000000180025095e-35 28.872821175412202 122.86 156.215 1.8650000000000004 17.500000000000004 751.73500000000013 5.6000000000000005 -24.499999999999996 38.32500000000001 4.8050334168755233 95.500000000000014 -23.499999999999996 12.500000000000002 4.5000000000000009 11.069204980842914 200.10000000000002 59.515000000000008
decision_type=2 2 2 2 2 2 2 2 2 2 2 2 2 2 2 2 2 2 2 2 2 2 2 2 2 2 2 2 2 2
left_child=1 -1 5 4 -4 6 10 -7 -9 -10 -3 -8 -5 15 -15 28 17 -17 -18 21 -19 -20 -23 -24 27 26 -26 -25 -2 -30
right_child=13 2 3 12 -6 7 11 8 9 -11 -12 -13 -14 14 -16 16 18 20 19 -21 -22 22 23 24 25 -27 -28 -29 29 -31
leaf_value=0.0017255182693560963 -0.018250146315055196 -2.5053741451232665 8.3456983571702779 -5.0195323846246822 -1.8634412607904207 -1.1018562643134848 -0.56227418063731682 -3.6213942614468664 6.8822469761636533 -1.7540962514204859 -7.8852156328118372 3.5936096615261506 -1.3428905865177514 0.062154219322284335 -3.4996249167645566 -0.23166809350533307 0.67575522032017643 4.5914199564192035 -5.4495078936219219 4.2606380883385162 10.116806973802284 4.5472412896156316 -5.3736479132516051 -2.5363722796652728 3.1670828024546309 5.99075044894591 -4.6858882638124326 2.3323246041933698 -1.6527471799978273 0.2700753934412658
leaf_weight=6446307 797933 62 22 83 59 188 89 33 90 39 46 54 64 72182 61 53 925 63 48 34 47 20 35 157 24 20 26 24 998 1847
leaf_count=6446307 797933 62 22 83 59 188 89 33 90 39 46 54 64 72182 61 53 925 63 48 34 47 20 35 157 24 20 26 24 998 1847
internal_value=0 0.00163555 -0.697958 -1.88116 0.909411 -0.24909 -1.4902 0.640964 2.6635 4.27126 -4.79679 1.00708 -3.41882 -0.0120579 0.0591468 -0.0184699 0.606676 4.61639 0.108898 -1.2425 6.95227 -1.77105 -1.19404 -1.59553 -1.0687 1.05703 -0.916462 -1.8908 -0.0196222 -0.404433
internal_weight=0 6.44714e+06 829 228 81 601 251 350 162 129 108 143 147 874497 72243 802254 1476 163 1313 388 110 354 306 286 251 70 50 181 800778 2845
internal_count=7321633 6447136 829 228 81 601 251 350 162 129 108 143 147 874497 72243 802254 1476 163 1313 388 110 354 306 286 251 70 50 181 800778 2845
is_linear=0
shrinkage=0.1


Tree=127
num_leaves=31
num_cat=0
split_feature=21 21 26 14 8 14 12 21 15 8 3 26 10 13 18 3 12 25 12 14 15 13 26 14 21 14 17 12 0 11
split_gain=14328 44884 56229.8 51956 74033.2 82863.9 102419 72454.9 87522.2 103313 70440.2 71901.8 71551.2 69858.2 79472.7 85775.4 89912.9 95895 81235.5 74668.7 143245 89416.7 67705.3 66626.4 65286.4 96034.8 207527 63000.8 71559.6 57819.6
threshold=21.806458357887127 24.488251813304284 0.025000000000000005 80.085000000000022 13.500000000000002 190.93000000000004 141.31500000000003 28.872821175412202 3.4360934744268081 536.50000000000011 20.003348681456682 10.615 1.0000000180025095e-35 0.14500000000000005 15.305000000000001 4.0350864893115279 0.88250000000000017 3.5000000000000004 0.71250000000000013 260.97500000000008 0.75773392608721968 0.115 10.615 276.74500000000006 25.921826227355329 541.41500000000008 0.025000000000000005 1.3525000000000003 7.5000000000000009 5.5540927108566409
decision_type=2 2 2 2 2 2 2 2 2 2 2 2 2 2 2 2 2 2 2 2 2 2 2 2 2 2 2 2 2 2
left_child=-1 -2 -3 29 5 -5 22 8 13 -10 12 -12 -8 19 -15 23 18 -18 -17 -6 21 -21 -7 -16 -14 -26 -27 -22 -29 -4
right_child=1 2 3 4 7 6 10 -9 9 -11 11 -13 24 14 15 16 17 -19 -20 20 27 -23 -24 -25 25 26 -28 28 -30 -31
leaf_value=0.0010428447480911463 -0.081553122894445718 0.05522825881393284 -0.049250514442775339 -0.0098699125949109814 -0.20736288690834509 1.3321014470193122 2.2864838347733021 -0.012277188954228295 -0.41380698698932872 -1.6394542339291676 -0.33516163031260171 7.6020714673995968 3.2452535409676404 -0.26876194200571296 1.2641301448698399 -0.2252496063301008 0.70180762288024046 -0.36906419373841604 3.9550236303184647 0.25385908443639255 -1.6142626549406298 6.7356158211827282 3.938392360885687 8.6777109883048311 -0.4665580540895462 -11.887638386090597 1.0076049988086406 -9.0706229324340821 -2.7027023313442866 0.092277016553517513
leaf_weight=6936170 87892 113272 78884 1796 16731 270 100 26036 6301 772 21 25 38 2810 27 73 2032 1421 128 188 464 24 158 22 317 24 26 25 60 45526
leaf_count=6936170 87892 113272 78884 1796 16731 270 100 26036 6301 772 21 25 38 2810 27 73 2032 1421 128 188 464 24 158 22 317 24 26 25 60 45526
internal_value=0 -0.0187654 -0.000220052 -0.0342991 -0.110825 0.39358 1.13372 -0.135333 -0.238425 -0.547583 0.232263 3.97855 -0.108983 -0.147332 0.132236 0.436531 0.380797 0.261116 2.43681 -0.251427 -1.22019 0.987643 2.29424 4.59268 -0.700456 -1.109 -5.18211 -2.07276 -4.57562 0.00253939
internal_weight=0 385463 297571 184299 59889 2775 979 57114 31078 7073 551 46 505 24005 6513 3703 3654 3453 201 17492 761 212 428 49 405 367 50 549 85 124410
internal_count=7321633 385463 297571 184299 59889 2775 979 57114 31078 7073 551 46 505 24005 6513 3703 3654 3453 201 17492 761 212 428 49 405 367 50 549 85 124410
is_linear=0
shrinkage=0.1


Tree=128
num_leaves=31
num_cat=0
split_feature=10 12 0 6 14 26 18 13 2 13 14 13 16 14 13 16 16 3 14 13 3 8 18 0 11 1 14 0 16 26
split_gain=14108.1 52299.5 56112.4 99807.7 81404 65581.1 80416.3 80249.2 64571.7 70320.1 176220 167946 122824 106267 115768 76486.6 62594.6 157451 750702 149096 127250 73615.6 68185.8 60673.8 55654 65062.4 67929.1 143601 200231 149792
threshold=1.0000000180025095e-35 1.6925000000000001 6.5000000000000009 1.0000000180025095e-35 199.94500000000002 86.485000000000014 183.14000000000001 70.780000000000015 27.500000000000004 100.53500000000001 751.73500000000013 2.2550000000000003 9.0125000000000011 751.73500000000013 202.99500000000003 5.4050000000000002 10.445000000000002 11.755687085502389 751.73500000000013 156.215 3.2436894560357681 13.500000000000002 42.785000000000004 1.0000000180025095e-35 56.445755494505498 -26.499999999999996 470.11500000000007 16.500000000000004 84.570000000000007 11.200000000000001
decision_type=2 2 2 2 2 2 2 2 2 2 2 2 2 2 2 2 2 2 2 2 2 2 2 2 2 2 2 2 2 2
left_child=-1 -2 3 5 -5 -3 -7 -8 16 10 -10 -12 15 -14 -15 -11 19 22 23 21 -21 -6 -18 -19 -4 -26 -27 28 29 -28
right_child=1 2 24 4 8 6 7 -9 9 12 11 -13 13 14 -16 -17 17 18 -20 20 -22 -23 -24 -25 25 26 27 -29 -30 -31
leaf_value=-0.0034769689196144241 -0.00019047622793675267 0.035165947093488345 0.053224474183755303 -0.051411166858126703 1.4455819911455392 -1.9038986156726705 8.081452213972808 1.4342838979902721 -0.86345007192820167 0.055656405658287528 -14.036269221305847 -1.2320976603598823 0.9278260292151036 12.17265495820479 1.6604763174057007 -5.267428286416191 0.96687058053216957 -3.0251996781767869 17.511197306315108 4.1345221149921416 -4.3743629355266185 -0.36021263480219379 -0.41415024704805115 1.4167967321063446 0.65024159311383656 0.067853036517010468 0.98133268779684046 -0.13075560432943431 -3.4364344480633733 3.4626345213523937
leaf_weight=4498984 2397462 121428 242445 28931 233 29 32 42 2282 118 20 21 78 22 20 35 494 41 30 20 145 7258 1294 123 3070 14527 798 1221 80 350
leaf_count=4498984 2397462 121428 242445 28931 233 29 32 42 2282 118 20 21 78 22 20 35 494 41 30 20 145 7258 1294 123 3070 14527 798 1221 80 350
internal_value=0 0.0055419 0.0378645 -0.00827876 -0.142856 0.0373054 2.55955 4.30874 -0.359107 -0.801775 -0.980195 -7.47804 0.716432 3.11149 7.16686 -1.16204 -0.239874 0.260995 2.96685 -0.36954 -3.34298 -0.304045 -0.032593 0.306298 0.0664648 0.226599 0.149986 0.637182 1.40074 1.73783
internal_weight=0 2.82265e+06 425187 162696 41165 121531 103 74 12234 2596 2323 41 273 120 42 153 9638 1982 194 7656 165 7491 1788 164 262491 20046 16976 2449 1228 1148
internal_count=7321633 2822649 425187 162696 41165 121531 103 74 12234 2596 2323 41 273 120 42 153 9638 1982 194 7656 165 7491 1788 164 262491 20046 16976 2449 1228 1148
is_linear=0
shrinkage=0.1


Tree=129
num_leaves=31
num_cat=0
split_feature=0 15 13 21 14 18 13 12 20 24 2 3 3 14 1 3 18 14 1 8 12 14 21 0 8 2 2 1 3 14
split_gain=14132.8 55504.8 98644.7 43987.2 75881.3 118826 144583 100053 75559.5 62372 79814.2 69691 75195.4 78147.4 80259.1 61398.7 59173.3 94803.3 123666 87565.4 61659.5 57791.1 134006 78231.7 61242.9 55882.6 53303.4 52814.8 176016 51596.2
threshold=17.500000000000004 10.066381131341933 202.99500000000003 14.78430661152403 84.325000000000003 42.785000000000004 0.025000000000000005 200.10000000000002 1.0000000180025095e-35 400.00000000000006 26.500000000000004 11.616538561509044 17.444010007040884 209.56500000000003 -23.499999999999996 20.003348681456682 23.175000000000004 206.62500000000003 -25.499999999999996 95.500000000000014 1.6025000000000003 366.89500000000004 20.361829940509359 21.500000000000004 319.50000000000006 27.500000000000004 26.500000000000004 -26.499999999999996 16.176275161227284 158.11500000000004
decision_type=2 2 2 2 2 2 2 2 2 2 2 2 2 2 2 2 2 2 2 2 2 2 2 2 2 2 2 2 2 2
left_child=-1 2 3 -2 -5 9 26 8 15 10 -6 16 13 -13 25 29 -11 -18 19 -19 -20 24 -23 -24 -14 -15 -7 -28 -29 -8
right_child=1 -3 -4 4 5 6 7 -9 -10 11 -12 12 21 14 -16 -17 17 18 20 -21 -22 22 23 -25 -26 -27 27 28 -30 -31
leaf_value=0.0027253398365716889 -0.0017480588674974804 -0.28802604003215426 5.0231052979444852 -0.012120691997682856 -2.8797279072897086 1.0432266076405845 -0.34837884360149635 3.6914077272602159 -0.73745299503740669 -0.078699516776770242 -0.10855503747917035 -0.24499496939383036 -0.11586663925577965 -0.14893218214250969 -1.1151225804537053 3.1803455210991745 -0.019428687991222018 8.0179754128327243 -1.6359418864982826 2.5932898749842455 1.2090279792099787 7.7923040054738522 5.329961452484131 -2.0294141870278581 0.83644708398678314 -1.0615868033031777 1.8132869430210281 -2.0458724696417248 -11.636545855348761 0.83770029373998478
leaf_weight=5287185 1857116 7008 39 120790 197 48 452 102 419 11508 220 21138 4485 2834 2316 97 1110 37 96 152 369 32 20 52 795 879 23 147 22 1945
leaf_count=5287185 1857116 7008 39 120790 197 48 452 102 419 11508 220 21138 4485 2834 2316 97 1110 37 96 152 369 32 20 52 795 879 23 147 22 1945
internal_value=0 -0.0070827 -0.00611159 -0.00620834 -0.0548518 -0.159135 0.424859 0.612897 0.505101 -0.200244 -1.41772 -0.189165 -0.267912 -0.335574 -0.653149 0.713855 0.00396972 0.543288 1.49836 3.65527 0.621679 0.0735024 2.40792 0.0148568 0.0275215 -0.36499 -1.93736 -2.68251 -3.29436 0.614042
internal_weight=0 2.03445e+06 2.02744e+06 2.0274e+06 170285 49495 3255 3015 2913 46240 417 45823 32551 27167 6029 2494 13272 1764 654 189 465 5384 104 72 5280 3713 240 192 169 2397
internal_count=7321633 2034448 2027440 2027401 170285 49495 3255 3015 2913 46240 417 45823 32551 27167 6029 2494 13272 1764 654 189 465 5384 104 72 5280 3713 240 192 169 2397
is_linear=0
shrinkage=0.1


Tree=130
num_leaves=31
num_cat=0
split_feature=11 21 21 12 13 12 11 15 16 11 14 15 26 14 18 18 5 11 11 14 21 8 1 11 11 8 25 14 12 14
split_gain=13423.4 70529.4 37244.9 146692 102743 93694.7 125630 113338 106320 92575.8 166044 101221 83764.3 83624.2 85294.9 81996.2 143010 181175 79273.6 87377.2 81847.5 163450 225384 157448 155973 119056 176687 160053 101793 126184
threshold=0.55603467186867395 4.6875534757621171 0.85140067531331509 0.32250000000000006 0.065000000000000016 1.1725000000000001 2.6233367258820635 0.94303353658536593 0.21750000000000005 1.1301998097361328 54.080000000000005 0.35782955625326501 1.9650000000000001 127.95500000000001 23.485000000000003 15.765000000000002 1.0000000180025095e-35 2.4094214142761845 9.2011025993237556 300.30000000000007 12.066169858953876 3558.5000000000005 -22.499999999999996 12.669509803921573 12.669509803921573 1509.5000000000002 3.5000000000000004 199.57000000000002 2.0825000000000005 206.62500000000003
decision_type=2 2 2 2 2 2 2 2 2 2 2 2 2 2 2 2 2 2 2 2 2 2 2 2 2 2 2 2 2 2
left_child=1 -1 12 9 -5 6 -6 8 -8 10 -4 15 -2 -10 -15 -11 17 -17 19 -7 21 25 23 -23 -24 26 28 -28 29 -20
right_child=2 -3 3 4 5 18 7 -9 13 11 -12 -13 -14 14 -16 16 -18 -19 20 -21 -22 22 24 -25 -26 -27 27 -29 -30 -31
leaf_value=0.0020825655182942575 -0.0016356444200836798 -0.058163993698098639 0.044799263913770558 -0.053328095930898295 -0.0065681570994528364 -0.053300128544692155 0.18512898225944283 0.019269957811219176 0.41452915529666784 0.1606964541853779 -0.31166212775863483 0.027891036854607212 -0.30948796719792271 0.92153750385642652 2.980491581621564 0.69702784150929364 0.17136510110684178 3.3730418106451392 -0.39205265200077055 5.858978141784668 0.016672704401784685 -3.2030571870420168 8.0469310743052791 1.6632325135435619 2.2019199235346711 -0.93957448561262058 0.21371957293652974 1.2601793312323193 0.17486868948837575 -3.0432350889450372
leaf_weight=1020477 4717898 240018 186548 298376 100354 210572 56516 40645 6141 115479 14052 78004 8855 1332 237 782 2046 374 1924 25 207879 87 82 282 103 871 3304 2621 5551 198
leaf_count=1020477 4717898 240018 186548 298376 100354 210572 56516 40645 6141 115479 14052 78004 8855 1332 237 782 2046 374 1924 25 207879 87 82 282 103 871 3304 2621 5551 198
internal_value=0 -0.00938932 0.00195264 0.0167062 -0.0048822 0.017749 0.0734137 0.149951 0.232651 0.0676281 0.0198292 0.116378 -0.00221237 0.580997 1.23255 0.174537 0.673706 1.5628 -0.0086035 -0.0525983 0.0329626 0.258372 1.94406 0.515896 4.79268 0.193829 0.266428 0.676635 -0.0503289 -0.63943
internal_weight=0 1.2605e+06 6.06114e+06 1.33438e+06 937100 638724 205225 104871 64226 397285 200600 196685 4.72675e+06 7710 1569 118681 3202 1156 433499 210597 222902 15023 554 369 185 14469 13598 5925 7673 2122
internal_count=7321633 1260495 6061138 1334385 937100 638724 205225 104871 64226 397285 200600 196685 4726753 7710 1569 118681 3202 1156 433499 210597 222902 15023 554 369 185 14469 13598 5925 7673 2122
is_linear=0
shrinkage=0.1


Tree=131
num_leaves=31
num_cat=0
split_feature=2 12 8 4 21 8 18 8 14 13 14 12 3 14 3 13 15 3 1 18 16 0 16 13 8 19 14 1 19 18
split_gain=12730.4 44396.5 180197 51897.8 57832.5 179344 98053.9 211174 117941 135304 81617.8 186953 142713 140215 128205 487840 126623 286954 109022 133611 94165.9 99177.6 78790.8 77019.6 75095.3 70858.6 67308.6 177833 256583 122150
threshold=26.500000000000004 49.360000000000007 753.50000000000011 1.0000000180025095e-35 21.806458357887127 536.50000000000011 49.685000000000009 447.50000000000006 300.30000000000007 100.53500000000001 541.41500000000008 200.10000000000002 4.8050334168755233 509.5750000000001 11.755687085502389 1.905 5.4919345238095243 9.4373083938065125 -21.499999999999996 183.14000000000001 5.4050000000000002 20.500000000000004 8.1425000000000018 202.99500000000003 50.500000000000007 1.0000000180025095e-35 366.89500000000004 -23.499999999999996 1.0000000180025095e-35 115.04000000000001
decision_type=2 2 2 2 2 2 2 2 2 2 2 2 2 2 2 2 2 2 2 2 2 2 2 2 2 2 2 2 2 2
left_child=1 -1 3 4 5 6 7 8 24 -10 13 25 -13 -6 16 -16 17 -14 23 -20 21 -17 -22 -18 -3 -12 -8 29 -29 -28
right_child=-2 2 -4 -5 10 -7 26 -9 9 -11 11 12 14 -15 15 20 18 -19 19 -21 22 -23 -24 -25 -26 -27 27 28 -30 -31
leaf_value=0.0042551236891847652 -0.0033200303788557652 -0.0084263083625757181 3.0830289193888034 -0.63957526944845067 -0.0098705302746517742 7.4029035941974541 0.22312151264252883 9.9132209188938134 4.199399105303705 -1.4025559224580464 -7.2549786735983464 7.9905930264790861 10.407371783937727 -4.9401882484041408 15.196839099460178 1.6099553969462175 -2.5537516926217272 -1.0960999246229206 -2.2316345070799191 4.6385502766871793 6.9588952579498304 -2.131439196450843 0.1719712990980882 1.1718499982860726 1.0579588250770293 -1.2881556292374929 -9.3431445455551145 9.3940032910555598 -0.39514825551021027 -2.0560703968267062
leaf_weight=2823259 4480955 1405 209 836 10543 37 1145 25 177 57 34 30 35 58 27 333 254 57 48 69 50 90 26 71 1246 48 25 32 164 288
leaf_count=2823259 4480955 1405 209 836 10543 37 1145 25 177 57 34 30 35 58 27 333 254 57 48 69 50 90 26 71 1246 48 25 32 164 288
internal_value=0 0.0052371 0.164395 0.12895 0.168189 0.468814 0.4126 0.762047 0.682747 2.83482 0.0507014 0.84258 1.18899 -0.0368452 0.996497 2.10459 -0.0949995 3.28022 -0.797534 1.82001 1.3962 0.813914 4.63705 -1.73985 0.492787 -3.7622 -0.202206 -1.15898 1.20308 -2.63811
internal_weight=0 2.84068e+06 17419 17210 16374 4601 4564 2910 2885 234 11773 1172 1090 10601 1060 526 534 92 442 117 499 423 76 325 2651 82 1654 509 196 313
internal_count=7321633 2840678 17419 17210 16374 4601 4564 2910 2885 234 11773 1172 1090 10601 1060 526 534 92 442 117 499 423 76 325 2651 82 1654 509 196 313
is_linear=0
shrinkage=0.1


Tree=132
num_leaves=31
num_cat=0
split_feature=15 14 11 26 18 14 12 2 11 17 21 21 0 0 16 18 12 8 19 1 6 18 14 18 7 0 16 1 14 14
split_gain=13772.8 32897.2 42058.5 203647 61814.6 153151 101727 71517.8 62949.7 54001.2 54531.2 54342.1 52182.5 57758.2 63373.5 197133 74802.5 113505 106717 115301 99444.2 92533 101620 125232 97143.7 167173 90281.8 81559.1 125623 104391
threshold=2.4855725623582772 80.085000000000022 28.835726227795195 4.5550000000000006 64.200000000000017 250.17500000000004 2.0825000000000005 26.500000000000004 7.2922110575007748 0.075000000000000025 32.885215075870128 21.806458357887127 6.5000000000000009 21.500000000000004 84.570000000000007 93.940000000000012 141.31500000000003 124.50000000000001 1.0000000180025095e-35 -21.499999999999996 1.0000000180025095e-35 35.705000000000005 366.89500000000004 29.790000000000003 95472.500000000015 13.500000000000002 5.6975000000000007 -24.499999999999996 751.73500000000013 751.73500000000013
decision_type=2 2 2 2 2 2 2 2 2 2 2 2 2 2 2 2 2 2 2 2 2 2 2 2 2 2 2 2 2 2
left_child=-1 -2 3 -3 5 8 9 -8 -5 10 11 -6 -4 14 16 -16 -14 20 19 26 -18 22 -22 -24 25 -23 -19 29 -29 -20
right_child=1 2 12 4 6 -7 7 -9 -10 -11 -12 -13 13 -15 15 -17 17 18 27 -21 21 24 23 -25 -26 -27 -28 28 -30 -31
leaf_value=0.00075872447403537292 0.028366827895838855 -0.023128817358458145 -0.11306578721917869 -2.9396025422157028 -0.25045375481291809 -1.9821806160844648 -0.71014890267203257 3.0602002295548334 -0.44234534548757465 1.745016527988694 2.7299431704638302 -1.8596992382110455 0.06544906678796282 -0.18785406181237063 -7.9262058942745899 -0.39450371593096789 -0.75610337486301649 1.2005473621736884 0.97489302021103108 -2.7654359175044982 0.46093861707428724 11.316312775611877 0.88816875926379513 5.2166772230017573 -0.27316594017955259 -0.33822678476572038 -1.0076044915813898 1.5631996361620906 4.8146311101275723 -4.1442364508197427
leaf_weight=7104227 75815 53361 26924 102 2291 717 72 167 9721 132 57 231 33994 7805 39 319 1035 599 773 122 486 20 145 124 1167 32 268 703 143 42
leaf_count=7104227 75815 53361 26924 102 2291 717 72 167 9721 132 57 231 33994 7805 39 319 1035 599 773 122 486 20 145 124 1167 32 268 703 143 42
internal_value=0 -0.024793 -0.0532575 -0.110885 -0.458014 -0.571262 -0.0533927 1.92436 -0.468276 -0.22775 -0.328722 -0.397851 -0.00171253 0.0609877 0.10953 -1.215 0.121488 0.458117 0.935344 0.112949 0.0378265 0.454097 1.32406 2.88347 -0.0847265 4.14429 0.517981 1.42502 2.11279 0.711085
internal_weight=0 217406 141591 66851 13490 10540 2950 239 9823 2711 2579 2522 74740 47816 40011 358 39653 5659 2650 989 3009 1974 755 269 1219 52 867 1661 846 815
internal_count=7321633 217406 141591 66851 13490 10540 2950 239 9823 2711 2579 2522 74740 47816 40011 358 39653 5659 2650 989 3009 1974 755 269 1219 52 867 1661 846 815
is_linear=0
shrinkage=0.1


Tree=133
num_leaves=31
num_cat=0
split_feature=15 26 8 14 21 17 14 15 18 14 11 14 15 11 2 14 15 3 3 8 16 12 14 14 18 15 11 18 14 11
split_gain=12340.5 55339.7 50100.2 52716.8 55280.8 82512.9 63975.2 52122.6 71992 53176 57402.1 57729.2 58243 47564.2 47895.2 47302.7 62561.8 56906 47769.4 48235.3 43429.9 44584.5 66915 62666.3 41760.3 45852.2 38579.7 38034.1 34739.1 70992.2
threshold=0.59641953207660825 0.39500000000000007 1976.5000000000002 15.005000000000001 10.487127586999657 0.025000000000000005 300.30000000000007 0.25548548518067404 10.765000000000002 60.005000000000003 2.7047591437382339 325.42000000000002 0.20069977081741788 19.909737973662995 27.500000000000004 100.01000000000001 0.56528258362168404 21.010416666666668 8.9634802916982341 148.50000000000003 0.22250000000000003 0.15250000000000005 143.31500000000003 210.87500000000003 12.525 0.11895612806143629 10.493977542540565 14.925000000000002 71.435000000000016 5.5540927108566409
decision_type=2 2 2 2 2 2 2 2 2 2 2 2 2 2 2 2 2 2 2 2 2 2 2 2 2 2 2 2 2 2
left_child=1 -1 3 -3 -5 7 15 9 28 -6 24 12 -12 20 -15 -7 17 18 26 -20 21 22 -10 -23 25 -11 -17 -22 -9 -30
right_child=-2 2 -4 4 5 6 -8 8 13 10 11 -13 -14 14 -16 16 -18 -19 19 -21 27 23 -24 -25 -26 -27 -28 -29 29 -31
leaf_value=-0.0010714377076254844 -0.0074821302066360607 -0.0016560628038714362 0.002993213577867004 -0.0078988160144135219 0.13036852457281359 0.22938413633331378 3.4808029273524883 0.010211830486513373 0.38869876850764568 1.3271619938874137 1.3131078071190354 -4.3087088714946402 0.37198997649648591 3.507680095441458 -1.1065321217140844 1.8048506563971671 -0.32093319835222289 3.8919199107056954 1.7732667817569832 0.35245597440046417 0.75251544208550936 0.14420684537804135 2.1355433521233502 -0.88705616916789387 1.8520134828229613 0.049627651534342274 -0.018413060531020164 3.3668856410516632 -0.38266435362684165 0.36931065694410892
leaf_weight=5058931 1694265 87682 292419 42663 46717 13868 64 45829 2541 303 1295 22 1336 82 31 598 575 59 272 1966 245 17317 240 610 148 3859 144 72 5884 1596
leaf_count=5058931 1694265 87682 292419 42663 46717 13868 64 45829 2541 303 1295 22 1336 82 31 598 575 59 272 1966 245 17317 240 610 148 3859 144 72 5884 1596
internal_value=0 0.00225269 0.0318365 0.0623936 0.0922127 0.121532 0.32491 0.0936813 0.0395217 0.168793 0.426598 0.79256 0.835216 0.195688 2.24183 0.313356 0.635582 0.816561 0.755673 0.525137 0.184691 0.166908 0.539451 0.109116 0.201332 0.142634 1.45101 1.34632 -0.0224011 -0.222216
internal_weight=0 5.62737e+06 568437 276018 188336 145673 17546 128127 74447 53680 6963 2653 2631 21138 113 17482 3614 3039 2980 2238 21025 20708 2781 17927 4310 4162 742 317 53309 7480
internal_count=7321633 5627368 568437 276018 188336 145673 17546 128127 74447 53680 6963 2653 2631 21138 113 17482 3614 3039 2980 2238 21025 20708 2781 17927 4310 4162 742 317 53309 7480
is_linear=0
shrinkage=0.1


Tree=134
num_leaves=31
num_cat=0
split_feature=10 12 5 18 8 1 20 18 12 8 21 2 13 13 2 16 13 14 0 0 21 3 1 0 6 14 0 8 16 14
split_gain=12975.6 52522.7 219185 349199 147689 145791 182643 120757 104237 104058 66907.9 136679 135756 61616.3 60650.6 213802 59894.2 59962.6 58166 55230.9 50877.8 45735 45039.6 44473 91230 93625.5 119725 87660.7 120553 307683
threshold=1.0000000180025095e-35 200.10000000000002 1.0000000180025095e-35 59.515000000000008 65.500000000000014 -24.499999999999996 1.0000000180025095e-35 1.3950000000000002 327.12750000000005 95.500000000000014 25.921826227355329 26.500000000000004 128.35500000000005 2.1550000000000007 26.500000000000004 4.8850000000000007 118.00000000000001 509.5750000000001 15.500000000000002 11.500000000000002 32.102631101271896 13.927599199259866 -26.499999999999996 6.5000000000000009 1.0000000180025095e-35 196.70000000000002 20.500000000000004 174.50000000000003 5.6975000000000007 405.02000000000004
decision_type=2 2 2 2 2 2 2 2 2 2 2 2 2 2 2 2 2 2 2 2 2 2 2 2 2 2 2 2 2 2
left_child=1 -1 5 9 -5 6 18 -7 20 13 -8 12 -12 -4 -10 -16 -15 -18 -3 -19 -9 -17 -6 -2 -25 -26 27 28 29 -27
right_child=23 2 3 4 22 7 10 8 14 -11 11 -13 -14 16 15 21 17 19 -20 -21 -22 -23 -24 24 25 26 -28 -29 -30 -31
leaf_value=-0.0031337833739623401 -0.010156421061800676 1.2453247500235036 0.13155938733008601 5.879898054003716 -3.5847520681944758 4.4915659392752296 0.6505740839242935 -1.7659605085849763 -0.8041886851355271 -9.3328542232513438 4.7025119125417296 2.248821631950491 14.241969174605149 -7.4439628271623093 -12.18064839442571 1.1295508003234864 0.68894350881929756 -8.2052968978881839 -1.7859659531406153 -3.0425736019860454 1.819294175616017 -2.9429430078543151 -0.015651340484619143 0.0078451548241925458 0.04658011283984613 0.75887644229429929 -0.083549675111764671 0.24077109830781418 0.17452729802653599 3.9847036094557158
leaf_weight=4497432 1120462 155 31 40 44 41 40 56 182 44 35 68 26 55 24 35 27 30 107 67 135 130 180 1534477 131879 2843 9138 20934 2586 330
leaf_count=4497432 1120462 155 31 40 44 41 40 56 182 44 35 68 26 55 24 35 27 30 107 67 135 130 180 1534477 131879 2843 9138 20934 2586 330
internal_value=0 -0.0033345 -0.584973 -2.26399 0.282764 0.256158 1.66067 -0.74773 -1.12996 -4.911 4.2238 5.33178 8.76851 -3.98452 -2.10713 -3.36182 -4.69736 -3.47911 0.00735488 -4.63929 0.76812 -2.07908 -0.716725 0.00531481 0.0154987 0.0855258 0.228869 0.335821 0.681328 1.09437
internal_weight=0 4.49898e+06 1552 518 264 1034 431 603 562 254 169 129 61 210 371 189 179 124 262 97 191 165 224 2.82265e+06 1.70219e+06 167710 35831 26693 5759 3173
internal_count=7321633 4498984 1552 518 264 1034 431 603 562 254 169 129 61 210 371 189 179 124 262 97 191 165 224 2822649 1702187 167710 35831 26693 5759 3173
is_linear=0
shrinkage=0.1


Tree=135
num_leaves=31
num_cat=0
split_feature=26 14 4 11 8 13 14 13 12 12 14 2 11 18 3 1 3 12 25 16 1 3 1 17 18 1 8 3 3 7
split_gain=14534.2 78931.3 72361.7 83641.7 75569.7 56622.4 78818.7 125722 75777.1 70432.2 55761.1 117124 143344 196303 174584 171980 162118 137799 187106 177572 116452 108609 120607 114289 108057 99593.7 322180 104151 91978.3 89914.3
threshold=3.5950000000000002 24.155000000000005 1.0000000180025095e-35 6.7242013888888899 50.500000000000007 4.955000000000001 147.21000000000001 3.0550000000000002 9.5100000000000016 7.6850000000000014 230.54500000000004 26.500000000000004 6.4294398404523116 13.025 13.972787856349504 -26.499999999999996 14.735513333536977 1.9825000000000002 3.5000000000000004 0.027500000000000004 -25.499999999999996 16.929430331131382 -22.499999999999996 2.9550000000000005 64.200000000000017 -21.499999999999996 82.500000000000014 11.700628930817611 16.062760063482909 1919260.5000000002
decision_type=2 2 2 2 2 2 2 2 2 2 2 2 2 2 2 2 2 2 2 2 2 2 2 2 2 2 2 2 2 2
left_child=-1 -2 4 -4 5 6 -3 -8 -7 -9 -6 12 -12 -14 17 -16 24 18 20 -20 -15 22 28 29 -17 27 -27 -19 -13 -24
right_child=1 2 3 -5 10 8 7 9 -10 -11 11 21 13 14 15 16 -18 25 19 -21 -22 -23 23 -25 -26 26 -28 -29 -30 -31
leaf_value=0.00086168799005009061 -0.22925843526916867 0.16167244598820252 -0.15163774868947935 -1.6725755638459745 -0.0060322763760068685 5.733209907360699 0.59118788235507425 8.22876388686044 -0.011651089278597431 2.5482088736512445 -0.83882960720272493 -0.18117832144691515 -1.9894270627537907 -1.7539049240068778 3.7081907339212372 -3.7577492350942636 -0.18606854127693315 -0.12756070850223086 5.2464263731303316 1.5593714705769075 0.74619032606464364 1.0574384324554114 -1.2792779227646986 -3.4247639273455044 0.81728079579770574 -13.129122001784189 -0.51398575800085577 1.2230298702296387 -2.3017334450036286 -0.26310650673845121
leaf_weight=7057649 17341 11977 1041 554 191522 23 3135 28 13322 99 1256 12310 349 241 82 267 698 1239 144 1406 821 556 1662 167 64 21 563 1059 208 1829
leaf_count=7057649 17341 11977 1041 554 191522 23 3135 28 13322 99 1256 12310 349 241 82 267 698 1239 144 1406 821 556 1662 167 64 21 563 1059 208 1829
internal_value=0 -0.0230373 -0.00853834 -0.679913 -0.0041684 0.148651 0.28036 0.716141 -0.00174987 3.80061 -0.0243482 -0.164991 0.144367 0.321947 0.444077 -0.699205 -1.05043 0.675273 1.20134 1.90191 0.178843 -0.316785 -0.36402 -0.869141 -2.87315 0.198492 -0.967612 0.494839 -0.216414 -0.746887
internal_weight=0 263984 246643 1595 245048 28584 15239 3262 13345 127 216464 24942 8210 6954 6605 1111 1029 5494 2612 1550 1062 16732 16176 3658 331 2882 584 2298 12518 3491
internal_count=7321633 263984 246643 1595 245048 28584 15239 3262 13345 127 216464 24942 8210 6954 6605 1111 1029 5494 2612 1550 1062 16732 16176 3658 331 2882 584 2298 12518 3491
is_linear=0
shrinkage=0.1


Tree=136
num_leaves=31
num_cat=0
split_feature=26 8 15 14 12 13 14 12 14 14 13 14 11 2 13 1 18 18 14 21 14 7 1 0 14 2 13 14 8 0
split_gain=12987.9 82019 65973.2 103254 92137.4 88937.6 71951.8 87187.1 139026 187706 93194.6 79137.8 88872.3 75824.5 84270.9 78303.6 70854.3 69468.5 89611.9 69561.9 151232 201294 164953 137252 99488.7 67152.5 66679.3 64155.4 126110 159077
threshold=5.535000000000001 447.50000000000006 2.4855725623582772 58.995000000000012 45.030000000000008 0.52500000000000013 80.085000000000022 3.3625000000000003 470.11500000000007 222.31500000000003 0.51500000000000012 751.73500000000013 28.835726227795195 26.500000000000004 2.2150000000000003 -26.499999999999996 24.365000000000006 22.120000000000005 541.41500000000008 14.222470423884381 276.74500000000006 1919260.5000000002 -25.499999999999996 8.5000000000000018 366.89500000000004 27.500000000000004 1.3350000000000002 470.11500000000007 5.5000000000000009 9.5000000000000018
decision_type=2 2 2 2 2 2 2 2 2 2 2 2 2 2 2 2 2 2 2 2 2 2 2 2 2 2 2 2 2 2
left_child=-1 2 3 -2 6 -5 -4 10 9 -9 -8 12 -12 26 15 -15 27 18 -7 24 -21 23 25 -22 -19 -23 -11 -6 -29 -30
right_child=1 -3 4 5 16 17 7 8 -10 13 11 -13 -14 14 -16 -17 -18 19 -20 20 21 22 -24 -25 -26 -27 -28 28 29 -31
leaf_value=0.00064511265267380507 -0.06018572011150617 -0.094175312187706597 0.022526646109093926 0.14561231405767028 0.34274148003453653 0.48963931868827965 -0.36160818024590274 -0.38974083104456236 6.2272240638732912 2.8982382546110852 -0.064893155340777331 -3.9535310154869445 0.93686538029085831 -0.42230026203653087 -2.1236476164311173 -6.9911744450413913 0.0085031105865603085 0.73889530856477648 -4.3871328808759387 1.0898233969648263 3.7520261850621965 10.740265808322214 -0.67542731293131797 12.263116552233697 -4.1176888613597207 2.7340113508701327 -2.7709118661426366 6.9817598110292014 -1.8439503631421499 3.10912144555674
leaf_weight=7153800 10454 87882 19032 8649 7084 4462 3532 9172 31 41 1857 42 1693 23 192 86 11690 508 38 763 36 22 89 40 46 20 42 41 112 154
leaf_count=7153800 10454 87882 19032 8649 7084 4462 3532 9172 31 41 1857 42 1693 23 192 86 11690 508 38 763 36 22 89 40 46 20 42 41 112 154
internal_value=0 -0.0274976 0.0457944 0.179974 -0.015703 0.35108 -0.110422 -0.261836 -0.458736 -0.480426 0.00313842 0.361792 0.412847 -2.64647 -3.38437 -5.60508 0.161727 0.646081 0.448458 1.22961 1.74019 4.13744 1.76224 8.23155 0.335641 6.92776 0.0295117 0.404075 1.81933 1.02362
internal_weight=0 167833 79951 25127 54824 14673 35743 16711 9587 9556 7124 3592 3550 384 301 109 19081 6024 4500 1524 970 207 131 76 554 42 83 7391 307 266
internal_count=7321633 167833 79951 25127 54824 14673 35743 16711 9587 9556 7124 3592 3550 384 301 109 19081 6024 4500 1524 970 207 131 76 554 42 83 7391 307 266
is_linear=0
shrinkage=0.1


Tree=137
num_leaves=31
num_cat=0
split_feature=0 21 14 3 23 3 14 26 14 21 14 1 13 26 18 8 14 20 14 0 8 11 3 2 1 14 14 11 1 3
split_gain=12736.5 46588.5 76333.6 75164.1 79287 62071.2 82909.4 130157 101242 66792.8 62175.2 92649 78046.2 57827.5 81995.8 57897.6 52959 135061 194843 195536 167791 116498 115005 101004 100652 90589.8 80734.4 113415 93685.4 106128
threshold=17.500000000000004 14.78430661152403 84.325000000000003 11.818782152230973 400.00000000000006 17.444010007040884 751.73500000000013 3.2150000000000003 366.89500000000004 20.361829940509359 209.56500000000003 -22.499999999999996 156.215 0.055000000000000007 59.515000000000008 82.500000000000014 214.71500000000003 1.0000000180025095e-35 276.74500000000006 18.500000000000004 6682.5000000000009 14.572858851674644 11.055582730479111 27.500000000000004 -22.499999999999996 325.42000000000002 366.89500000000004 15.949366438356167 -24.499999999999996 7.1800166181969258
decision_type=2 2 2 2 2 2 2 2 2 2 2 2 2 2 2 2 2 2 2 2 2 2 2 2 2 2 2 2 2 2
left_child=-1 -2 -3 4 16 10 8 -8 -7 -10 -5 12 13 14 15 -12 -4 20 -19 24 26 -21 -22 -23 -20 -25 27 -18 29 -29
right_child=1 2 3 5 -6 6 7 -9 9 -11 11 -13 -14 -15 -16 -17 17 18 19 21 22 23 -24 25 -26 -27 -28 28 -30 -31
leaf_value=0.0025872156023843298 -0.002086626334807606 -0.012248336896765792 -0.054175264916941052 -0.22031811321377393 -0.7525669056672879 0.010792476562591427 -9.3608244736989334 -0.20585466514934195 6.4463465922219418 1.4767884105694395 -2.1549258183054376 -1.1878510403422993 1.7344161355728016 -0.75026569051793368 2.0923896783709894 -0.10661211104201061 -0.26228986393210635 -2.2044430075423804 2.8277146318065589 6.4623983411788943 5.8978417911877239 -1.2569954924112545 1.1712715074889832 -0.58048010537666939 10.494824513145115 4.6464435452506656 -0.40777350537880963 5.8120502789815269 1.773343251201537 0.29832403880815644
leaf_weight=5287185 1859813 121267 12125 20981 1285 6243 24 44 35 119 147 1776 173 2668 162 2253 903 469 67 25 96 431 111 70 23 63 871 36 1016 1152
leaf_count=5287185 1859813 121267 12125 20981 1285 6243 24 44 35 119 147 1776 173 2668 162 2253 903 469 67 25 96 431 111 70 23 63 871 36 1016 1152
internal_value=0 -0.00672373 -0.0561076 -0.155768 0.00553396 -0.243083 0.0363527 -3.43702 0.0732746 2.60623 -0.307236 -0.56126 -0.355295 -0.424419 -0.0850914 -0.232071 0.0613341 0.323954 -0.636898 0.44584 0.587528 -0.217509 3.3633 -0.513604 4.78709 1.89543 0.443087 0.681613 1.06834 0.465407
internal_weight=0 2.03445e+06 174635 53368 18743 34625 6465 68 6397 154 28160 7179 5403 5230 2562 2400 17458 5333 1148 679 4185 589 207 564 90 133 3978 3107 2204 1188
internal_count=7321633 2034448 174635 53368 18743 34625 6465 68 6397 154 28160 7179 5403 5230 2562 2400 17458 5333 1148 679 4185 589 207 564 90 133 3978 3107 2204 1188
is_linear=0
shrinkage=0.1


Tree=138
num_leaves=31
num_cat=0
split_feature=18 21 2 12 11 15 11 16 26 14 17 8 12 25 15 1 11 5 15 12 17 14 14 12 1 3 2 21 21 5
split_gain=12106.2 45211.4 94225.1 84741.4 228259 185574 257081 187416 123710 94745.7 91635.9 214517 238533 202366 150492 105583 91950 83030.7 80363.7 77623 77247.4 92880.9 74857.3 142444 119779 76332.6 117571 89764 89227 87748
threshold=8.5050000000000008 10.487127586999657 27.500000000000004 0.96250000000000024 3.1799595959595965 0.94303353658536593 28.835726227795195 0.077500000000000027 2.1550000000000007 103.90000000000002 0.025000000000000005 2236.5000000000005 1.9325000000000003 3.5000000000000004 1.4030475065616801 -24.499999999999996 6.9857524038461554 1.0000000180025095e-35 1.7837480407523512 0.11750000000000002 0.14500000000000005 103.90000000000002 300.30000000000007 0.93250000000000022 -22.499999999999996 10.84866315095797 26.500000000000004 20.361829940509359 25.921826227355329 1.0000000180025095e-35
decision_type=2 2 2 2 2 2 2 2 2 2 2 2 2 2 2 2 2 2 2 2 2 2 2 2 2 2 2 2 2 2
left_child=-1 -2 3 4 -3 6 7 19 -8 -9 -5 14 13 15 20 -13 -16 -14 -18 -6 -12 -22 -7 25 -25 29 27 -27 -29 -24
right_child=1 2 -4 10 5 22 8 9 -10 -11 11 12 17 -15 16 -17 18 -19 -20 -21 21 -23 23 24 -26 26 -28 28 -30 -31
leaf_value=-0.0038366355291691331 -0.00093110842036648515 0.034193874365871811 -0.051321225495695261 -0.011785447381760147 0.95967595828116226 0.062829613380465235 3.2543286845797583 0.41955981906721951 11.147042327091611 1.0975555793544882 0.43769231829300637 7.4754508471488954 2.3480055385165746 0.44573505950759318 -0.47512186223799813 2.2520831474607141 0.99199042188439768 6.6953889173765972 0.04119555461662807 0.19599136519061056 0.53686707152248914 3.8295875778261399 1.0617716099870833 2.4918198730139172 10.472013233487424 7.9100433995988642 0.34571392254162858 -1.3799931475610445 6.9583258855910533 -1.800492275115287
leaf_weight=3873418 2850983 146376 116587 234943 1451 26227 63 3415 29 5199 7111 60 81 1418 3449 109 914 96 32459 16087 198 151 228 68 26 45 186 33 21 202
leaf_count=3873418 2850983 146376 116587 234943 1451 26227 63 3415 29 5199 7111 60 81 1418 3449 109 914 96 32459 16087 198 151 228 68 26 45 186 33 21 202
internal_value=0 0.00430974 0.0293277 0.0488903 0.0987028 0.275928 0.465351 0.446788 5.74225 0.828766 0.0134961 0.142491 1.22392 0.835574 0.0994117 4.10653 0.0164345 4.70591 0.0672354 0.259175 0.508981 1.96151 0.092054 1.03948 4.69911 0.558356 1.82751 4.61149 1.86269 -0.282827
internal_weight=0 3.44822e+06 597232 480645 199656 53280 26244 26152 92 8614 280989 46046 1764 1587 44282 169 36822 177 33373 17538 7460 349 27036 809 94 715 285 99 54 430
internal_count=7321633 3448215 597232 480645 199656 53280 26244 26152 92 8614 280989 46046 1764 1587 44282 169 36822 177 33373 17538 7460 349 27036 809 94 715 285 99 54 430
is_linear=0
shrinkage=0.1


Tree=139
num_leaves=31
num_cat=0
split_feature=26 14 3 7 14 21 1 3 13 3 15 14 13 14 14 0 6 18 7 14 7 0 0 3 9 14 13 7 16 12
split_gain=13397.1 86201.7 74152.1 67960.2 61945.1 83641.2 121219 151056 98470.6 76748.2 49279.6 88145.7 80940 54995.6 47477 47281 67855.6 77784.5 63315.7 198137 153757 331600 59959.9 53444.9 49628.6 63493 45674.4 43308.3 42360.2 70328.2
threshold=10.205000000000002 49.995000000000012 3.2436894560357681 24384.000000000004 286.27500000000003 25.921826227355329 -24.499999999999996 11.268669590643276 0.25500000000000006 7.3631368631368632 6.8370836019772199 206.62500000000003 2.1250000000000004 204.54500000000004 143.31500000000003 5.5000000000000009 1.0000000180025095e-35 83.420000000000016 95472.500000000015 214.71500000000003 46314.000000000007 13.500000000000002 16.500000000000004 14.199578600219862 1.0000000180025095e-35 206.62500000000003 0.38500000000000006 15585.500000000002 5.0025000000000004 327.12750000000005
decision_type=2 2 2 2 2 2 2 2 2 2 2 2 2 2 2 2 2 2 2 2 2 2 2 2 2 2 2 2 2 2
left_child=-1 -2 10 4 -4 9 8 27 -7 -6 11 13 -13 14 -3 -5 17 -17 19 -18 26 -22 -23 28 -25 -26 -21 -8 -19 -30
right_child=1 2 3 15 5 6 7 -9 -10 -11 -12 12 -14 -15 -16 16 18 23 -20 20 21 22 -24 24 25 -27 -28 -29 29 -31
leaf_value=0.00043243717552427744 -0.31499883365636872 0.24967410015267025 -0.28121196926504111 -0.12602590247702705 -4.5550005769729616 -4.5971075832843784 4.1972522588003249 -1.3243982767447449 3.5772009527683259 -1.3411927582509005 -0.069051401881107768 1.7841646404157985 6.8416786479949954 -3.0019108384847644 1.9678131833818615 -0.029816681461415612 0.25285436696166758 -1.4061934070809614 0.11869479291606566 3.7118989989161495 16.539508350078876 -1.548248474938529 5.7685579299926761 0.94161012526285859 0.37025173514076837 -3.8819392019818575 -0.34922238793866389 10.699338748455048 1.2240107067382138 -1.731619646179265
leaf_weight=7247564 10024 760 2587 18876 110 56 21 39 20 229 753 330 35 44 204 9217 786 982 28026 53 26 21 24 295 89 58 58 20 181 145
leaf_count=7247564 10024 760 2587 18876 110 56 21 39 20 229 753 330 35 44 204 9217 786 982 28026 53 26 21 24 295 89 58 58 20 181 145
internal_value=0 -0.0423135 0.000365871 -0.0195725 -0.477318 -1.50222 0.413997 3.13097 -2.44597 -2.38402 0.581063 0.937608 2.26913 0.455458 0.613264 0.00440518 0.0660157 -0.145862 0.146158 0.9413 3.91448 7.54872 2.35405 -0.757055 0.193608 -1.30748 1.58987 7.369 -1.0783 -0.0906102
internal_weight=0 74069 64045 61919 3082 495 156 80 76 339 2126 1373 365 1008 964 58837 39961 10967 28994 968 182 71 45 1750 442 147 111 41 1308 326
internal_count=7321633 74069 64045 61919 3082 495 156 80 76 339 2126 1373 365 1008 964 58837 39961 10967 28994 968 182 71 45 1750 442 147 111 41 1308 326
is_linear=0
shrinkage=0.1


Tree=140
num_leaves=31
num_cat=0
split_feature=15 26 11 12 25 18 6 14 21 8 16 18 7 15 14 17 14 14 14 8 8 3 11 4 18 8 1 14 10 4
split_gain=11722.7 63058.7 69274.7 113115 78014.2 77591.1 85574.1 145030 130548 102815 203287 139301 89807.7 73121.7 44798.9 41186.1 36776.2 35982.5 35808.6 36206.5 32597.7 31544.5 71458 52745.5 40450 30931.4 54491.3 30842.4 30525.4 66570.9
threshold=0.52171538999872769 0.67500000000000016 1.9611704946996469 0.84250000000000014 3.5000000000000004 8.5050000000000008 1.0000000180025095e-35 276.74500000000006 25.921826227355329 2659.5000000000005 0.047500000000000007 19.645000000000003 1919260.5000000002 0.25779124958710925 541.41500000000008 0.025000000000000005 325.42000000000002 194.14000000000001 43.795000000000009 1670.0000000000002 1194.5000000000002 14.160271209001479 4.0675672993180898 1.0000000180025095e-35 13.735000000000001 1410.5000000000002 -23.499999999999996 113.16500000000001 1.0000000180025095e-35 1.0000000180025095e-35
decision_type=2 2 2 2 2 2 2 2 2 2 2 2 2 2 2 2 2 2 2 2 2 2 2 2 2 2 2 2 2 2
left_child=1 28 17 4 -4 13 21 8 9 -8 12 -12 -11 18 15 -5 -17 -3 -6 27 -15 -7 -23 24 -24 -9 -27 -20 -1 -30
right_child=-2 2 3 14 5 6 7 25 -10 10 11 -13 -14 20 -16 16 -18 -19 19 -21 -22 22 23 -25 -26 26 -28 -29 29 -31
leaf_value=-0.0046469148423828417 -0.0064229975253705081 0.013807177943596025 0.024150144340061571 -0.0072501267542107164 0.19024809914546226 0.14857528730779637 0.51997880448471034 7.6881520912565042 -0.34802956387944456 2.7642919749560413 0.67792037456497489 3.6439956984059378 6.6321487690951377 0.20311140141132145 -3.72054540256504 0.21935955907107388 4.512622817233205 -0.41544169993238977 0.74050571065912452 -0.052897156236052026 -0.069992470869678511 0.31452575277875944 3.2160270441782295 -0.23091956932689542 1.0157549585123928 0.3635390014648438 7.2733000437418625 1.7209899840846896 0.10682203122443563 0.0077160846368674006
leaf_weight=3790768 2047066 201290 15141 59555 2025 6132 2861 29 983 318 1578 176 74 9876 32 8353 20 1972 2121 488 7840 1968 203 107 142 25 21 378 72281 1087810
leaf_count=3790768 2047066 201290 15141 59555 2025 6132 2861 29 983 318 1578 176 74 9876 32 8353 20 1972 2121 488 7840 1968 203 107 142 25 21 378 72281 1087810
internal_value=0 0.00249277 0.0452532 0.105349 0.215622 0.293251 0.47299 0.760306 0.705588 0.91244 1.43566 0.975543 3.49445 0.177656 0.0201843 0.0219465 0.229615 0.00964271 0.514881 0.734963 0.0822526 0.269227 0.574946 1.70881 2.31041 5.13046 3.518 0.888814 -0.000303087 0.013891
internal_weight=0 5.27457e+06 323708 120446 52486 37345 14617 6065 5990 5007 2146 1754 392 22728 67960 67928 8373 203262 5012 2987 17716 8552 2420 452 345 75 46 2499 4.95086e+06 1.16009e+06
internal_count=7321633 5274567 323708 120446 52486 37345 14617 6065 5990 5007 2146 1754 392 22728 67960 67928 8373 203262 5012 2987 17716 8552 2420 452 345 75 46 2499 4950859 1160091
is_linear=0
shrinkage=0.1


Tree=141
num_leaves=31
num_cat=0
split_feature=26 14 8 15 25 13 14 12 14 11 8 14 4 16 13 11 14 16 18 5 6 11 18 14 18 14 21 21 21 12
split_gain=12649.3 59193.2 61250.1 59516 71320.4 102959 64964.7 61353.2 94164.6 74346.1 71910.9 76429 49933.2 50561.7 76038.7 67852.7 60704.6 48525.3 63950.2 56604.8 48554.4 58984.9 92515.6 53618 47332.6 82236.1 71628.8 120972 93417.3 54050.1
threshold=4.8050000000000006 24.155000000000005 447.50000000000006 2.4855725623582772 3.5000000000000004 0.97500000000000009 120.89500000000002 45.030000000000008 80.085000000000022 97.595652173913066 347.50000000000006 201.28500000000003 1.0000000180025095e-35 3.8975000000000004 0.17500000000000002 39.961155172413804 286.27500000000003 0.21750000000000005 49.685000000000009 1.0000000180025095e-35 1.0000000180025095e-35 13.744946153846156 15.305000000000001 240.00500000000002 15.765000000000002 325.42000000000002 32.102631101271896 23.266330780877443 16.460509296098724 141.31500000000003
decision_type=2 2 2 2 2 2 2 2 2 2 2 2 2 2 2 2 2 2 2 2 2 2 2 2 2 2 2 2 2 2
left_child=-1 -2 3 4 -3 17 -7 8 -5 10 12 -12 13 14 16 -16 -10 -6 20 -20 -19 -22 23 -23 25 29 27 28 -27 -9
right_child=1 2 -4 7 5 6 -8 24 9 -11 11 -13 -14 -15 15 -17 -18 18 19 -21 21 22 -24 -25 -26 26 -28 -29 -30 -31
leaf_value=0.00069576262108752857 -0.26310978081333852 -0.025910887593370721 -0.064644251343225462 0.065775184716936871 0.07758631583342615 0.4545232631887528 1.5630815964335583 0.47107273108559045 -0.68855472877248192 2.8767297868077693 0.090307490994551584 2.0156616094812261 -3.8922301524724716 -0.5017910471111553 -0.19540717846714595 0.53338151246398824 -3.0424031589209566 0.012071094787504146 6.2347255167033939 0.66497326042201077 0.48304462482956984 1.2819399525033557 3.6656695051712447 -2.3429608228255292 0.054312905461648589 1.5642398180280415 6.4535520842200826 -1.6335264135579592 9.8800725340843201 -0.62188091835855053
leaf_weight=7122075 9908 10759 102753 20910 9372 1175 961 3780 798 76 1330 244 39 7533 6655 1581 127 1725 36 37 2293 244 160 49 16343 35 38 61 22 514
leaf_count=7122075 9908 10759 102753 20910 9372 1175 961 3780 798 76 1330 244 39 7533 6655 1581 127 1725 36 37 2293 244 160 49 16343 35 38 61 22 514
internal_value=0 -0.0248312 -0.0123827 0.0494149 0.173307 0.306835 0.953271 -0.00586717 -0.0793749 -0.244478 -0.257435 0.388774 -0.318221 -0.309872 -0.152059 -0.0555074 -1.01173 0.207612 0.475791 3.4117 0.427855 0.689045 1.73178 0.675728 0.133042 0.422182 2.67756 1.46157 4.77386 0.340244
internal_weight=0 199558 189650 86897 26811 16052 2136 60086 39293 18383 18307 1574 16733 16694 9161 8236 925 13916 4544 73 4471 2746 453 293 20793 4450 156 118 57 4294
internal_count=7321633 199558 189650 86897 26811 16052 2136 60086 39293 18383 18307 1574 16733 16694 9161 8236 925 13916 4544 73 4471 2746 453 293 20793 4450 156 118 57 4294
is_linear=0
shrinkage=0.1


Tree=142
num_leaves=31
num_cat=0
split_feature=8 4 25 17 8 7 13 5 18 16 18 12 14 15 14 18 26 8 17 18 8 16 18 2 3 13 13 5 14 18
split_gain=11197.9 12047.6 11072 41103.1 60277.2 131325 43924.8 74655.6 178390 110764 91491.3 170604 88106.8 121951 72680.2 71372 65874.4 52619.5 45909.2 76908.9 45797.4 46986 44044.9 42496.3 42016 48435 46223.1 37151.5 81383.2 119334
threshold=23109.000000000004 1.0000000180025095e-35 3.5000000000000004 0.47500000000000003 447.50000000000006 1919260.5000000002 0.89500000000000013 1.0000000180025095e-35 183.14000000000001 0.10250000000000002 59.515000000000008 327.12750000000005 127.95500000000001 0.57620969653864396 248.75000000000003 115.04000000000001 0.055000000000000007 32.500000000000007 0.025000000000000005 147.99500000000003 45.500000000000007 5.2025000000000015 4.8050000000000006 27.500000000000004 12.034534009442213 0.96500000000000008 1.8250000000000004 1.0000000180025095e-35 78.445000000000007 59.515000000000008
decision_type=2 2 2 2 2 2 2 2 2 2 2 2 2 2 2 2 2 2 2 2 2 2 2 2 2 2 2 2 2 2
left_child=2 -2 27 6 -5 -6 -4 -8 9 12 11 20 -9 17 -12 24 -17 -14 19 -16 -11 -22 -19 -21 25 -15 -26 -1 -29 -30
right_child=1 -3 3 4 5 -7 7 8 -10 10 14 -13 13 15 18 16 -18 22 -20 23 21 -23 -24 -25 26 -27 -28 28 29 -31
leaf_value=-0.00028612497878091072 -0.14907204840267615 0.088821624732005444 0.0010564985551885242 -0.09273644727224678 -0.44664627740579743 -3.5432894681463178 0.044077055773518975 0.29263633971335723 6.5935523719891265 -0.21133010067783961 1.5034732667299417 9.0629110523632601 0.66169166553254222 -2.3403680256434849 -5.4075557772318525 6.2346695974815729 0.89664383482933041 7.7961381149291995 0.30296157882327129 -2.801666675237092 0.45174103541353994 3.2679354434746966 2.9664846886191851 1.9841304727963038 0.6573430806802949 0.3265754849698983 3.3673546701669697 -0.011154240271602941 -0.17314300528945789 0.35080926009323693
leaf_weight=1278307 2348 22802 5600895 14778 1472 151 99791 1973 46 2195 52 21 102 77 90 43 50 20 42 55 669 65 338 28 221 589 88 227357 62295 4673
leaf_count=1278307 2348 22802 5600895 14778 1472 151 99791 1973 46 2195 52 21 102 77 90 43 50 20 42 55 669 65 338 28 221 589 88 227357 62295 4673
internal_value=0 0.0666119 -0.000229602 0.00181225 -0.156268 -0.73475 0.00226652 0.0658692 0.387374 0.344879 -0.0787159 0.0817228 0.734112 1.30416 -1.85135 0.717854 3.36476 2.66541 -2.66275 -3.38275 0.0173305 0.701132 3.2363 -1.18718 0.465379 0.0182352 1.42913 -0.00766127 -0.0396929 -0.136582
internal_weight=0 25150 7.29648e+06 5.72385e+06 16401 1623 5.70745e+06 106555 6764 6718 3217 2950 3501 1528 267 1068 93 460 215 173 2929 734 358 83 975 666 309 1.57263e+06 294325 66968
internal_count=7321633 25150 7296483 5723851 16401 1623 5707450 106555 6764 6718 3217 2950 3501 1528 267 1068 93 460 215 173 2929 734 358 83 975 666 309 1572632 294325 66968
is_linear=0
shrinkage=0.1


Tree=143
num_leaves=31
num_cat=0
split_feature=12 8 12 14 26 18 26 13 21 26 14 15 14 0 17 21 8 1 15 15 0 3 19 1 1 0 21 0 13 26
split_gain=11237.7 37629.9 63709.3 87189.8 57745.7 94445.4 91636 255204 251062 94872 126772 78005.1 75333 112156 62923.6 63475.6 64527.8 64574 149085 77854.7 61356.5 60875.6 60716.7 174410 480715 493514 396749 137963 121929 80655.9
threshold=15.765000000000002 140.50000000000003 200.10000000000002 222.31500000000003 26.060000000000006 70.430000000000021 11.495000000000003 3.0150000000000001 24.488251813304284 9.7350000000000012 751.73500000000013 5.4919345238095243 509.5750000000001 4.5000000000000009 5.6000000000000005 36.995128987870253 108.50000000000001 -23.499999999999996 4.6414118639980719 5.4919345238095243 6.5000000000000009 19.099222797927464 1.0000000180025095e-35 -23.499999999999996 -22.499999999999996 13.500000000000002 27.676095370189646 12.500000000000002 100.53500000000001 40.945000000000007
decision_type=2 2 2 2 2 2 2 2 2 2 2 2 2 2 2 2 2 2 2 2 2 2 2 2 2 2 2 2 2 2
left_child=-1 2 -2 -4 6 12 9 8 -8 14 -11 -9 -6 -14 15 16 -5 19 -19 -18 -12 -13 23 27 -25 26 -26 28 -7 -24
right_child=1 -3 3 4 5 22 7 11 -10 10 20 21 13 -15 -16 -17 17 18 -20 -21 -22 -23 29 24 25 -27 -28 -29 -30 -31
leaf_value=-0.00052474686169880463 0.0084088968920060705 0.094245481406205076 -2.3324285827195923 -0.53544534321703885 -1.1019490659587523 -9.8994146778033336 0.5195915031433106 4.5255957025289533 12.258459182789451 -0.40741365753284847 -2.1544682567769828 -0.41384673713208386 -8.3108504560258663 -1.9119485351017547 4.5146334983665373 2.7158350709322341 -2.5801558589448739 6.8595968402161889 0.6525141794396484 0.77714624994585657 -7.7800751726678072 3.9866564512252811 -3.214058691395794 14.547512792771863 15.62986325110708 -12.383612815193509 -3.3813933025235716 1.7614899522728391 -1.1029240323603153 -0.39914865108777481
leaf_weight=7192595 71401 52698 215 1901 170 26 35 40 38 131 33 417 45 70 29 74 98 49 184 234 47 34 118 31 21 23 23 72 40 741
leaf_count=7192595 71401 52698 215 1901 170 26 35 40 38 131 33 417 45 70 29 74 98 49 184 234 47 34 118 31 21 23 23 72 40 741
internal_value=0 0.0292495 -0.0156177 -0.36296 -0.273325 -0.817575 -0.0487245 1.11348 6.63023 -0.28451 -2.3229 0.293271 -2.43914 -4.41587 -0.117091 -0.169972 -0.25657 0.681734 1.95787 -0.213865 -5.45951 -0.0821015 -0.395523 1.02513 4.25107 -0.512955 5.69216 -1.26576 -4.56821 -0.78583
internal_weight=0 129038 76340 4939 4724 1380 3344 564 73 2780 211 491 285 115 2569 2540 2466 565 233 332 80 451 1095 236 98 67 44 138 66 859
internal_count=7321633 129038 76340 4939 4724 1380 3344 564 73 2780 211 491 285 115 2569 2540 2466 565 233 332 80 451 1095 236 98 67 44 138 66 859
is_linear=0
shrinkage=0.1


Tree=144
num_leaves=31
num_cat=0
split_feature=0 26 14 8 14 3 3 15 18 3 2 26 1 12 5 12 16 20 14 15 21 18 26 15 14 14 26 26 15 2
split_gain=10907 44545.8 72395.8 56257.7 182317 37993 86416.8 68857.9 78542.7 58098.8 43788.3 64996.5 42257.1 61843.9 39495.5 43650.5 56563.2 36850.4 36561.3 68997.9 33112.5 117086 50814.9 33906.4 32665.5 32223.2 31412.3 34960.1 64211.1 32699
threshold=20.500000000000004 2.2950000000000004 209.56500000000003 9.5000000000000018 541.41500000000008 11.879867357490983 12.177559329920895 0.65088800582993878 64.200000000000017 20.462856458183563 27.500000000000004 26.060000000000006 -21.499999999999996 141.31500000000003 1.0000000180025095e-35 327.12750000000005 7.1450000000000005 1.0000000180025095e-35 286.27500000000003 5.4919345238095243 27.676095370189646 25.605000000000004 3.2150000000000003 6.8370836019772199 470.11500000000007 260.97500000000008 10.775 17.025000000000002 0.9618796296296297 27.500000000000004
decision_type=2 2 2 2 2 2 2 2 2 2 2 2 2 2 2 2 2 2 2 2 2 2 2 2 2 2 2 2 2 2
left_child=-1 -2 -3 4 -4 12 -7 8 9 -8 11 20 26 -14 15 16 -13 -15 25 -20 23 -22 -23 -9 -16 -12 -5 28 -28 -30
right_child=1 2 3 5 -6 6 7 10 -10 -11 18 14 13 17 24 -17 -18 -19 19 -21 21 22 -24 -25 -26 -27 27 -29 29 -31
leaf_value=0.00155700097112563 -0.0045376974796196385 -0.054463996636019155 0.11303337792881202 -0.34661877907510608 10.413630266189577 -3.8023062984120437 -0.82971815951478978 -1.2902772709746104 4.715493068223199 4.7604614691300826 -1.2101506156650017 1.8905495514104396 -0.56268134498109035 -2.0560579509001515 0.24463171234001987 4.8017400618522394 -1.3593665280798453 -6.3954308577946257 -1.5633183502173889 -5.7045852305754181 2.3402596472349386 -5.8435823740959165 -0.91132965141276667 -0.20365543411590925 -3.3944304601566211 2.2612997519969942 -1.087758164977034 -0.034558178238958293 2.496519598800619 -0.20145531830034757
leaf_weight=6296906 968366 49690 122 1764 20 88 120 1089 48 22 246 162 520 65 74 31 80 28 167 53 133 25 127 390 37 30 96 865 212 57
leaf_count=6296906 968366 49690 122 1764 20 88 120 1089 48 22 246 162 520 65 74 31 80 28 167 53 133 25 127 390 37 30 96 865 212 57
internal_value=0 -0.00956771 -0.0959908 -0.40531 1.56382 -0.448137 -0.716153 -0.620323 1.21846 0.036366 -0.75246 -0.556904 -0.231019 -0.987455 0.62209 1.26877 0.816197 -3.36254 -1.59935 -2.56099 -0.813555 0.173425 -1.72256 -1.00374 -0.968389 -0.832819 -0.0761436 0.311757 1.13248 1.92483
internal_weight=0 1.02473e+06 56361 6671 142 6529 2922 2834 190 142 2644 2148 3607 613 384 273 242 93 496 220 1764 285 152 1479 111 276 2994 1230 365 269
internal_count=7321633 1024727 56361 6671 142 6529 2922 2834 190 142 2644 2148 3607 613 384 273 242 93 496 220 1764 285 152 1479 111 276 2994 1230 365 269
is_linear=0
shrinkage=0.1


Tree=145
num_leaves=31
num_cat=0
split_feature=2 26 3 13 16 5 1 13 0 12 26 16 1 12 1 0 1 26 8 21 3 21 8 0 18 18 1 1 8 14
split_gain=10473.1 34043 54383.5 47402.8 101473 71238.8 62654.4 57220.4 62790.5 56605 129097 128668 119631 101163 77261.5 53767.9 110662 79923.1 70260.6 78676 76647.4 69168 52633.9 51823.2 46906.4 45413.9 45210.5 90796.9 42548.5 64043.6
threshold=26.500000000000004 10.205000000000002 14.448863817827602 51.000000000000007 62.100000000000009 1.0000000180025095e-35 -26.499999999999996 49.630000000000003 8.5000000000000018 200.10000000000002 8.2550000000000008 0.027500000000000004 -23.499999999999996 327.12750000000005 -22.499999999999996 16.500000000000004 -24.499999999999996 6.3550000000000013 108.50000000000001 32.102631101271896 13.766652261596084 25.921826227355329 270.50000000000006 10.500000000000002 64.200000000000017 22.720000000000002 -21.499999999999996 -22.499999999999996 45.500000000000007 751.73500000000013
decision_type=2 2 2 2 2 2 2 2 2 2 2 2 2 2 2 2 2 2 2 2 2 2 2 2 2 2 2 2 2 2
left_child=-1 3 28 7 6 -6 -5 -2 22 -8 11 12 -11 -12 -14 16 18 21 20 -20 -13 -18 -9 -16 -17 -4 27 -10 29 -3
right_child=1 2 25 4 5 -7 9 8 26 10 13 15 14 -15 23 24 17 -19 19 -21 -22 -23 -24 -25 -26 -27 -28 -29 -30 -31
leaf_value=0.0047501501844400378 -0.001921704740620425 0.097273595759671164 -0.10707586969267141 0.39087363563559419 8.473632942546498 0.59555551608403523 -0.19314421395954554 0.79109159030020237 -0.068224753048661699 -0.46782234227215808 -1.9874337801566491 -0.67760117096932182 -8.7560752027175006 -8.0748024145762134 -1.6647896087831922 -2.8766429081322658 -0.49554241548493966 6.3175057180996603 -0.45636189502856883 -4.303603629577978 3.5752725261908314 2.078537556786189 3.7916186403287089 -5.9337311955208483 -0.54541036439855606 0.32868750789886486 -2.7710946316304419 4.8602903919164531 -0.18676784027215179 2.8550226189369381
leaf_weight=2840678 4430443 4047 4557 915 22 24 2235 120 286 135 78 229 34 42 72 126 194 29 111 102 52 226 114 47 274 5033 46 43 31233 86
leaf_count=2840678 4430443 4047 4557 915 22 24 2235 120 286 135 78 229 34 42 72 126 194 29 111 102 52 226 114 47 274 5033 46 43 31233 86
internal_value=0 -0.00301133 -0.0895939 -0.00213387 -0.311511 4.36333 -0.355389 -0.00178847 0.967464 -0.526696 -0.952446 -0.71954 -2.63754 -4.11801 -4.55201 -0.308234 0.103862 1.24014 -0.928907 -2.2987 0.109407 0.889558 2.25289 -3.35084 -1.27975 0.12162 0.16536 0.575928 -0.146868 0.154657
internal_weight=0 4.48096e+06 44956 4.436e+06 4947 46 4901 4.43105e+06 609 3986 1751 1631 288 120 153 1343 943 449 494 213 281 420 234 119 400 9590 375 329 35366 4133
internal_count=7321633 4480955 44956 4435999 4947 46 4901 4431052 609 3986 1751 1631 288 120 153 1343 943 449 494 213 281 420 234 119 400 9590 375 329 35366 4133
is_linear=0
shrinkage=0.1


Tree=146
num_leaves=31
num_cat=0
split_feature=12 24 13 8 9 21 26 16 6 14 3 26 17 14 21 0 0 18 12 2 0 0 16 16 12 14 15 1 19 0
split_gain=10741.6 32322.2 46040.1 47051.9 36451.4 48797.8 44957.1 142202 297616 88790.5 36232.8 32396.6 38613.9 53446.8 34385 45025.6 34818.9 34370.1 37507.8 77551 53796.3 109736 52063.5 31525.9 30890.5 60297.1 52020 187061 166735 280588
threshold=15.765000000000002 70.000000000000014 2.0550000000000002 140.50000000000003 1.0000000180025095e-35 18.944137109817394 21.300000000000004 18.355000000000004 1.0000000180025095e-35 751.73500000000013 16.565404696712509 5.8750000000000009 0.055000000000000007 145.51500000000001 16.460509296098724 16.500000000000004 10.500000000000002 6.1350000000000007 110.17000000000002 27.500000000000004 16.500000000000004 14.500000000000002 4.8375000000000012 9.5100000000000016 200.10000000000002 222.31500000000003 4.6414118639980719 -23.499999999999996 1.0000000180025095e-35 18.500000000000004
decision_type=2 2 2 2 2 2 2 2 2 2 2 2 2 2 2 2 2 2 2 2 2 2 2 2 2 2 2 2 2 2
left_child=-1 -2 4 24 6 -6 7 11 -9 -8 -5 12 23 -14 16 -16 -15 -13 -19 22 21 -21 -20 -3 -4 -26 27 -27 29 -29
right_child=1 2 3 10 5 -7 9 8 -10 -11 -12 17 13 14 15 -17 -18 18 19 20 -22 -23 -24 -25 25 26 -28 28 -30 -31
leaf_value=-0.00051303407393902373 -0.21086121232763533 0.14156021552099896 -0.028719557257476935 0.083466156042568268 -0.23093168129387048 0.52773994432473204 -0.45300273818338016 -1.376362270287105 12.322525178975074 -5.709678290872013 1.6614620679045378 -4.1913365159715923 0.43579981200771889 6.7122679541508363 -2.3167866799139207 2.8823986305958695 2.449285412085684 -0.24167544740584126 1.5171637021019266 -0.24010464165359738 -0.20642642863094807 9.2607933905816857 -1.2188803304143594 -1.9018634283032858 -2.0107474797409983 -0.60076015217596268 -0.40306015849511562 9.2546516827174603 0.7755559734912274 -3.4763736123624058
leaf_weight=7192595 5401 11490 53456 43285 1039 4607 585 35 29 34 146 21 954 24 31 36 95 3207 132 20 24 31 147 76 199 498 3184 70 159 23
leaf_count=7192595 5401 11490 53456 43285 1039 4607 585 35 29 34 146 21 954 24 31 36 95 3207 132 20 24 31 147 76 199 498 3184 70 159 23
internal_value=0 0.0285966 0.0390571 0.0101831 0.168025 0.388126 0.0948001 0.126467 4.83095 -0.741738 0.0887708 0.107982 0.182863 0.738136 2.28883 0.476805 3.30905 -0.157636 -0.133849 0.84299 3.69771 5.53495 0.0755921 0.128133 -0.0490842 -0.31248 -0.226573 0.522672 2.74279 6.10612
internal_weight=0 129038 123637 101020 22617 5646 16971 16352 64 619 43431 16288 12706 1140 186 67 119 3582 3561 354 75 51 279 11566 57589 4133 3934 750 252 93
internal_count=7321633 129038 123637 101020 22617 5646 16971 16352 64 619 43431 16288 12706 1140 186 67 119 3582 3561 354 75 51 279 11566 57589 4133 3934 750 252 93
is_linear=0
shrinkage=0.1


Tree=147
num_leaves=31
num_cat=0
split_feature=13 18 21 26 1 21 21 12 11 18 14 15 5 8 11 18 26 14 14 8 14 8 11 2 18 14 1 14 7 14
split_gain=10271.4 24901.2 68055.1 30080.3 24680.9 22619.6 22456.4 49820.1 100901 91150.8 55341.6 54137 52348.5 44563.8 32570.7 25537.5 24229 23733.8 23579.1 79930.8 76070.9 63829.9 37165.3 41877.3 69057 23288.1 56154.5 35585.1 115913 21450.7
threshold=0.015000000000000001 64.200000000000017 14.222470423884381 4.5550000000000006 -21.499999999999996 33.883288290323883 14.102594559223187 0.11750000000000002 1.1301998097361328 17.435000000000006 63.120000000000012 0.27051844173525597 1.0000000180025095e-35 7141.5000000000009 0.47343425733880373 5.8050000000000006 10.205000000000002 248.75000000000003 89.180000000000021 6982.0000000000009 84.325000000000003 258.50000000000006 1.1628701247134841 26.500000000000004 16.825000000000003 214.71500000000003 -25.499999999999996 122.90000000000002 1020841.5000000001 58.995000000000012
decision_type=2 2 2 2 2 2 2 2 2 2 2 2 2 2 2 2 2 2 2 2 2 2 2 2 2 2 2 2 2 2
left_child=1 5 3 -3 -4 6 -1 8 10 11 14 29 13 16 -8 -13 -11 18 20 21 -9 -20 -23 24 -24 27 -27 -17 -29 -10
right_child=-2 2 4 -5 -6 -7 7 17 9 12 -12 15 -14 -15 -16 25 -18 -19 19 -21 -22 22 23 -25 -26 26 -28 28 -30 -31
leaf_value=-0.0011875304154185971 0.0029182645724397638 -0.076982443822601096 -0.81191701470321531 3.5564404062602835 -2.1804207572672101 0.21114818237125724 -0.067626396441919284 -0.053232575137669352 0.16865586165111784 1.2856957737541905 -0.27809084813860674 -0.11897169472136562 0.13281968071277891 2.6716166302309201 0.025484836240670296 0.062787814975024392 0.25464182616169778 2.5773484531570885 -1.6189920068500783 1.0430172170455358 2.9568689442816236 -0.60937452172132334 0.011710972974914621 -0.22950006348749744 1.660268124003877 2.6558824634552005 -2.2202992855965555 0.0091329045997868754 2.6172849717163249 0.41467053597478476
leaf_weight=2364497 4555941 2438 492 23 180 4856 69014 163555 17822 713 8574 10241 727 177 82452 11275 335 34 308 539 84 1765 6176 13736 265 30 111 613 236 4424
leaf_count=2364497 4555941 2438 492 23 180 4856 69014 163555 17822 713 8574 10241 727 177 82452 11275 335 34 308 539 84 1765 6176 13736 265 30 111 613 236 4424
internal_value=0 -0.00480727 -0.28657 -0.0430252 -1.17848 -0.00448773 -0.00486744 -0.0269961 0.00680808 0.136129 -0.0309313 0.106952 0.805042 1.20399 -0.0169404 -0.00239738 0.956113 -0.0644773 -0.0649591 -0.160258 -0.0516874 -0.189407 -0.16934 -0.130848 0.079537 0.0949396 -1.18281 0.1098 0.734132 0.21758
internal_weight=0 2.76569e+06 3133 2461 672 2.76256e+06 2.7577e+06 393206 206744 46704 160040 44752 1952 1225 151466 22506 1048 186462 186428 22789 163639 22250 21942 20177 6441 12265 141 12124 849 22246
internal_count=7321633 2765692 3133 2461 672 2762559 2757703 393206 206744 46704 160040 44752 1952 1225 151466 22506 1048 186462 186428 22789 163639 22250 21942 20177 6441 12265 141 12124 849 22246
is_linear=0
shrinkage=0.1


Tree=148
num_leaves=31
num_cat=0
split_feature=0 11 13 13 6 20 1 21 12 8 10 18 6 13 12 1 2 21 14 17 6 3 0 1 16 0 14 3 8 3
split_gain=9865.66 30209.3 80353.5 54421.5 103412 46834.9 90116.7 77180.6 129540 51266.7 96647.1 48911.4 75832 47562.2 37111.3 37588.6 48005.3 39600 43433.1 38868.2 35838.7 47533.9 35529.4 80037.3 212433 62923.2 160059 747196 166253 79476.4
threshold=4.5000000000000009 97.595652173913066 0.065000000000000016 0.23500000000000001 1.0000000180025095e-35 1.0000000180025095e-35 -25.499999999999996 32.102631101271896 327.12750000000005 270.50000000000006 1.0000000180025095e-35 115.04000000000001 1.0000000180025095e-35 65.455000000000013 71.13000000000001 -26.499999999999996 27.500000000000004 24.488251813304284 209.56500000000003 2.5850000000000004 1.0000000180025095e-35 11.471449056603776 2.5000000000000004 -21.499999999999996 12.712500000000002 1.0000000180025095e-35 751.73500000000013 11.755687085502389 108.50000000000001 8.2022604422604442
decision_type=2 2 2 2 2 2 2 2 2 2 2 2 2 2 2 2 2 2 2 2 2 2 2 2 2 2 2 2 2 2
left_child=1 14 -3 4 -4 9 7 -7 13 22 -11 -8 -13 -9 -1 16 17 -16 -19 -18 21 -12 25 -24 -25 29 -27 28 -28 -5
right_child=-2 2 3 5 -6 6 11 8 -10 10 20 12 -14 -15 15 -17 19 18 -20 -21 -22 -23 23 24 -26 26 27 -29 -30 -31
leaf_value=-0.006372313623811807 0.0020124679257697616 -3.6895564382726498 -0.19038040767545286 0.69776999102188997 4.5062801136097441 0.49022769945214933 0.23460183871927717 4.9793349017575386 10.407582317699086 1.1211255235874906 -1.467027700096369 1.0737103181549266 -2.6902222647006258 0.83503352602322911 1.3536776301503182 0.21350414042868829 -0.32709040509208159 1.8653462733541215 6.8837003413368683 4.1398682507601654 -2.3888637538946851 2.8706581301987173 -0.30418906230410409 -0.57454900040991885 -6.9063848812239517 -0.019513948233532502 -1.6874628290795444 18.434674241807727 4.8157929182052612 -1.4767703951085023
leaf_weight=1683176 5629575 66 138 247 71 268 525 40 22 141 120 79 166 90 125 1715 170 35 34 22 355 32 1618 218 70 1788 114 27 60 526
leaf_count=1683176 5629575 66 138 247 71 268 525 40 22 141 120 79 166 90 125 1715 170 35 34 22 355 32 1618 218 70 1788 114 27 60 526
internal_value=0 -0.0066956 -0.217341 -0.183213 1.40514 -0.234238 0.332846 1.51113 3.31114 -0.361181 -1.19468 -0.309854 -1.47655 2.1102 -0.00584803 0.414171 1.30574 2.41517 4.33816 0.184749 -1.83872 -0.553831 -0.245477 -0.577585 -2.11354 -0.0162961 0.281258 2.95678 0.555039 -0.78193
internal_weight=0 1.69206e+06 6781 6715 209 6506 1190 420 152 5316 648 770 245 130 1.68528e+06 2101 386 194 69 192 507 152 4668 1906 288 2762 1989 201 174 773
internal_count=7321633 1692058 6781 6715 209 6506 1190 420 152 5316 648 770 245 130 1685277 2101 386 194 69 192 507 152 4668 1906 288 2762 1989 201 174 773
is_linear=0
shrinkage=0.1


Tree=149
num_leaves=31
num_cat=0
split_feature=0 15 13 21 18 16 1 8 14 21 15 8 14 3 14 3 14 14 1 18 8 12 2 14 1 24 2 3 18 16
split_gain=9899.34 36351.8 71607.2 29393.1 64346.3 78008.3 82921.7 58105 53285.7 57196.9 61194 54992.8 50061.5 57759.8 56283.7 41482.2 51990.8 83079.4 98303.7 72558.8 64278 51316 40337.6 35628.4 32780.2 29873.9 77801.9 26283.4 25522.3 43645.3
threshold=17.500000000000004 10.066381131341933 202.99500000000003 21.806458357887127 59.515000000000008 0.047500000000000007 -21.499999999999996 238.50000000000003 206.09500000000003 32.885215075870128 5.4919345238095243 216.50000000000003 74.135000000000005 5.232530704801353 325.42000000000002 11.799773202527382 260.97500000000008 366.89500000000004 -26.499999999999996 22.120000000000005 17.500000000000004 171.39000000000001 27.500000000000004 206.62500000000003 -26.499999999999996 400.00000000000006 26.500000000000004 13.431424606424608 40.985000000000007 9.7550000000000026
decision_type=2 2 2 2 2 2 2 2 2 2 2 2 2 2 2 2 2 2 2 2 2 2 2 2 2 2 2 2 2 2
left_child=-1 2 3 -2 12 7 8 -6 -7 10 22 -12 -5 14 -14 25 -17 18 27 21 -20 -19 -10 -8 -13 26 -15 -18 29 -27
right_child=1 -3 -4 4 5 6 23 -9 9 -11 11 24 13 15 -16 16 17 19 20 -21 -22 -23 -24 -25 -26 28 -28 -29 -30 -31
leaf_value=0.0022809207519467966 -0.0023900584360193418 -0.23328893743824961 4.2797695650504188 -0.016652320412000043 3.1635737225195788 -0.73326854436111855 -0.71422159338698676 0.89155162843992197 6.7855753078460701 6.0427510023117073 -4.0266372489077709 2.6171984487964259 0.9701648500450748 -3.1316157101520474 6.4891160596971931 -0.2016504745356619 -0.63437084047829062 0.14942164866831795 2.2887346805670323 1.0771748618158028 -1.853764108320602 -2.0834540311710259 1.4941664211890278 -3.9169640667001966 -0.14177926637179464 -0.043225115665250259 0.67398564712737097 1.4832669380613988 0.64010948192343742 2.978883894532919
leaf_weight=5287185 1920968 7008 39 69914 137 242 68 631 25 23 28 62 94 105 23 21248 103 232 39 374 947 185 34 71 141 10813 110 136 600 48
leaf_count=5287185 1920968 7008 39 69914 137 242 68 631 25 23 28 62 94 105 23 21248 103 232 39 374 947 185 34 71 141 10813 110 136 600 48
internal_value=0 -0.00592773 -0.00514183 -0.00522426 -0.0563777 0.602469 -0.165949 1.29685 0.381086 1.24266 0.861968 0.127834 -0.0655539 -0.163078 2.05509 -0.170506 -0.247698 -0.733026 -1.24887 0.0658536 -1.68991 -0.841183 3.73629 -2.35015 0.700864 -0.0167028 -1.18456 0.570645 0.00520539 -0.029869
internal_weight=0 2.03445e+06 2.02744e+06 2.0274e+06 106433 1462 694 768 555 313 290 231 104971 35057 117 34940 23264 2016 1225 791 986 417 59 139 203 11676 215 239 11461 10861
internal_count=7321633 2034448 2027440 2027401 106433 1462 694 768 555 313 290 231 104971 35057 117 34940 23264 2016 1225 791 986 417 59 139 203 11676 215 239 11461 10861
is_linear=0
shrinkage=0.1


Tree=150
num_leaves=31
num_cat=0
split_feature=12 16 24 13 8 8 14 6 14 21 14 8 13 8 15 7 3 16 14 25 0 13 11 2 6 12 0 0 0 1
split_gain=10261.5 27196.2 26741.2 37830.1 43635.9 39964.8 150334 54153.7 105509 42785.3 113120 313960 166410 129890 108874 100792 92820.5 56162.9 77360.2 346143 67974 55023 52996.5 89250.1 51719.6 51619.5 83396.6 103250 49179.1 46741.5
threshold=15.765000000000002 3.2550000000000003 70.000000000000014 4.5050000000000008 148.50000000000003 9.5000000000000018 470.11500000000007 1.0000000180025095e-35 110.01500000000001 25.921826227355329 260.97500000000008 359.50000000000006 1.5050000000000001 55.500000000000007 3.4360934744268081 1919260.5000000002 11.719903381642515 0.057500000000000016 325.42000000000002 3.5000000000000004 3.5000000000000004 1.4550000000000003 97.595652173913066 27.500000000000004 1.0000000180025095e-35 200.10000000000002 6.5000000000000009 20.500000000000004 21.500000000000004 -26.499999999999996
decision_type=2 2 2 2 2 2 2 2 2 2 2 2 2 2 2 2 2 2 2 2 2 2 2 2 2 2 2 2 2 2
left_child=1 -1 -2 5 -5 6 7 -4 -9 10 -7 12 21 -14 22 17 -15 29 -19 -20 -21 24 -11 25 -12 -24 -27 -28 -29 -16
right_child=2 -3 3 4 -6 9 -8 8 -10 14 11 -13 13 16 15 -17 -18 18 19 20 -22 -23 23 -25 -26 26 27 28 -30 -31
leaf_value=-0.00018914499164814574 -0.18985518926902625 -0.12157859603331134 0.042671366246972722 -0.051106513046054715 0.086865931503306112 0.1158041080573006 8.143913848876954 0.33338520499474594 1.9854009297158983 0.18436134357387257 -1.0175417118647747 5.3457296656323727 -1.3255206681848541 4.7679107797451508 1.1367333140224218 -0.78317526474359156 1.5771666460478855 0.03832600817948436 13.918586661598901 -3.5120062148932258 1.6036371762635278 -4.9580149400234221 1.5086609606564045 4.8856054369543429 1.7113532976735208 -6.9552901652455335 4.7809928117500204 -5.2240792455344369 1.2216826131939889 -1.2648876255317234
leaf_weight=7174091 5401 18504 2388 54843 39383 9731 25 1569 513 6402 401 154 123 117 96 2716 413 3541 22 33 122 30 250 61 84 20 31 29 20 520
leaf_count=7174091 5401 18504 2388 54843 39383 9731 25 1569 513 6402 401 154 123 117 96 2716 413 3541 22 33 122 30 250 61 84 20 31 29 20 520
internal_value=0 -0.000501437 0.0279502 0.0374648 0.00656089 0.136474 0.410921 0.367671 0.740438 0.086962 0.233718 1.10166 0.542085 1.60211 -0.030047 -0.305539 2.28154 -0.00621743 0.140309 2.18054 0.5145 -0.801983 0.255028 1.35578 -0.544908 0.740587 -1.1796 0.264327 -2.59316 -0.890609
internal_weight=0 7.1926e+06 129038 123637 94226 29411 4495 4470 2082 24916 11053 1322 1168 653 13863 7050 530 4334 3718 177 155 515 6813 411 485 350 100 80 49 616
internal_count=7321633 7192595 129038 123637 94226 29411 4495 4470 2082 24916 11053 1322 1168 653 13863 7050 530 4334 3718 177 155 515 6813 411 485 350 100 80 49 616
is_linear=0
shrinkage=0.1


Tree=151
num_leaves=31
num_cat=0
split_feature=3 21 14 26 14 26 2 14 17 17 14 21 18 8 10 15 26 1 18 18 18 11 15 16 26 5 20 26 0 14
split_gain=9905.19 62201.8 110428 98617.6 270362 137189 88059.5 85474.3 72901.7 54851.4 43062.3 67625.7 51068.5 55346.9 58967.7 47696.4 29158.2 27477.1 27426.6 25794.1 25714.6 65920.6 26474.2 72376.4 54296.9 37563.6 43830.6 31191.1 38893.9 29992
threshold=18.96254208754209 10.487127586999657 325.42000000000002 2.5550000000000002 541.41500000000008 3.2650000000000001 27.500000000000004 541.41500000000008 0.015000000000000001 5.6000000000000005 60.005000000000003 13.490306365337085 37.255000000000003 148.50000000000003 1.0000000180025095e-35 5.4919345238095243 6.6350000000000007 -23.499999999999996 22.720000000000002 64.200000000000017 39.430000000000007 15.949366438356167 0.4832609929078015 0.12750000000000003 0.10500000000000002 1.0000000180025095e-35 1.0000000180025095e-35 0.025000000000000005 12.500000000000002 203.35500000000005
decision_type=2 2 2 2 2 2 2 2 2 2 2 2 2 2 2 2 2 2 2 2 2 2 2 2 2 2 2 2 2 2
left_child=-1 -2 10 4 8 -5 7 9 17 -7 -3 12 13 -12 18 20 -8 -4 -15 -17 22 -22 23 24 27 26 -26 -13 -29 -24
right_child=1 2 3 5 -6 6 16 -9 -10 -11 11 15 -14 14 -16 19 -18 -19 -20 -21 21 -23 29 -25 25 -27 -28 28 -30 -31
leaf_value=-0.00064907299947650232 -0.0047206666903011063 0.056299579730300392 -1.8189992125387544 10.89106638403166 -8.1155642451662011 3.8175508121410049 1.3420135107907383 8.3578562227884934 7.0511150355140373 -0.81206306573506959 1.3349097816070374 0.40999878096374975 2.5645192797920284 0.71669998530522316 -0.97890692291743808 -0.10533992231982006 -3.6045415218059831 1.9762550867520847 3.977767664810707 -1.2152139478343449 0.39674697161706934 3.6313492536544802 0.2326324008953482 3.1235071638845051 1.3044144360839729 0.082377360628119539 4.3387319032792693 -4.3464604033364189 -0.42154050588770597 -0.57068224082100805
leaf_weight=7100516 179433 30913 27 21 33 83 22 30 24 37 660 725 170 233 298 1798 26 65 29 237 272 82 4174 106 402 224 54 27 389 523
leaf_count=7100516 179433 30913 27 21 33 83 22 30 24 37 660 725 170 233 298 1798 26 65 29 237 272 82 4174 106 402 224 54 27 389 523
internal_value=0 0.0208431 0.130885 1.85549 -0.129149 3.20577 2.39067 3.58364 2.14285 2.39009 0.115524 0.291511 0.940749 0.714486 -0.0167284 0.191384 -1.33737 0.86243 1.07766 -0.234598 0.315614 1.14601 0.271236 0.583355 0.435494 1.14282 1.66374 0.0139487 -0.676283 0.143185
internal_weight=0 221117 41684 368 149 219 198 150 116 120 41316 10403 1390 1220 560 9013 48 92 262 2035 6978 354 6624 1927 1821 680 456 1141 416 4697
internal_count=7321633 221117 41684 368 149 219 198 150 116 120 41316 10403 1390 1220 560 9013 48 92 262 2035 6978 354 6624 1927 1821 680 456 1141 416 4697
is_linear=0
shrinkage=0.1


Tree=152
num_leaves=31
num_cat=0
split_feature=21 11 26 14 10 8 2 18 14 21 0 21 12 3 14 14 1 13 0 14 14 15 26 15 21 8 2 14 0 1
split_gain=9672.67 21306.7 57787.6 47570 48739.5 53363.2 58665.9 44653.8 82933.8 41693.9 38675.2 53230.8 125773 102121 185357 114392 80006.8 70937.5 81965.6 82641.5 68194.1 64276.1 63271.2 58265.9 68179 99161 60151.3 71076.3 146281 297457
threshold=0.61376232844628809 6.4294398404523116 10.205000000000002 180.33500000000004 1.0000000180025095e-35 621.50000000000011 27.500000000000004 10.885000000000003 204.54500000000004 31.281939121279969 17.500000000000004 2.8599439912788571 0.96250000000000024 11.755687085502389 103.90000000000002 541.41500000000008 -21.499999999999996 0.03500000000000001 11.500000000000002 210.87500000000003 206.62500000000003 0.22365790979853481 2.1550000000000007 4.6414118639980719 31.281939121279969 841.50000000000011 27.500000000000004 240.00500000000002 12.500000000000002 -23.499999999999996
decision_type=2 2 2 2 2 2 2 2 2 2 2 2 2 2 2 2 2 2 2 2 2 2 2 2 2 2 2 2 2 2
left_child=-1 2 9 -4 -5 6 -6 8 -7 -2 11 22 13 23 -15 16 17 18 -16 -20 -18 -22 -3 26 -25 -26 27 -13 -29 -30
right_child=1 10 3 4 5 7 -8 -9 -10 -11 -12 12 -14 14 15 -17 20 -19 19 -21 21 -23 -24 24 25 -27 -28 28 29 -31
leaf_value=-0.0063872521619784328 0.0014416164451900443 0.004188108867488812 -0.10160960776158844 1.8741370687283667 -3.0061248354757986 -0.15273193745386035 1.8943366946845221 -0.54581577990897456 6.7552252342303589 -0.086087128346820474 -0.019043964473459359 0.16612026845099623 0.041564856044678633 -0.043131291159322585 1.1269908595471481 6.5761662258821376 0.81310692261437922 1.191993713551369 0.62382838152191322 -0.86776957931910081 0.94299737022530228 -1.401698591684011 -0.77860519619498736 -0.70335076399488849 -0.77590678195384422 4.2281566861602995 -0.23567944819176875 0.49797914813239141 9.2688767463962236 1.0975707444496927
leaf_weight=1790968 4782141 240724 16035 83 155 63 29 2947 24 55048 193338 9048 212171 4153 1241 34 519 3600 945 612 161 427 1037 1397 88 72 2923 1417 60 173
leaf_count=1790968 4782141 240724 16035 83 155 63 29 2947 24 55048 193338 9048 212171 4153 1241 34 519 3600 945 612 161 427 1037 1397 88 72 2923 1417 60 173
internal_value=0 0.00206835 -0.000244145 -0.172775 -0.518472 -0.580183 -2.23377 -0.4799 1.75291 0.000445525 0.0187277 0.0339162 0.0673785 0.271208 0.493327 0.788845 0.762627 0.898439 0.520743 0.0375355 -0.0223128 -0.759699 0.000830426 0.100104 -0.479405 1.47592 0.166347 0.276192 0.879787 3.20177
internal_weight=0 5.53066e+06 4.85652e+06 19336 3301 3218 184 3034 87 4.83719e+06 674140 480802 239041 26870 11692 7539 7505 6398 2798 1557 1107 588 241761 15178 1557 160 13621 10698 1650 233
internal_count=7321633 5530665 4856525 19336 3301 3218 184 3034 87 4837189 674140 480802 239041 26870 11692 7539 7505 6398 2798 1557 1107 588 241761 15178 1557 160 13621 10698 1650 233
is_linear=0
shrinkage=0.1


Tree=153
num_leaves=31
num_cat=0
split_feature=15 26 11 26 14 8 8 11 1 13 20 6 11 3 0 8 21 13 26 0 8 1 18 14 15 11 11 0 14 16
split_gain=10278.2 35891.5 25446.5 66009.6 122585 94530.9 89676.7 77615.2 75199 52091.1 82498.1 49648.8 98594.2 55040.4 54639.3 42047.8 62313.4 66094.4 41008.4 39360.7 58922.9 37098 35931 90694.5 39364 60738.2 38501.8 35547.5 34796.9 33364.7
threshold=0.89553436584989987 86.485000000000014 10.904732543479069 1.385 194.14000000000001 1873.5000000000002 2013.5000000000002 10.146081313391784 -21.499999999999996 0.49500000000000005 1.0000000180025095e-35 1.0000000180025095e-35 9.6443558052434479 14.490580902625178 2.5000000000000004 657.50000000000011 20.361829940509359 0.27500000000000008 10.615 2.5000000000000004 7427.5000000000009 -22.499999999999996 18.245000000000001 110.01500000000001 1.4030475065616801 8.8865236985236997 3.649708646616542 7.5000000000000009 110.01500000000001 0.057500000000000016
decision_type=2 2 2 2 2 2 2 2 2 2 2 2 2 2 2 2 2 2 2 2 2 2 2 2 2 2 2 2 2 2
left_child=1 -1 3 -2 22 9 11 19 -9 10 15 13 -13 -7 -14 -6 -17 -18 -16 20 -8 -22 23 -5 25 26 -24 -28 -27 -21
right_child=2 -3 -4 4 5 6 7 8 -10 -11 -12 12 14 -15 18 16 17 -19 -20 29 21 -23 24 -25 -26 28 27 -29 -30 -31
leaf_value=0.0013658166521827663 -0.0061597760654274599 3.9516872115757153 0.011513878459003314 -0.046618003039021819 -1.0821476628246627 -0.46930083734471179 -0.13276852165215022 3.5098144066783621 -1.2958116285344388 0.00073841660693808875 -1.9267916082211263 0.49897679978255499 0.645111251913983 4.4749476506159862 3.5740384313368025 -0.69904566942959079 -0.18325028969269053 1.8086659908737286 8.4750787935758893 -0.63738189378810806 1.9984549078817775 -0.65579888381397555 -0.093012473996117964 -0.41028355852656884 -0.052081896066381445 -0.27325307201398047 0.045331760678029277 0.60533286235836947 2.1795878794660006 -0.10362303297047525
leaf_weight=6447113 432662 23 334244 66970 1466 168 1051 106 47 1144 530 118 23 26 31 3004 950 202 38 2470 246 67 3047 7640 11076 76 1987 2639 242 2227
leaf_count=6447113 432662 23 334244 66970 1466 168 1051 106 47 1144 530 118 23 26 31 3004 950 202 38 2470 246 67 3047 7640 11076 76 1987 2639 242 2227
internal_value=0 0.00137991 -0.0101732 -0.0235906 -0.0936863 -0.370649 -0.0969707 -0.190831 2.03358 -0.618894 -0.734119 1.34671 2.41221 0.19333 4.86615 -0.621682 -0.459257 0.166027 6.27316 -0.246982 0.22591 1.43029 -0.0525487 -0.083857 0.0699624 0.239123 0.182997 0.364796 1.59337 -0.38431
internal_weight=0 6.44714e+06 874497 540253 107591 13914 6618 6214 153 7296 6152 404 210 194 92 5622 4156 1152 69 6061 1364 313 93677 74610 19067 7991 7673 4626 318 4697
internal_count=7321633 6447136 874497 540253 107591 13914 6618 6214 153 7296 6152 404 210 194 92 5622 4156 1152 69 6061 1364 313 93677 74610 19067 7991 7673 4626 318 4697
is_linear=0
shrinkage=0.1


Tree=154
num_leaves=31
num_cat=0
split_feature=18 21 17 15 11 2 24 1 14 24 21 1 2 14 3 3 5 26 15 7 3 12 0 18 18 7 8 8 1 16
split_gain=10094.9 40540.8 77222.8 119678 234112 108577 166331 346531 117304 99110 114293 158674 124841 94966.6 184538 163712 134668 325472 277442 218357 194120 178974 125191 109579 140889 152130 127721 107269 101710 91146.6
threshold=8.5050000000000008 10.487127586999657 0.025000000000000005 0.9618796296296297 4.2298520096684191 26.500000000000004 400.00000000000006 -21.499999999999996 206.62500000000003 400.00000000000006 25.921826227355329 -26.499999999999996 27.500000000000004 325.42000000000002 10.681127163868281 3.2436894560357681 1.0000000180025095e-35 0.26500000000000007 1.1784247076023393 1619415.5000000002 8.9634802916982341 0.99250000000000005 2.5000000000000004 19.245000000000001 24.365000000000006 61423.000000000007 50.500000000000007 3558.5000000000005 -23.499999999999996 0.027500000000000004
decision_type=2 2 2 2 2 2 2 2 2 2 2 2 2 2 2 2 2 2 2 2 2 2 2 2 2 2 2 2 2 2
left_child=-1 -2 5 4 -4 6 7 8 -3 10 -7 -12 -13 -8 15 22 21 18 19 -18 -20 29 -15 -16 -25 -26 28 -23 -27 -17
right_child=1 2 3 -5 -6 9 13 -9 -10 -11 11 12 -14 14 23 16 17 -19 20 -21 -22 27 -24 24 25 26 -28 -29 -30 -31
leaf_value=-0.003503464630790223 -0.0010272800082536952 0.12245448384689922 0.11329214230614082 0.026952920295366212 0.72071387212854932 -0.11361946967176416 0.065274797779094576 4.1429867827374007 -3.3069440101322378 -0.028066076492636673 6.5291285506742343 0.58480593844174011 5.7016582442979731 1.8340197663558158 -0.23255500862764761 -0.091722815164497928 5.9562311967213954 -0.95183610045130895 7.4786690849180406 -1.630270537915151 2.1656529810330638 -1.3824569446266999 11.608514188528062 4.9325661329601127 5.5915039178785646 -8.6649971568066135 1.2733558950425419 4.5731121832324613 -0.15180191861258613 4.0298383336622745
leaf_weight=3873418 2850983 131 27047 64691 8290 440 183100 92 418 307783 70 321 56 38 430 112 48 571 130 181 146 1239 20 115 79 23 1491 31 36 103
leaf_count=3873418 2850983 131 27047 64691 8290 440 183100 92 418 307783 70 321 56 38 430 112 48 571 130 181 146 1239 20 115 79 23 1491 31 36 103
internal_value=0 0.00393548 0.027626 0.107795 0.255792 0.0114975 0.0712911 -1.53683 -2.48864 -0.0250241 1.03051 2.15672 1.34487 0.0767772 0.516188 -0.049141 -0.168123 0.683768 2.53313 -0.0400868 4.66816 -0.785385 5.20454 1.19724 1.54976 1.31095 1.09278 -1.23708 -3.47051 1.88279
internal_weight=0 3.44822e+06 597232 100028 35337 497204 188534 641 549 308670 887 447 377 187893 4793 2619 2561 1076 505 229 276 1485 58 2174 1744 1629 1550 1270 59 215
internal_count=7321633 3448215 597232 100028 35337 497204 188534 641 549 308670 887 447 377 187893 4793 2619 2561 1076 505 229 276 1485 58 2174 1744 1629 1550 1270 59 215
is_linear=0
shrinkage=0.1


Tree=155
num_leaves=31
num_cat=0
split_feature=15 26 11 12 25 11 21 18 2 14 8 8 14 3 14 15 11 15 14 15 14 2 26 21 14 21 16 8 14 2
split_gain=9958.02 60058.5 73735.1 62532 66871.2 101689 70207.5 59537 78767.7 69211.3 53007.8 50216.6 35480.6 35084.3 40715.7 33584.8 45040.5 33011.4 30102.9 27772 28295.4 47059.4 25584.5 39222.3 68180.6 121389 111928 129283 157971 159033
threshold=0.45365403753314187 0.72500000000000009 1.9611704946996469 1.2125000000000001 3.5000000000000004 3.4164512195121959 10.487127586999657 8.3250000000000011 26.500000000000004 276.74500000000006 6682.5000000000009 553.50000000000011 43.795000000000009 14.006894853484365 89.180000000000021 0.28620952705913899 1.3049925104853208 0.12072019583705727 89.180000000000021 0.38371111891026782 117.53500000000001 26.500000000000004 0.03500000000000001 10.487127586999657 300.30000000000007 18.944137109817394 0.027500000000000004 65.500000000000014 405.02000000000004 26.500000000000004
decision_type=2 2 2 2 2 2 2 2 2 2 2 2 2 2 2 2 2 2 2 2 2 2 2 2 2 2 2 2 2 2
left_child=1 -1 15 4 10 11 -7 17 -9 -10 -4 12 -6 -13 -15 16 -3 -8 -17 -19 -21 -22 23 -2 -25 26 -26 28 -28 -30
right_child=22 2 3 -5 5 6 7 8 9 -11 -12 13 -14 14 -16 18 -18 19 -20 20 21 -23 -24 24 25 -27 27 -29 29 -31
leaf_value=-7.8276741516709642e-05 0.00090690695875326923 0.012681103619685542 0.01758647952047988 -0.00044449329832114233 0.28618091818257008 -0.19111183751539929 2.7204409126320792 1.7047017498246722 0.79325591257024097 -1.0360059842903604 -1.5156871251306421 0.061593007055680431 0.86357468955241634 0.16533338696711941 0.67918200853221145 -0.018714078968031882 0.17217711061916763 0.47101881702256965 -0.21481009696687969 0.091535466423398534 -3.9970087468624116 -0.24438583100383934 -0.01319056152657061 0.04711023923027087 3.0642617550872746 0.065107532943208313 0.75093812346458444 0.97322258925641403 -2.1407811410286848 -13.208938971019927
leaf_weight=4703464 753086 89675 14652 28455 3611 1154 58 947 3028 222 229 24911 1509 5692 2115 55092 22061 2790 9125 730 48 110 1504224 88637 235 3903 72 1743 34 21
leaf_count=4703464 753086 89675 14652 28455 3611 1154 58 947 3028 222 229 24911 1509 5692 2115 55092 22061 2790 9125 730 48 110 1504224 88637 235 3903 72 1743 34 21
internal_value=0 0.00253707 0.048745 0.122225 0.178701 0.237277 0.53767 0.643684 0.902153 0.668303 -0.00600869 0.165136 0.456354 0.119564 0.30454 0.0110509 0.0441718 0.353322 -0.0465786 0.315994 -0.171079 -1.38442 -0.00536083 0.00853234 0.0692075 0.395212 1.00728 0.748781 -2.33155 -6.36681
internal_weight=0 4.96968e+06 266214 90261 61806 46925 9087 7933 4197 3250 14881 37838 5120 32718 7807 175953 111736 3736 64217 3678 888 158 2.35196e+06 847731 94645 6008 2105 1870 127 55
internal_count=7321633 4969678 266214 90261 61806 46925 9087 7933 4197 3250 14881 37838 5120 32718 7807 175953 111736 3736 64217 3678 888 158 2351955 847731 94645 6008 2105 1870 127 55
is_linear=0
shrinkage=0.1


Tree=156
num_leaves=31
num_cat=0
split_feature=26 11 21 15 16 14 11 12 17 12 14 16 15 3 8 5 14 15 25 18 16 18 21 8 13 13 2 7 3 14
split_gain=9725.41 50949.8 88272.2 55527.9 100094 54583.3 95173.3 93658.4 118125 79440.1 77464.5 74140.4 65017 62355.3 60631 106634 72978.2 56187.8 108768 88955.9 99672.9 102758 82845.7 71766.2 89695.4 114692 70604.2 66098 61585.3 182422
threshold=3.5950000000000002 3.2108046420741592 1.3501941123596497 0.75773392608721968 0.16250000000000003 117.53500000000001 10.904732543479069 0.99250000000000005 0.055000000000000007 0.092500000000000013 110.01500000000001 0.057500000000000016 1.4030475065616801 8.0806058938098086 4209.5000000000009 1.0000000180025095e-35 248.75000000000003 1.7837480407523512 3.5000000000000004 8.3250000000000011 0.21750000000000005 12.205000000000002 13.490306365337085 13.500000000000002 13.130000000000001 3.5500000000000003 26.500000000000004 1619415.5000000002 6.0359343294595105 509.5750000000001
decision_type=2 2 2 2 2 2 2 2 2 2 2 2 2 2 2 2 2 2 2 2 2 2 2 2 2 2 2 2 2 2
left_child=-1 -2 -3 4 -4 10 7 14 13 -8 -5 -12 -10 -9 -7 16 -16 18 22 -20 21 -21 -11 24 25 -19 28 -24 29 -25
right_child=1 2 3 5 -6 6 9 8 12 17 11 -13 -14 -15 15 -17 -18 23 19 20 -22 -23 27 26 -26 -27 -28 -29 -30 -31
leaf_value=0.00070486937360524559 -0.091969743147725477 -0.99229275736421663 0.092747329927231351 0.031298531029712189 0.92136119540645733 -0.14729509510828229 4.8336974294746629 0.031490043871405672 3.3584512211977184 -2.9740513999353757 2.2754019399484 0.43421802857882946 0.25500681224541788 -0.60819128691268132 2.2925126687258248 -0.090050583500379686 0.26616795213940819 0.73958885715081291 -1.6227255614378404 -1.0611233886528253 1.5113976771532753 0.52285314704394803 0.73570714997185394 0.60933379032038748 -0.026491139468121691 3.7497786048437578 -0.17045687107091315 -0.45169404491995274 0.039659114833475666 8.9301347357255434
leaf_weight=7057649 70012 879 30497 80185 1531 10882 34 1832 119 110 258 1436 156 9060 413 1315 312 1046 194 454 912 4184 613 1091 1712 144 28264 1993 14319 27
leaf_count=7057649 70012 879 30497 80185 1531 10882 34 1832 119 110 258 1436 156 9060 413 1315 312 1046 194 454 912 4184 613 1091 1712 144 28264 1993 14319 27
internal_value=0 -0.0188448 0.00754885 0.0121003 0.132357 -0.0118128 -0.0710087 -0.23681 -0.44892 0.00148145 0.0454361 0.714634 1.59795 -0.500599 -0.0535079 0.446782 1.42049 -0.00150232 0.235587 0.482147 0.555723 0.367802 -0.285855 -0.044542 0.437018 1.10385 -0.0765204 -0.172386 0.0954703 0.810283
internal_weight=0 263984 193972 193093 32028 161065 79186 24089 11167 55097 81879 1694 275 10892 12922 2040 725 55063 8460 5744 5550 4638 2716 46603 2902 1190 43701 2606 15437 1118
internal_count=7321633 263984 193972 193093 32028 161065 79186 24089 11167 55097 81879 1694 275 10892 12922 2040 725 55063 8460 5744 5550 4638 2716 46603 2902 1190 43701 2606 15437 1118
is_linear=0
shrinkage=0.1


Tree=157
num_leaves=31
num_cat=0
split_feature=15 21 21 14 8 12 26 1 8 18 14 0 0 22 7 1 18 7 12 13 3 14 16 23 14 2 8 18 1 16
split_gain=9236.6 23068.8 50075.6 64847 81131.3 67563.1 62839.6 59018.3 117125 61295.6 114632 208541 84136.5 88149.8 49247.1 108650 50319.3 62442.1 74400.7 62333.8 74113 63896.3 48618.2 49291 96070 76741.1 66878.3 64399.3 47428.7 47405.2
threshold=2.4855725623582772 28.872821175412202 25.921826227355329 198.17000000000004 20.500000000000004 200.10000000000002 11.825000000000001 -21.499999999999996 95.500000000000014 59.515000000000008 751.73500000000013 11.500000000000002 11.500000000000002 4.2886294595537882 19197.000000000004 -24.499999999999996 24.365000000000006 27412.000000000004 2.0425000000000004 21.460000000000004 16.254755093194628 286.27500000000003 122.86 748.00000000000011 325.42000000000002 26.500000000000004 475.50000000000006 40.985000000000007 -21.499999999999996 5.0750000000000011
decision_type=2 2 2 2 2 2 2 2 2 2 2 2 2 2 2 2 2 2 2 2 2 2 2 2 2 2 2 2 2 2
left_child=-1 2 -2 -4 5 6 -5 9 -9 14 12 -12 -11 -14 15 -6 17 -16 -19 20 21 -18 23 -3 26 -26 27 -25 -28 -10
right_child=1 22 3 4 7 -7 -8 8 29 10 11 -13 13 -15 16 -17 19 18 -20 -21 -22 -23 -24 24 25 -27 28 -29 -30 -31
leaf_value=0.00062134031674250122 -0.018557608135252868 0.090730696002203015 -0.049833983232013587 0.48205369974777201 -0.58701441514616215 -1.0978301871184148 3.0358936621988422 1.1489268647913902 -1.4422197194079802 -0.87165344379616505 12.299200721014115 -1.7937341349465505 1.1857950691079044 -1.6455213715169412 -5.6094843430952599 8.1857117676734941 -1.2676116145052372 5.2803518136342369 -0.33032239900581473 0.029156475547952049 0.8345561723848034 -2.9973709705646021 -2.7738259581268814 -0.11655809709601664 -6.849582283120407 -1.1763274732278661 2.795539820605311 -1.30926313004436 -2.1753600208655648 -3.3888052526684036
leaf_weight=7104227 159274 36311 10795 314 48 165 139 151 490 660 21 21 613 134 22 20 968 24 1552 386 133 274 61 3909 38 64 116 512 23 168
leaf_count=7104227 159274 36311 10795 314 48 165 139 151 490 660 21 21 613 134 22 20 968 24 1552 386 133 274 61 3909 38 64 116 512 23 168
internal_value=0 -0.0203037 -0.0360158 -0.198645 -0.45351 0.634647 1.26568 -0.5718 -1.36282 -0.440559 0.104704 5.25273 -0.0489686 0.677902 -0.671106 1.9932 -0.725043 -0.318736 -0.244881 -1.09374 -1.40897 -1.64922 0.0472299 0.0514298 -0.254674 -3.28989 -0.18678 -0.254686 1.97302 -1.93922
internal_weight=0 217406 176372 17098 6303 618 453 5685 809 4876 1449 42 1407 747 3427 68 3359 1598 1576 1761 1375 1242 41034 40973 4662 102 4560 4421 139 658
internal_count=7321633 217406 176372 17098 6303 618 453 5685 809 4876 1449 42 1407 747 3427 68 3359 1598 1576 1761 1375 1242 41034 40973 4662 102 4560 4421 139 658
is_linear=0
shrinkage=0.1


Tree=158
num_leaves=31
num_cat=0
split_feature=18 6 0 24 2 1 1 0 14 8 13 12 21 26 14 17 12 13 0 3 14 26 12 8 12 3 15 14 1 26
split_gain=9557.34 33288.2 103044 96578.1 213779 404454 93541.3 75751.6 100179 107333 123975 113088 202503 165893 175603 132083 116862 107123 118226 102483 168188 109842 102702 92003.7 91686.3 86806.1 193452 185922 383265 431847
threshold=8.5050000000000008 1.0000000180025095e-35 6.5000000000000009 400.00000000000006 26.500000000000004 -21.499999999999996 -26.499999999999996 20.500000000000004 196.70000000000002 55.500000000000007 0.13500000000000004 3.2750000000000004 25.921826227355329 0.055000000000000007 541.41500000000008 0.085000000000000006 0.15250000000000005 0.80500000000000016 8.5000000000000018 9.4373083938065125 405.02000000000004 0.025000000000000005 200.10000000000002 282.50000000000006 3.0325000000000002 12.635419820140685 3.4360934744268081 751.73500000000013 -22.499999999999996 17.025000000000002
decision_type=2 2 2 2 2 2 2 2 2 2 2 2 2 2 2 2 2 2 2 2 2 2 2 2 2 2 2 2 2 2
left_child=-1 -2 3 4 5 -3 -6 8 -4 10 -10 12 13 14 -11 16 -15 24 -19 -12 22 -22 -21 -20 -14 -13 -27 -28 -29 -30
right_child=1 2 7 -5 6 -7 -8 -9 9 11 19 25 17 15 -16 -17 -18 18 23 20 21 -23 -24 -25 -26 26 27 28 29 -31
leaf_value=-0.00340890238088392 0.00054486995572501184 -3.5923528692949178 0.070066346816153105 -0.043419223085527002 7.2730839685157491 8.4799830701947414 2.4441401447050084 -0.032571668969898056 -5.393288124402364 1.9923355596612486 -0.10956338859852369 0.18019937273552672 -0.069802847746537819 4.3920684669591203 10.403285446533792 4.0545575157349765 0.52652200868128984 8.9773136472702024 0.052853353203650803 1.5601194398466056 9.0126142917535255 3.0714782403661061 -0.725831971585992 7.3739821161542629 6.5479090327308285 -1.7472946945540198 0.11342449913185562 -0.086910231740851163 -2.1205693897993672 -22.212429041862489
leaf_weight=3873418 3101635 134 137883 126264 54 35 156 50739 30 548 523 9510 6843 79 26 110 7803 25 94 962 39 154 247 21 21 816 3326 95 23 20
leaf_count=3873418 3101635 134 137883 126264 54 35 156 50739 30 548 523 9510 6843 79 26 110 7803 25 94 962 39 154 247 21 21 816 3326 95 23 20
internal_value=0 0.00382926 0.0332221 -0.0386348 1.55529 -1.09216 3.68587 0.0745984 0.106736 0.268199 0.985654 0.220425 0.405126 0.731229 2.37332 0.613292 0.565266 0.00629639 2.74468 1.08507 1.53071 4.27202 1.0931 1.38976 -0.0495564 0.0118836 -0.362108 -0.0358049 -3.63245 -11.4656
internal_weight=0 3.44822e+06 346580 126643 379 169 210 219937 169198 31315 1955 29360 15570 8566 574 7992 7882 7004 140 1925 1402 193 1209 115 6864 13790 4280 3464 138 43
internal_count=7321633 3448215 346580 126643 379 169 210 219937 169198 31315 1955 29360 15570 8566 574 7992 7882 7004 140 1925 1402 193 1209 115 6864 13790 4280 3464 138 43
is_linear=0
shrinkage=0.1


Tree=159
num_leaves=31
num_cat=0
split_feature=26 11 8 14 26 3 12 14 17 14 24 21 8 15 19 14 15 3 0 15 11 7 14 14 3 12 2 12 12 1
split_gain=10456.2 65334.1 103042 64590.7 166169 75967.9 71025.6 126393 91764 105328 58487.6 53690.6 157466 54442.7 183948 225509 54721.6 52465.9 52986.3 49761.5 73386 71570.9 71558.7 113893 119617 98148.2 80959.6 97348.5 78166.4 78119.6
threshold=5.535000000000001 33.912511961722494 2208.5000000000005 470.11500000000007 86.485000000000014 13.212222028800179 5.370000000000001 108.26500000000001 0.12500000000000003 150.04000000000005 70.000000000000014 14.102594559223187 195.50000000000003 2.2697546549835712 1.0000000180025095e-35 509.5750000000001 0.45365403753314187 14.006894853484365 11.500000000000002 6.8370836019772199 11.975994789405126 10873.000000000002 248.75000000000003 286.27500000000003 7.6179452201358808 2.9925000000000006 27.500000000000004 1.4925000000000004 0.82250000000000012 -25.499999999999996
decision_type=2 2 2 2 2 2 2 2 2 2 2 2 2 2 2 2 2 2 2 2 2 2 2 2 2 2 2 2 2 2
left_child=-1 3 10 6 5 -5 8 -8 19 -10 -3 12 -12 14 15 -13 -16 18 -7 20 -2 -21 -22 24 -24 26 27 -25 -26 -28
right_child=1 2 -4 4 -6 17 7 -9 9 -11 11 13 -14 -15 16 -17 -18 -19 -20 21 22 -23 23 25 28 -27 29 -29 -30 -31
leaf_value=0.00057883305529017929 -0.059259770123376812 -3.4704779597728148 4.0184232574790277 -0.62817503970299671 7.9361573089252815 -0.32807812452316287 -0.086488021237777157 -0.67020093666890201 0.23549872153782081 1.677570001450998 0.46498346180062405 2.1438353876394731 5.5071989721146188 0.060106097495032651 -5.1624118661880498 11.714456786780524 0.17214041956082615 0.36644567560266567 -6.3104663873973648 -4.8929912160885962 0.31072421484370744 -0.49603700439539788 1.1873840333833809 0.88074710708059056 -0.0019469437385216737 2.669714188127736 0.018482967586010351 -0.55674454649210181 -1.6758294453490075 -1.9363911637215923
leaf_weight=7153800 90109 46 67 1443 22 20 17116 4736 2915 613 605 163 69 31809 20 29 499 27 57 38 11241 1435 248 1420 390 153 522 705 980 336
leaf_count=7153800 90109 46 67 1443 22 20 17116 4736 2915 613 605 163 69 31809 20 29 499 27 57 38 11241 1435 248 1420 390 153 522 705 980 336
internal_value=0 -0.0246725 0.100719 -0.0557178 -0.693579 -0.816303 -0.0481905 -0.212997 -0.0157766 0.486063 0.0928219 0.0977599 0.981175 0.0794505 0.944886 3.5894 -0.03343 -3.42658 -4.7566 -0.0322345 -0.024221 -0.609468 0.173172 -0.152074 -0.833499 0.199503 0.0728048 0.403838 -1.19932 -0.747062
internal_weight=0 167833 33307 134526 1569 1547 132957 21852 111105 3528 33240 33194 674 32520 711 192 519 104 77 107577 106104 1473 15995 4754 1618 3136 2983 2125 1370 858
internal_count=7321633 167833 33307 134526 1569 1547 132957 21852 111105 3528 33240 33194 674 32520 711 192 519 104 77 107577 106104 1473 15995 4754 1618 3136 2983 2125 1370 858
is_linear=0
shrinkage=0.1


Tree=160
num_leaves=31
num_cat=0
split_feature=26 14 7 14 21 26 3 1 22 8 8 16 3 15 14 13 14 16 14 14 2 12 21 14 11 18 14 2 3 3
split_gain=9687.14 61786.8 48385.7 49558.1 45425.9 50143.3 44234.9 96035.8 41905.4 38529 69729.6 40338.2 35022.8 40475.1 57227.9 63156 45885.1 41475 38047.4 35601.7 35029.9 51455.2 50463.1 98649 40397.2 39039.2 33951.7 32495.4 63930.2 49423.2
threshold=10.205000000000002 49.995000000000012 24384.000000000004 201.28500000000003 23.266330780877443 15.165000000000001 6.8933563948253811 -23.499999999999996 3.913104740650081 238.50000000000003 347.50000000000006 0.027500000000000004 3.2436894560357681 6.8370836019772199 206.62500000000003 2.1250000000000004 204.54500000000004 0.33250000000000007 509.5750000000001 143.31500000000003 26.500000000000004 0.85250000000000015 16.460509296098724 300.30000000000007 13.744946153846156 55.675000000000004 300.30000000000007 26.500000000000004 13.212222028800179 13.172733361620265
decision_type=2 2 2 2 2 2 2 2 2 2 2 2 2 2 2 2 2 2 2 2 2 2 2 2 2 2 2 2 2 2
left_child=-1 -2 3 -3 9 -6 7 -7 -4 11 -11 -5 13 14 16 20 19 -15 -19 -10 24 25 23 -23 -16 -22 -13 -14 29 -29
right_child=1 2 8 4 5 6 -8 -9 12 10 -12 26 27 17 15 -17 -18 18 -20 -21 21 22 -24 -25 -26 -27 -28 28 -30 -31
leaf_value=0.00036771890056445879 -0.26684240612947874 0.047130904580675981 -0.63417658486743589 3.2804756085077922 -0.85936137867974205 -0.5987254331891354 0.046571800485253334 6.6724756367066336 0.19271556092606271 -4.0199405672275921 -1.1887819635883841 0.51561336248693335 0.11057117433540138 -3.2174058560814176 5.4411844372004268 6.0137282014796227 -2.7899764584546745 -0.17513973181296116 2.8996098052623664 1.715037993330222 -2.3994174245687634 2.3726024404952404 4.8085685741333739 -5.2313815095207907 1.3384795769055684 2.6528751039505005 -3.0196701109409334 -0.12014631978691499 0.16474941740544771 -2.1802370098411528
leaf_weight=7247564 10024 1449 964 30 683 39 304 34 724 113 378 71 22353 42 40 33 44 628 43 195 65 76 42 22 60 20 44 24998 10434 117
leaf_count=7247564 10024 1449 964 30 683 39 304 34 724 113 378 71 22353 42 40 33 44 628 43 195 65 76 42 22 60 20 44 24998 10434 117
internal_value=0 -0.0359809 0.000152424 -0.382332 -0.74925 -0.34837 0.577379 2.78786 0.0199047 -1.41738 -1.84035 0.0148782 0.0304248 0.438277 0.766004 1.84551 0.364693 -0.168914 0.0219008 0.515733 1.42227 0.730145 1.90848 0.665586 2.97956 -1.21064 -0.837017 0.0160977 -0.0433067 -0.129743
internal_weight=0 74069 64045 3145 1696 1060 377 73 60900 636 491 145 59936 2034 1321 358 963 713 671 919 325 225 140 98 100 85 115 57902 35549 25115
internal_count=7321633 74069 64045 3145 1696 1060 377 73 60900 636 491 145 59936 2034 1321 358 963 713 671 919 325 225 140 98 100 85 115 57902 35549 25115
is_linear=0
shrinkage=0.1


Tree=161
num_leaves=31
num_cat=0
split_feature=2 13 8 0 19 8 8 21 21 3 3 16 14 18 26 3 0 18 1 21 14 13 12 8 13 0 21 14 14 8
split_gain=8946.68 44339.7 147680 90993.1 60014.8 43829.9 67962.4 65707.2 53271.2 50941.3 54175 43765 44578.3 73005.2 73032.2 100051 79454.2 36558.4 93067.2 69020.1 34977.3 32578.3 133412 128248 49576.2 64511.8 37411.1 128818 137506 124227
threshold=27.500000000000004 92.625000000000014 216.50000000000003 21.500000000000004 1.0000000180025095e-35 50.500000000000007 148.50000000000003 36.995128987870253 36.995128987870253 15.31497493734336 17.380387507267397 7.6275000000000004 201.28500000000003 42.785000000000004 9.2300000000000022 10.545420446020598 16.500000000000004 27.070000000000004 -25.499999999999996 32.102631101271896 751.73500000000013 51.000000000000007 200.10000000000002 71.500000000000014 49.630000000000003 11.500000000000002 14.78430661152403 230.54500000000004 216.98500000000004 6682.5000000000009
decision_type=2 2 2 2 2 2 2 2 2 2 2 2 2 2 2 2 2 2 2 2 2 2 2 2 2 2 2 2 2 2
left_child=-1 11 5 4 -4 7 8 -3 9 -7 -11 21 -13 17 15 -15 -17 18 19 -14 -16 22 24 -24 26 -26 -2 28 -28 -30
right_child=1 2 3 -5 -6 6 -8 -9 -10 10 -12 12 13 14 20 16 -18 -19 -20 -21 -22 -23 23 -25 25 -27 27 -29 29 -31
leaf_value=0.0015499126620035794 -0.0019313631487615842 -0.35217656977069767 2.7356368109679376 -1.8615952995088365 7.0724609495313082 0.38595247204650573 -1.5003099839668721 -5.7525020360946657 4.7032970789316542 6.466801650359713 1.4217149692773821 -0.048951525146099503 0.11879296012684309 -0.22599476841819841 -0.32610376233296989 8.1880489492416384 0.96802807163309168 -1.6804043922006322 -3.0403864620547547 5.3796639397740371 -4.0015434547706894 -0.65808996534539976 -0.90822703191212251 4.3798574298844306 4.8160360592360405 0.098848407883459416 -0.045837352749279456 -0.52022242245949801 0.17322122005316831 3.122248121866813
leaf_weight=6118750 1083502 368 78 27 54 519 128 24 37 29 80 2298 113 86 631 35 27 703 76 32 27 769 70 133 49 71 106511 5829 317 260
leaf_count=6118750 1083502 368 78 27 54 519 128 24 37 29 80 2298 113 86 631 35 27 703 76 32 27 769 70 133 49 71 106511 5829 317 260
internal_value=0 -0.007884 0.566172 3.42786 4.50979 0.182198 0.609793 -0.682809 1.01595 0.7987 2.76399 -0.00852612 -0.337597 -0.721012 -0.0254717 1.98164 5.04385 -1.32773 -0.205867 1.27981 -0.47692 -0.00741924 -0.00700113 2.55638 -0.00743603 2.02503 -0.00763988 -0.0624163 -0.0374971 1.50207
internal_weight=0 1.20288e+06 1344 159 132 1185 793 392 665 628 109 1.20154e+06 4028 1730 806 148 62 924 221 145 658 1.19751e+06 1.19674e+06 203 1.19654e+06 120 1.19642e+06 112917 107088 577
internal_count=7321633 1202883 1344 159 132 1185 793 392 665 628 109 1201539 4028 1730 806 148 62 924 221 145 658 1197511 1196742 203 1196539 120 1196419 112917 107088 577
is_linear=0
shrinkage=0.1


Tree=162
num_leaves=31
num_cat=0
split_feature=14 21 15 26 11 14 3 14 23 21 14 11 18 14 3 5 26 21 12 14 16 18 12 21 12 14 14 14 12 6
split_gain=8919.38 34409.8 11527.6 63917 68908.7 43404.7 32020.3 31412 34476.4 44134.4 36752.1 38186.3 28296.6 104661 116909 53815.7 39506.2 28993.3 42415.2 51503.8 69938.1 63346 54671.9 33495.3 112201 79688.8 33035 28255.1 26519.5 38037.8
threshold=4.5450000000000008 5.9200554027476917 0.26683696330848067 0.35500000000000004 0.72323587410459944 30.335000000000004 12.462637306623852 60.005000000000003 604.00000000000011 10.487127586999657 250.17500000000004 1.7100276476710905 4.8050000000000006 541.41500000000008 6.7342281558615262 1.0000000180025095e-35 0.8650000000000001 12.066169858953876 5.0825000000000005 76.545000000000016 0.82250000000000012 1.0450000000000002 3.5775000000000006 25.921826227355329 141.31500000000003 190.93000000000004 325.42000000000002 366.89500000000004 1.4425000000000001 1.0000000180025095e-35
decision_type=2 2 2 2 2 2 2 2 2 2 2 2 2 2 2 2 2 2 2 2 2 2 2 2 2 2 2 2 2 2
left_child=1 -1 3 -2 5 -5 -6 -8 9 -9 11 -11 13 17 16 -16 -15 -4 19 -19 21 22 -21 24 -20 -25 -26 -27 29 -14
right_child=2 -3 12 4 6 -7 7 8 -10 10 -12 -13 28 14 15 -17 -18 18 23 20 -22 -23 -24 25 26 27 -28 -29 -30 -31
leaf_value=0.0059899043676697608 0.0011478343216139403 -0.060675989639955276 -0.0099887975226039035 0.017860354960579704 0.055742298655918079 -0.16157666442607357 0.11450515739989897 -0.029217930828348816 -0.20191252930718018 0.21068968182890324 -0.69487060647169163 0.65006144533460075 -0.0082228204325340767 -3.1866156387329103 0.8149952843569328 -4.451036720805698 -8.9243723551432304 -0.089065249042390701 -0.047794687418809684 1.0027212542792163 4.0300704056876047 -0.40659976291894451 -4.570750600641424 0.13550679225033518 -2.4384378745442348 1.6163030716814573 -7.0296798629760744 4.7565562902178078 0.017645441392672934 0.035942460083501292
leaf_weight=240537 3053115 114174 220497 73650 87836 16501 52961 2441 1275 3133 271 5366 2480266 20 69 27 30 72184 11840 24 35 4775 66 10673 42 158 25 35 657958 211649
leaf_count=240537 3053115 114174 220497 73650 87836 16501 52961 2441 1275 3133 271 5366 2480266 20 69 27 30 72184 11840 24 35 4775 66 10673 42 158 25 35 657958 211649
internal_value=0 -0.0154684 0.000787554 0.00507969 0.0543925 -0.0149833 0.0951948 0.148144 0.290826 0.346864 0.451541 0.488095 -0.00306743 -0.0314539 -2.70827 -0.666076 -6.62927 -0.030234 -0.0749379 -0.110362 -0.424095 -0.456139 -3.08449 0.0449688 -0.0708865 0.171923 -4.15159 2.18578 -0.000351547 -0.00475037
internal_weight=0 354711 6.96692e+06 3.29655e+06 243434 90151 153283 65447 12486 11211 8770 8499 3.67037e+06 320500 146 96 50 320354 99857 77084 4900 4865 90 22773 11907 10866 67 193 3.34987e+06 2.69192e+06
internal_count=7321633 354711 6966922 3296549 243434 90151 153283 65447 12486 11211 8770 8499 3670373 320500 146 96 50 320354 99857 77084 4900 4865 90 22773 11907 10866 67 193 3349873 2691915
is_linear=0
shrinkage=0.1


Tree=163
num_leaves=31
num_cat=0
split_feature=15 12 15 1 13 0 2 7 0 7 21 3 0 8 18 0 5 21 2 15 15 15 19 19 0 13 10 0 13 21
split_gain=9225.84 29721 55173.8 39668.5 34537.1 45767.7 50761.1 57972.5 55603.4 40258.4 34291.2 32432.5 53388.2 27188.8 26613.7 112013 54275.2 51624.7 98903.2 84765.1 73138.9 46009.7 41711.4 31823.9 80306.1 77134.2 29158.8 26496.1 23593.3 41314.4
threshold=1.4030475065616801 171.39000000000001 0.86341375682891053 -23.499999999999996 128.35500000000005 15.500000000000002 26.500000000000004 1919260.5000000002 10.500000000000002 1619415.5000000002 32.102631101271896 9.5221782918289488 17.500000000000004 227.50000000000003 40.985000000000007 12.500000000000002 1.0000000180025095e-35 25.921826227355329 27.500000000000004 0.41459200558213721 0.084298412698412706 0.41459200558213721 1.0000000180025095e-35 1.0000000180025095e-35 20.500000000000004 65.455000000000013 1.0000000180025095e-35 13.500000000000002 49.630000000000003 32.102631101271896
decision_type=2 2 2 2 2 2 2 2 2 2 2 2 2 2 2 2 2 2 2 2 2 2 2 2 2 2 2 2 2 2
left_child=1 28 3 14 5 6 7 8 9 -5 -6 -7 -13 -10 17 16 -16 18 19 -3 -20 23 -17 24 25 -19 27 -25 -1 -30
right_child=-2 2 -4 4 10 11 -8 -9 13 -11 -12 12 -14 -15 15 22 -18 21 20 -21 -22 -23 -24 26 -26 -27 -28 -29 29 -31
leaf_value=0.00091279615185558313 -0.013974216553220143 -1.4467755864522396 -5.5561569667997821 1.5220990376038985 -0.87195199012756364 -0.16800739905413462 -1.8138798898833242 -3.788505822961981 2.1170699614065667 7.5717754071409047 4.3258686130697077 -7.4697856766836983 -2.4043761915630766 -2.2570433342456817 -2.6978288544548885 8.6745218978041692 2.4025888569214766 7.6545743919554212 -0.56961386203765874 -7.330666371754238 7.2373765789327171 3.7459119166319184 2.5102751957333607 -1.5860387306946975 -3.7141782431766908 1.126278007553734 -1.5701433758382446 2.4404551571065731 -0.072327139833174486 1.0639163610814124
leaf_weight=6875192 443807 195 21 22 30 34 167 22 27 22 22 28 81 30 54 21 34 21 28 28 21 39 23 26 29 131 135 44 728 571
leaf_count=6875192 443807 195 21 22 30 34 167 22 27 22 22 28 81 30 54 21 34 21 28 28 21 39 23 26 29 131 135 44 728 571
internal_value=0 0.000901717 -0.470888 -0.389617 -1.10796 -1.40039 -0.678449 0.863152 1.87638 4.54694 1.32713 -2.86448 -3.70558 -0.185095 0.030644 1.33263 -0.727213 -0.215929 -1.29171 -2.18556 2.77624 0.472568 5.4523 0.141842 1.10816 2.02821 -0.711348 0.9449 0.000993311 0.42713
internal_weight=0 6.87783e+06 1335 1314 485 433 290 123 101 44 52 143 109 57 829 132 88 697 272 223 49 425 44 386 181 152 205 70 6.87649e+06 1299
internal_count=7321633 6877826 1335 1314 485 433 290 123 101 44 52 143 109 57 829 132 88 697 272 223 49 425 44 386 181 152 205 70 6876491 1299
is_linear=0
shrinkage=0.1


Tree=164
num_leaves=31
num_cat=0
split_feature=13 18 4 3 1 21 21 12 11 18 14 21 3 15 11 14 7 11 21 8 3 0 14 15 14 8 14 8 11 2
split_gain=8565.98 20250.3 56801.2 21859.2 21134.7 18841 19576.4 38450.7 75333.7 75497 43585.9 43045.9 40669.7 39805.8 27908.5 21862.9 32324 18646.2 47279.5 18341.6 100844 25871.9 18147.2 18064.5 17997.5 66421.6 61676.3 53440 30310.5 30046.1
threshold=0.015000000000000001 64.200000000000017 1.0000000180025095e-35 18.003968253968257 -21.499999999999996 33.883288290323883 14.102594559223187 0.11750000000000002 1.1301998097361328 17.435000000000006 49.800000000000004 14.222470423884381 11.879867357490983 0.21677112547250341 0.47343425733880373 60.005000000000003 457568.00000000006 13.125339285714288 25.921826227355329 5882.0000000000009 15.036657886334611 17.500000000000004 248.75000000000003 0.090662227054453218 89.180000000000021 258.50000000000006 84.325000000000003 6982.0000000000009 1.1628701247134841 26.500000000000004
decision_type=2 2 2 2 2 2 2 2 2 2 2 2 2 2 2 2 2 2 2 2 2 2 2 2 2 2 2 2 2 2
left_child=1 5 3 4 -3 6 -1 8 10 13 14 -11 -13 15 -8 -10 -17 22 -19 -15 -21 -22 24 -18 26 -26 -9 28 -27 -30
right_child=-2 2 -4 -5 -6 -7 7 17 9 11 -12 12 -14 19 -16 16 23 18 -20 20 21 -23 -24 -25 25 27 -28 -29 29 -31
leaf_value=-0.0010126095906453647 0.0026650008688876028 -0.79276962136631612 -0.015003399996813552 1.79203909293369 -2.0147179154738 0.19270078990740502 -0.059734011609136321 -0.046662790407439203 0.15684978939200822 0.013339373568463065 -0.2114596532017731 1.921201776679357 0.6975123884082598 -0.0047166679526834156 0.027310990524374669 -0.37932398350381141 0.30087135653650038 -1.2043773048075792 1.1247760575099857 0.12280296691962647 4.6564431838450897 1.4643296345721843 2.25366668140187 0.83248232372453779 -1.7265735237077751 -0.54359996583265269 2.6637231855165391 0.86162268307426315 0.066773989295496244 -0.19568866959596407
leaf_weight=2364497 4555941 555 2361 27 190 4856 68863 163292 14561 592 11983 375 985 25863 79194 402 1196 381 113 1252 62 43 34 1373 261 1765 84 539 6429 13564
leaf_count=2364497 4555941 555 2361 27 190 4856 68863 163292 14561 592 11983 375 985 25863 79194 402 1196 381 113 1252 62 43 34 1373 261 1765 84 539 6429 13564
internal_value=0 -0.00439007 -0.258481 -1.00311 -1.10441 -0.00410191 -0.00444846 -0.0251095 0.00458804 0.11633 -0.0280212 0.725101 1.03493 0.0897763 -0.0131746 0.207292 0.454511 -0.0580373 -0.671595 0.0140863 0.37245 3.3492 -0.0564075 0.58499 -0.0568299 -0.140558 -0.0452692 -0.121993 -0.146359 -0.111291
internal_weight=0 2.76569e+06 3133 772 745 2.76256e+06 2.7577e+06 393206 206744 46704 160040 1952 1360 44752 148057 17532 2971 186462 494 27220 1357 105 185968 2569 185934 22558 163376 22297 21758 19993
internal_count=7321633 2765692 3133 772 745 2762559 2757703 393206 206744 46704 160040 1952 1360 44752 148057 17532 2971 186462 494 27220 1357 105 185968 2569 185934 22558 163376 22297 21758 19993
is_linear=0
shrinkage=0.1


Tree=165
num_leaves=31
num_cat=0
split_feature=8 4 26 11 18 12 11 15 16 14 18 17 2 3 12 14 11 11 3 12 12 11 14 6 3 14 12 0 3 19
split_gain=8478.46 10323.3 8188.19 52007.2 73279.4 71606.8 90933.5 77449 109841 91032.4 86831.8 71302.4 100437 150112 73731.8 59411.8 73007.3 58292.9 78758 68320.7 66040.6 64624.3 56619.7 45849.6 70803.1 90283.4 46067.5 45916.4 42321.8 41894
threshold=23109.000000000004 1.0000000180025095e-35 10.205000000000002 56.445755494505498 40.985000000000007 7.0750000000000011 9.2011025993237556 2.4855725623582772 0.53250000000000008 246.57500000000002 11.285000000000002 0.015000000000000001 26.500000000000004 13.172733361620265 3.0825000000000005 197.49500000000003 8.5450406677791815 14.572858851674644 15.120877008208369 1.9675000000000002 1.9425000000000001 10.146081313391784 168.34000000000003 1.0000000180025095e-35 7.0835724366271542 325.42000000000002 0.21250000000000005 12.500000000000002 6.8933563948253811 1.0000000180025095e-35
decision_type=2 2 2 2 2 2 2 2 2 2 2 2 2 2 2 2 2 2 2 2 2 2 2 2 2 2 2 2 2 2
left_child=2 -2 -1 5 -5 6 15 8 9 17 -11 -12 13 -13 -14 -4 23 19 -19 20 29 -22 -7 -17 25 28 27 -26 -25 -8
right_child=1 -3 3 4 -6 22 7 -9 -10 10 11 12 14 -15 -16 16 -18 18 -20 -21 21 -23 -24 24 26 -27 -28 -29 -30 -31
leaf_value=0.00013944034793563124 -0.14169185467820386 0.078520876154082764 -0.064432131830076553 0.39381686870359495 -0.065164018082676842 -0.17823951218543049 -0.05863926511689347 -0.02373524550089523 1.9680085687739095 -2.5761851413406598 -2.5936588447649505 1.9529996412446533 -0.39597498224512745 -0.75154086933978992 2.624795756879307 -0.83699454404069307 -1.6848091316109053 1.5102435255490951 -0.092742855050501519 -0.47639287088216103 5.2544297810258538 -0.13939325279659695 -0.70376583402777781 -0.11429626033698606 5.1914407142571051 5.7953032998477712 -0.43257783317434528 0.40961928736995645 1.5534827849685902 0.81033343782331535
leaf_weight=7222422 2348 22802 21645 6283 7793 9997 885 11872 410 137 103 569 2122 321 84 1298 431 1127 421 796 58 36 2579 407 28 34 2824 71 243 1487
leaf_count=7222422 2348 22802 21645 6283 7793 9997 885 11872 410 137 103 569 2122 321 84 1298 431 1127 421 796 58 36 2579 407 28 34 2824 71 243 1487
internal_value=0 0.0579619 -0.000199787 -0.0332812 0.139708 -0.0738746 -0.017602 0.141563 0.370925 0.290542 -0.110866 -0.00528626 0.0808256 0.977542 -0.28095 -0.13811 -0.436977 0.56894 1.07429 0.329123 0.589136 3.18871 -0.286011 -0.327331 -0.143925 0.771956 -0.358247 1.76205 0.509197 0.486117
internal_weight=0 25150 7.29648e+06 74061 14076 59985 47409 20428 8556 8146 3336 3199 3096 890 2206 26981 5336 4810 1548 3262 2466 94 12576 4905 3607 684 2923 99 650 2372
internal_count=7321633 25150 7296483 74061 14076 59985 47409 20428 8556 8146 3336 3199 3096 890 2206 26981 5336 4810 1548 3262 2466 94 12576 4905 3607 684 2923 99 650 2372
is_linear=0
shrinkage=0.1


Tree=166
num_leaves=31
num_cat=0
split_feature=7 21 16 1 21 3 14 0 14 18 21 1 7 14 26 0 12 14 3 12 12 3 17 12 12 2 13 7 1 25
split_gain=7964.34 37884.8 32744 89877.4 47585.5 24605.4 58384.8 66831.2 114129 58206.4 83930.3 60308.4 54207.9 43285.7 69127 52761 38991.6 37674.9 37401.5 35502.7 52123.4 32509.4 31308.3 29400.8 25201.8 46330.9 48726.7 25117.8 34148.5 23351.7
threshold=457568.00000000006 7.5210234038549517 40.010000000000012 -25.499999999999996 32.102631101271896 13.264328387605044 190.93000000000004 13.500000000000002 470.11500000000007 7.9750000000000005 25.921826227355329 -22.499999999999996 61423.000000000007 195.87000000000003 7.0550000000000006 18.500000000000004 110.17000000000002 300.30000000000007 13.881317235508089 1.5725000000000005 3.1725000000000003 17.176305849108292 0.025000000000000005 0.21250000000000005 200.10000000000002 26.500000000000004 128.35500000000005 20780.000000000004 -24.499999999999996 3.5000000000000004
decision_type=2 2 2 2 2 2 2 2 2 2 2 2 2 2 2 2 2 2 2 2 2 2 2 2 2 2 2 2 2 2
left_child=1 -1 5 -4 -5 24 16 9 12 10 11 17 13 14 -9 -16 -7 -8 -10 21 -21 -14 27 -11 -3 -26 -27 -15 -29 -22
right_child=-2 2 3 4 -6 6 7 8 18 23 -12 -13 19 22 15 -17 -18 -19 -20 20 29 -23 -24 -25 25 26 -28 28 -30 -31
leaf_value=0.0028482950298003924 0.0016329439530246949 -0.052135584033682895 6.5806795835495002 1.4274675099666303 -3.9531108509410511 -0.0096494367380977226 0.94236479823035424 -1.3805317337878726 -6.892564678192139 4.1703145496871157 5.0283003522204117 5.7653753047639675 0.9702706597029116 -0.25168515204517333 6.4231382179260255 0.9323124136243548 -1.7767726054191588 -3.4739019682010017 -2.2325937062013348 -1.5793224461323827 0.58080457832462107 4.3841061764749991 -1.1228488150963061 0.56672622433319186 2.3004552841186525 -0.93144720281873428 -6.856602158753768 -0.17574168917707217 2.4104165567995777 4.105658834359863
leaf_weight=1072422 5880204 249358 28 65 22 114682 99 44 24 23 77 22 732 1140 35 35 125 24 61 141 129 29 355 1449 20 35 23 118 90 22
leaf_count=1072422 5880204 249358 28 65 22 114682 99 44 24 23 77 22 732 1140 35 35 125 24 61 141 129 29 355 1449 20 35 23 118 90 22
internal_value=0 -0.00666148 -0.0342991 1.65283 0.0668615 -0.0348251 0.00249485 0.349911 0.0628414 0.850674 2.36008 0.943164 0.169793 -0.161054 1.72542 3.67773 -0.0115735 0.0806542 -3.54835 0.740685 -0.196699 1.10036 -0.287336 0.623032 -0.0526978 -1.84992 -3.28108 -0.0673005 0.943269 1.09436
internal_weight=0 1.44143e+06 369007 115 87 368892 119456 4649 2955 1694 222 145 2870 1817 114 70 114807 123 85 1053 292 761 1703 1472 249436 78 58 1348 208 151
internal_count=7321633 1441429 369007 115 87 368892 119456 4649 2955 1694 222 145 2870 1817 114 70 114807 123 85 1053 292 761 1703 1472 249436 78 58 1348 208 151
is_linear=0
shrinkage=0.1


Tree=167
num_leaves=31
num_cat=0
split_feature=14 26 14 12 6 0 0 24 2 1 14 12 11 12 8 7 8 26 14 10 14 2 8 11 13 1 21 19 14 14
split_gain=8155.82 33033.2 38228.3 35962.1 31133 100009 89342.6 87451.9 198995 389995 83142.9 133377 226183 370142 111578 165987 104146 111768 176235 178939 105498 230102 103509 96380.2 83806.8 81301.3 76935.8 81996 111978 139452
threshold=76.545000000000016 11.200000000000001 58.995000000000012 11.795000000000003 1.0000000180025095e-35 6.5000000000000009 15.500000000000002 400.00000000000006 26.500000000000004 -21.499999999999996 300.30000000000007 2.0350000000000006 33.912511961722494 1.8025000000000004 5126.0000000000009 1919260.5000000002 55.500000000000007 5.8750000000000009 509.5750000000001 1.0000000180025095e-35 509.5750000000001 26.500000000000004 403.50000000000006 56.445755494505498 128.35500000000005 -22.499999999999996 14.102594559223187 1.0000000180025095e-35 209.56500000000003 300.30000000000007
decision_type=2 2 2 2 2 2 2 2 2 2 2 2 2 2 2 2 2 2 2 2 2 2 2 2 2 2 2 2 2 2
left_child=1 3 -3 -1 26 7 10 8 9 -6 -7 12 14 23 -12 -16 17 18 -13 -20 -19 -22 -18 -14 -23 -10 -2 28 -28 -30
right_child=4 2 -4 -5 5 6 -8 -9 25 -11 11 16 13 -15 15 -17 22 20 19 -21 21 24 -24 -25 -26 -27 27 -29 29 -31
leaf_value=0.0015159619201996122 -0.0047422542280198413 -0.31958084348760424 0.059243870889256124 0.080400181774156199 -3.9236132600851228 0.14601245584363162 0.010418192033569744 -0.071436999833003417 4.6395460587281452 8.7260909295851654 0.65081974237664286 0.59661317690454352 3.7624179763614012 12.022265045881271 -1.0417993183434011 11.180646940708161 -0.33528056972669251 1.7509492499039283 3.826947334540197 13.710460418061571 -10.94806189040343 5.7670596872057232 1.6483483978271096 -1.7188867802205294 -2.414775159282069 -1.0448236195246379 -0.1402227345415461 -0.044708829841817392 -1.0332531680278192 0.040600001597091623
leaf_weight=5290080 1666673 6744 4403 58430 114 53060 72084 70205 156 31 937 99 106 50 20 25 1838 145 62 26 24 21 307 46 31 30 17789 72750 3499 1848
leaf_count=5290080 1666673 6744 4403 58430 114 53060 72084 70205 156 31 937 99 106 50 20 25 1838 145 62 26 24 21 307 46 31 30 17789 72750 3499 1848
internal_value=0 0.00201933 -0.169947 0.00237774 -0.00551635 0.0319339 0.0843239 -0.0637914 1.55783 -1.21919 0.178122 0.634024 1.51128 4.55872 0.884418 5.74845 0.227179 1.69165 3.49095 6.74708 0.16916 -2.84873 -0.0513766 2.1036 0.889427 3.72271 -0.00975349 -0.0968579 -0.260838 -0.662114
internal_weight=0 5.35966e+06 11147 5.34851e+06 1.96198e+06 199417 128881 70536 331 145 56797 3737 1184 202 982 45 2553 408 187 88 221 76 2145 152 52 186 1.76256e+06 95886 23136 5347
internal_count=7321633 5359657 11147 5348510 1961976 199417 128881 70536 331 145 56797 3737 1184 202 982 45 2553 408 187 88 221 76 2145 152 52 186 1762559 95886 23136 5347
is_linear=0
shrinkage=0.1


Tree=168
num_leaves=31
num_cat=0
split_feature=18 21 17 15 18 11 15 12 2 24 1 8 8 18 14 15 14 3 1 26 26 8 26 15 13 18 14 3 24 0
split_gain=7900.15 32219.7 75418 91967.7 186772 111140 113463 75773.4 66832.8 121069 211366 86432.6 83284.1 77202.1 153057 98241.2 80130.6 167295 178519 75963.1 62969.3 94526.5 60002 59515.5 99327.3 72311.7 91382.1 110987 58754.4 78462.7
threshold=9.4850000000000012 10.487127586999657 0.025000000000000005 1.9107239583333335 64.200000000000017 5.7865489510489523 0.26683696330848067 0.73250000000000004 26.500000000000004 400.00000000000006 -21.499999999999996 3715.5000000000005 1641.0000000000002 21.255000000000006 206.09500000000003 0.21677112547250341 541.41500000000008 12.098617176128096 -24.499999999999996 5.535000000000001 2.3350000000000004 1194.5000000000002 1.7550000000000001 0.62997114375655838 92.625000000000014 59.515000000000008 184.94000000000003 9.6424795419193412 400.00000000000006 2.5000000000000004
decision_type=2 2 2 2 2 2 2 2 2 2 2 2 2 2 2 2 2 2 2 2 2 2 2 2 2 2 2 2 2 2
left_child=-1 22 7 4 5 -4 -7 -3 9 10 11 -9 23 14 -14 -16 -15 -18 -19 -20 21 -6 -2 24 25 26 -11 -28 29 -10
right_child=1 2 3 -5 20 6 -8 8 28 12 -12 -13 13 16 15 -17 17 18 19 -21 -22 -23 -24 -25 -26 -27 27 -29 -30 -31
leaf_value=-0.0028976934460506324 0.0001116741953978553 0.073784804061281767 0.09570233991291266 0.0040433591500692451 2.5058765967686973 2.4654538600681684 0.40234327081461024 0.18409802180159002 2.242370597311095 0.20379411210740367 3.1019480547179192 -2.7769778990966572 -0.0510011891297402 0.17921132484845803 -1.9473056709175482 -0.50863117154753945 10.544753872264515 6.0364497269193329 -3.2794063093112067 3.5187793005596513 1.3549434039414354 8.7517501258850103 -0.2337165958036207 0.075588072774087967 -5.3367737923899012 -3.075619491454094 1.8126236402035536 0.42465798195661897 -0.055649916561133696 0.15752216294576629
leaf_weight=4117498 2639225 129689 36686 44855 126 273 11316 129 255 9536 92 418 40756 8773 580 2613 22 48 65 22 421 30 11020 61959 31 62 846 1806 201863 618
leaf_count=4117498 2639225 129689 36686 44855 126 273 11316 129 255 9536 92 418 40756 8773 580 2613 22 48 65 22 421 30 11020 61959 31 62 846 1806 201863 618
internal_value=0 0.0037237 0.0256587 0.107431 0.202359 0.180982 0.450944 0.00900742 -0.0164118 0.0402361 -1.33278 -2.07866 0.047138 -0.0487696 -0.103235 -0.769963 0.219284 2.45851 1.14075 -1.56032 1.99086 3.70701 -0.000860609 0.11545 0.316559 0.330866 0.348194 0.867425 -0.0521097 0.766499
internal_weight=0 3.20414e+06 553890 93707 48852 48275 11589 460183 330494 127758 639 547 127119 52879 43949 3193 8930 157 135 87 577 156 2.65024e+06 74240 12281 12250 12188 2652 202736 873
internal_count=7321633 3204135 553890 93707 48852 48275 11589 460183 330494 127758 639 547 127119 52879 43949 3193 8930 157 135 87 577 156 2650245 74240 12281 12250 12188 2652 202736 873
is_linear=0
shrinkage=0.1


Tree=169
num_leaves=31
num_cat=0
split_feature=26 14 14 21 8 15 15 18 25 14 3 0 5 21 12 15 16 11 16 0 7 0 0 0 14 8 16 7 15 0
split_gain=9360.51 47470.5 45918.3 93352.7 63895.1 53078.7 124691 53434.9 51800.8 51788.6 48428.4 59950.3 75886 75792.9 130096 70395.2 129241 118596 64008.5 181111 376566 199086 139222 63230.5 51137.1 46704 61584 44562.2 42312.6 42112.5
threshold=3.5950000000000002 24.155000000000005 80.085000000000022 10.487127586999657 2078.0000000000005 0.19777124183006539 0.19159958732855931 18.855000000000004 2.5000000000000004 68.795000000000016 6.0359343294595105 6.5000000000000009 1.0000000180025095e-35 25.921826227355329 78.065000000000012 1.6046656050955417 0.40250000000000008 11.453212068034558 84.570000000000007 3.5000000000000004 1619415.5000000002 2.5000000000000004 1.0000000180025095e-35 21.500000000000004 405.02000000000004 40.500000000000007 7.8575000000000008 46314.000000000007 0.26683696330848067 17.500000000000004
decision_type=2 2 2 2 2 2 2 2 2 2 2 2 2 2 2 2 2 2 2 2 2 2 2 2 2 2 2 2 2 2
left_child=-1 -2 4 -4 9 6 7 -5 27 -3 28 18 13 15 -15 16 -13 -17 24 21 -21 22 -20 -16 -12 26 -26 -7 -10 -14
right_child=1 2 3 5 -6 8 -8 -9 10 -11 11 12 29 14 23 17 -18 -19 19 20 -22 -23 -24 -25 25 -27 -28 -29 -30 -31
leaf_value=0.00069151960522600888 -0.17841439218788002 0.045772201871513124 -0.90221526024934762 0.65099389385659157 -0.082577089642649038 -1.6048299297690392 4.870235572882101 -4.0586762556662928 2.1127744840072085 0.24208971825172984 -0.14910805920534503 0.2181528357495382 -0.036179423773307094 -0.22569622618247034 0.65789803391464963 -0.59846752557449467 1.9675471596229657 0.10915129337481198 -3.0377293038368229 13.943972784473051 -1.0918091870016522 -6.9905890202522274 4.3578322039757458 -0.42560040669283944 0.75769789644650054 -0.56054456349455017 -5.0592902862108673 0.75244678724180869 0.14868249424726229 -0.27281401355656054
leaf_weight=7057649 17341 62008 1261 328 30235 86 72 26 111 17155 36148 20928 16326 16221 2798 2941 431 12167 40 31 36 35 70 667 28 2054 52 1188 9256 13944
leaf_count=7057649 17341 62008 1261 328 30235 86 72 26 111 17155 36148 20928 16326 16221 2798 2941 431 12167 40 31 36 35 70 667 28 2054 52 1188 9256 13944
internal_value=0 -0.0184879 -0.00724374 -0.0457663 0.0410846 -0.0378243 1.07666 0.305086 -0.0413266 0.0883151 -0.0473478 -0.0637925 -0.017558 0.0512416 -0.106883 0.136602 0.253454 -0.0285974 -0.167594 1.56522 5.86505 -0.421597 1.66854 0.449328 -0.17719 -0.652871 -3.02334 0.593321 0.171957 -0.145186
internal_weight=0 263984 246643 137245 109398 135984 426 354 135558 79163 134284 124917 86423 56153 19686 36467 21359 15108 38494 212 67 145 110 3465 38282 2134 80 1274 9367 30270
internal_count=7321633 263984 246643 137245 109398 135984 426 354 135558 79163 134284 124917 86423 56153 19686 36467 21359 15108 38494 212 67 145 110 3465 38282 2134 80 1274 9367 30270
is_linear=0
shrinkage=0.1


Tree=170
num_leaves=31
num_cat=0
split_feature=26 11 8 14 26 3 12 14 17 14 18 6 12 3 8 24 21 8 13 21 26 26 3 0 12 13 15 19 14 15
split_gain=8134.09 54550.9 60190.6 47892.8 136581 61722.4 50090.2 90770.9 65349.9 73137.1 63755.8 45731.1 54789.4 67708.9 85637.2 43325.6 44333.2 127937 47760.9 73007.1 43296.2 97778.8 43211.1 44082.6 42443.9 52441.8 41709.7 148472 180845 42372.8
threshold=5.535000000000001 33.912511961722494 2208.5000000000005 470.11500000000007 86.485000000000014 13.212222028800179 3.2750000000000004 108.26500000000001 0.12500000000000003 150.04000000000005 49.685000000000009 1.0000000180025095e-35 0.95250000000000012 11.155016356176537 5341.5000000000009 70.000000000000014 14.102594559223187 195.50000000000003 0.99500000000000011 12.066169858953876 9.7350000000000012 8.0650000000000031 14.006894853484365 11.500000000000002 6.4625000000000012 1.0050000000000001 2.2697546549835712 1.0000000180025095e-35 509.5750000000001 0.45365403753314187
decision_type=2 2 2 2 2 2 2 2 2 2 2 2 2 2 2 2 2 2 2 2 2 2 2 2 2 2 2 2 2 2
left_child=-1 3 15 6 5 11 8 -8 -2 -10 24 -5 -13 20 -15 -3 17 18 19 -17 21 -14 23 -7 25 -9 27 28 -18 -29
right_child=1 2 -4 4 -6 22 7 10 9 -11 -12 12 13 14 -16 16 26 -19 -20 -21 -22 -23 -24 -25 -26 -27 -28 29 -30 -31
leaf_value=0.00051052953936143693 -0.028798123095037029 -2.9800709137450099 3.0870765734630736 -1.1896751015574762 7.2244201400063268 -0.23117507934570314 -0.064718611133753601 -0.35504701816035578 0.20103411306266647 1.418416537658197 -2.4467060957126279 4.6553231085340183 -1.3280967517410005 0.20367073820187095 4.8335761939154729 -2.1671840372144202 1.9132330128477397 4.9734177451202832 0.93638816775770428 3.5794530190803386 -1.7180428888088088 5.5773505915855539 0.37877532111273871 -5.6878336203725723 -0.58644858657706711 1.2695847698121236 0.057461270392954802 -4.5603426098823547 10.48382805626968 0.13385944409157804
leaf_weight=7153800 105924 46 67 620 22 20 17948 631 2738 602 167 24 70 356 45 122 163 69 456 27 299 29 27 57 4657 290 31809 20 29 499
leaf_count=7153800 105924 46 67 620 22 20 17948 631 2738 602 167 24 70 356 45 122 163 69 456 27 299 29 27 57 4657 290 31809 20 29 499
internal_value=0 -0.0217611 0.092816 -0.050129 -0.599386 -0.710649 -0.0436473 -0.175458 -0.0150653 0.420455 -0.521418 -0.541075 -0.052458 -0.193868 0.723236 0.0867806 0.0910306 0.89378 0.428499 -1.12585 -1.11789 0.694711 -3.06349 -4.27052 -0.463777 0.156509 0.0743931 0.831895 3.20775 -0.0470347
internal_weight=0 167833 33307 134526 1569 1547 132957 23693 109264 3340 5745 1443 823 799 401 33240 33194 674 605 149 398 99 104 77 5578 921 32520 711 192 519
internal_count=7321633 167833 33307 134526 1569 1547 132957 23693 109264 3340 5745 1443 823 799 401 33240 33194 674 605 149 398 99 104 77 5578 921 32520 711 192 519
is_linear=0
shrinkage=0.1


Tree=171
num_leaves=31
num_cat=0
split_feature=10 12 5 18 8 1 20 18 13 8 2 8 0 15 2 12 8 0 0 0 1 3 3 1 1 2 8 17 0 6
split_gain=7525.37 34064.6 139296 247721 113251 91597.9 122517 100233 104817 87956.7 74699.8 132715 81440.3 55846.5 110409 104313 50709.9 42303.8 41462.6 63947.8 38299.1 37562 45084.6 49923.6 98527.4 34612.9 86500.4 32069.4 31157 52433.6
threshold=1.0000000180025095e-35 200.10000000000002 1.0000000180025095e-35 59.515000000000008 65.500000000000014 -24.499999999999996 1.0000000180025095e-35 25.605000000000004 58.57500000000001 95.500000000000014 26.500000000000004 65.500000000000014 18.500000000000004 6.8370836019772199 26.500000000000004 327.12750000000005 5.5000000000000009 15.500000000000002 3.5000000000000004 9.5000000000000018 -22.499999999999996 8.9634802916982341 12.462637306623852 -21.499999999999996 -22.499999999999996 26.500000000000004 60.500000000000007 0.065000000000000016 6.5000000000000009 1.0000000180025095e-35
decision_type=2 2 2 2 2 2 2 2 2 2 2 2 2 2 2 2 2 2 2 2 2 2 2 2 2 2 2 2 2 2
left_child=1 -1 5 9 -5 6 17 8 -7 16 12 -12 21 -8 15 -15 -4 25 -13 -20 -6 -9 -23 24 -24 26 -3 -22 -2 -30
right_child=28 2 3 4 20 7 13 10 -10 -11 11 18 -14 14 -16 -17 -18 -19 19 -21 27 22 23 -25 -26 -27 -28 -29 29 -31
leaf_value=-0.0023777564234048428 -0.0089020248837467873 -0.9818302817642689 1.040065622329712 5.2368855434656147 -1.2766313376847436 -1.7877260163426401 0.92999993461673547 -2.9617590416561477 4.7377698972821234 -8.1043038866736676 -9.2158302050370438 -5.749497810277072 4.7022391803562646 2.7455490464255927 1.7979188333123419 11.934884467770658 -3.758376660669172 -1.5706105616326644 2.5645747967668484 -2.0741915353876079 4.3093348869910608 3.1343359515473654 -1.1960473991575695 -4.0604196841376163 6.613762998580933 -0.27233600335174735 6.2619731103672702 -0.56793656593986919 0.0067692299901740199 0.065660199231440133
leaf_weight=4497432 1120462 32 25 40 170 40 59 55 64 44 26 22 32 21 59 30 185 107 37 151 26 37 84 35 20 89 34 28 1534477 167710
leaf_count=4497432 1120462 32 25 40 170 40 59 55 64 44 26 22 32 21 59 30 185 107 37 151 26 37 84 35 20 89 34 28 1534477 167710
internal_value=0 -0.0025394 -0.470954 -1.80946 0.335563 0.199591 1.31287 -0.596133 2.22796 -4.03893 -1.18472 -2.47633 -0.0257113 3.41213 4.74346 8.15104 -3.18713 -0.0412394 -1.64192 -1.16124 -0.539673 -0.680665 0.0321762 -0.793578 0.305839 1.01452 2.74983 1.78038 0.00404752 0.0125715
internal_weight=0 4.49898e+06 1552 518 264 1034 431 603 104 254 499 236 263 169 110 51 210 262 210 188 224 231 176 139 104 155 66 54 2.82265e+06 1.70219e+06
internal_count=7321633 4498984 1552 518 264 1034 431 603 104 254 499 236 263 169 110 51 210 262 210 188 224 231 176 139 104 155 66 54 2822649 1702187
is_linear=0
shrinkage=0.1


Tree=172
num_leaves=31
num_cat=0
split_feature=0 12 14 1 18 12 13 0 13 3 1 12 1 26 1 18 2 13 21 21 8 13 6 21 18 13 8 18 18 3
split_gain=8488.71 38944 29344.3 27058.5 96093.7 81504.7 66364.3 49161.5 41811 33528 54460.9 47389.3 70331.6 98218.1 68237.6 69400.3 116430 54549 54460.2 50479 46792.7 47340.5 80787.7 43094.7 38090.2 33480.4 33185 33112.6 32251.5 31669.3
threshold=18.500000000000004 110.17000000000002 192.90000000000001 -21.499999999999996 93.940000000000012 327.12750000000005 42.675000000000004 21.500000000000004 29.075000000000006 10.943537562934328 -26.499999999999996 200.10000000000002 -22.499999999999996 17.025000000000002 -25.499999999999996 183.14000000000001 26.500000000000004 81.300000000000011 32.102631101271896 32.102631101271896 50.500000000000007 100.53500000000001 1.0000000180025095e-35 32.102631101271896 29.790000000000003 2.7550000000000003 156.50000000000003 147.99500000000003 83.420000000000016 12.593775947739127
decision_type=2 2 2 2 2 2 2 2 2 2 2 2 2 2 2 2 2 2 2 2 2 2 2 2 2 2 2 2 2 2
left_child=-1 -2 -3 9 5 6 8 27 28 10 23 17 14 18 29 20 -17 25 26 -15 -16 22 -22 -4 -23 -11 -14 -6 -5 -13
right_child=1 2 3 4 7 -7 -8 -9 -10 11 -12 12 13 19 15 16 -18 -19 -20 -21 21 24 -24 -25 -26 -27 -28 -29 -30 -31
leaf_value=0.0018795053819155383 -0.0053822518918771618 -1.1270453420254596 1.0391715063713491 -0.5697573842721827 0.8223855115749219 -6.2553796201138887 0.3770982324868552 -0.43395345697940241 -5.2148376146952309 0.40288029465816105 0.066642398623146457 -2.7758407970920942 -4.0265104661116728 -2.270364517904818 -0.31567547069474439 2.7052003043748085 -3.5878040702975529 0.98184300727137419 -6.5927243709564216 4.671138234571977 -0.25073717061211082 4.389778888225556 5.9288645446300512 4.8184946163134148 0.063872162747516559 -0.66660651709008922 0.87787749912928459 5.513111124319189 -4.0742595258511995 -0.89100070991905067
leaf_weight=5611795 1705208 389 96 85 27 37 134 71 45 451 701 122 37 20 192 42 98 456 54 22 34 24 56 44 134 834 22 34 38 331
leaf_count=5611795 1705208 389 96 85 27 37 134 71 45 451 701 122 37 20 192 42 98 456 54 22 34 24 56 44 134 834 22 34 38 331
internal_value=0 -0.00616865 -0.295797 -0.219552 -0.934177 -1.82548 -1.28274 1.35484 -2.60666 -0.130271 0.426267 -0.290069 -0.777005 -2.76334 -0.478959 0.239326 -1.6999 0.0421996 -4.29801 1.36566 0.856353 1.76373 3.59435 2.22696 0.720972 -0.291246 -2.19776 3.43689 -1.65245 -1.39862
internal_weight=0 1.70984e+06 4630 4241 471 339 302 132 168 3770 841 2929 1188 155 1033 580 140 1741 113 42 440 248 90 140 158 1285 59 61 123 453
internal_count=7321633 1709838 4630 4241 471 339 302 132 168 3770 841 2929 1188 155 1033 580 140 1741 113 42 440 248 90 140 158 1285 59 61 123 453
is_linear=0
shrinkage=0.1


Tree=173
num_leaves=31
num_cat=0
split_feature=15 26 8 11 26 25 15 6 14 18 18 14 12 14 8 12 14 3 15 26 14 26 8 26 12 18 2 3 8 3
split_gain=8331.92 45007.9 36614.4 38240.5 76241.6 41211.5 36042.5 49792.8 163527 84297.5 136652 60908.8 47924.3 37886.2 48598.3 36747.4 39610.9 103019 43424.6 35764.4 34508.8 57975.4 33217 162699 33192.7 29264 79468.5 52659.4 33062.4 46554.9
threshold=0.45365403753314187 0.39500000000000007 4432.0000000000009 2.1207366268920831 1.5350000000000004 3.5000000000000004 0.3276043962891706 1.0000000180025095e-35 119.08500000000002 11.595000000000001 8.8650000000000002 184.94000000000003 0.40250000000000008 200.01000000000002 782.50000000000011 1.1125000000000005 248.75000000000003 17.915118766182598 0.41459200558213721 4.5550000000000006 405.02000000000004 4.2650000000000006 4350.5000000000009 2.2550000000000003 1.4825000000000002 11.285000000000002 26.500000000000004 9.2870318684664586 2851.0000000000005 7.6179452201358808
decision_type=2 2 2 2 2 2 2 2 2 2 2 2 2 2 2 2 2 2 2 2 2 2 2 2 2 2 2 2 2 2
left_child=1 -1 3 22 -5 20 7 13 -9 10 12 -12 -10 -7 -15 25 -17 18 19 -18 -6 -22 -3 -24 -11 -8 27 -27 -28 -30
right_child=-2 2 -4 4 5 6 15 8 9 24 11 -13 -14 14 -16 16 17 -19 -20 -21 21 -23 23 -25 -26 26 28 -29 29 -31
leaf_value=-0.00063765855963581917 -0.004903634294379098 0.026406864957952376 -0.018843627087106359 0.032614129799865409 0.033080820509734744 0.24710618751151944 0.18128836495310724 0.35828923469170265 3.286940178530557 -0.015037158089797491 1.5421202791554314 4.5271059043532196 0.36258971444380828 1.7960659064892412 -1.0544791205097528 0.020099543583430871 0.19197714718020695 2.7738624331563018 -5.6596087088951705 -3.6485683898131054 1.5128972315788269 -5.4856205331868146 0.18814787241770625 5.9255727197442738 1.6498547840901097 2.2029215663957684 0.50333283716413513 0.70615629807434266 2.0023060690105701 -0.51772605407732142
leaf_weight=4531746 2351955 240425 104107 57582 7756 3198 7748 6109 70 303 93 258 281 69 449 5259 49 43 39 48 20 29 421 56 198 384 1479 606 81 772
leaf_count=4531746 2351955 240425 104107 57582 7756 3198 7748 6109 70 303 93 258 281 69 449 5259 49 43 39 48 20 29 421 56 198 384 1479 606 81 772
internal_value=0 0.0023207 0.032934 0.0490814 0.103577 0.219198 0.27669 0.416667 0.568147 1.63383 2.341 3.73621 0.945794 0.118599 -0.674773 0.18318 -0.0296928 -1.49259 -2.84154 -1.7085 0.0163677 -2.62908 0.0280608 0.861724 0.642944 0.287751 0.536058 1.28672 0.217381 -0.278426
internal_weight=0 4.96968e+06 437932 333825 92923 35341 27536 11028 7312 1203 702 351 351 3716 518 16508 5438 179 136 97 7805 49 240902 477 501 11070 3322 990 2332 853
internal_count=7321633 4969678 437932 333825 92923 35341 27536 11028 7312 1203 702 351 351 3716 518 16508 5438 179 136 97 7805 49 240902 477 501 11070 3322 990 2332 853
is_linear=0
shrinkage=0.1


Tree=174
num_leaves=31
num_cat=0
split_feature=26 11 21 14 12 26 14 12 14 15 25 14 3 14 16 15 13 16 11 14 8 8 18 14 18 12 0 25 14 13
split_gain=8776.18 42648.7 55597.3 44288.4 40403.3 39657.1 40188.4 37291.1 49791.8 30030.3 60564 52539.3 51169.3 45636.8 38059.3 112851 79657.2 67023.3 63275.3 72053.3 104436 74951.5 64086.8 63245.3 66689.9 57445 60319.2 55910.5 64474.5 107872
threshold=3.5950000000000002 3.2108046420741592 1.3501941123596497 150.04000000000005 0.077500000000000027 53.555000000000007 216.98500000000004 110.17000000000002 366.89500000000004 0.45365403753314187 3.5000000000000004 276.74500000000006 16.929430331131382 405.02000000000004 0.077500000000000027 1.2042180817180819 128.35500000000005 0.21750000000000005 21.984252873563221 121.16500000000002 1775.5000000000002 1720.5000000000002 8.3250000000000011 196.70000000000002 5.3350000000000009 0.81250000000000011 18.500000000000004 3.5000000000000004 300.30000000000007 0.94500000000000006
decision_type=2 2 2 2 2 2 2 2 2 2 2 2 2 2 2 2 2 2 2 2 2 2 2 2 2 2 2 2 2 2
left_child=-1 5 3 -3 -4 6 -2 8 -5 10 13 -12 -13 -6 16 17 18 -16 19 -11 21 22 -21 -19 -25 -26 -27 -20 -29 -30
right_child=1 2 4 7 9 -7 -8 -9 -10 14 11 12 -14 -15 15 -17 -18 23 27 20 -22 -23 -24 24 25 26 -28 28 29 -31
leaf_value=0.00066958776236021198 -0.075825408097889693 -0.14008535380785667 0.5411187510436728 -1.4649412204701127 -0.18647474760952454 4.1602273488586601 -0.64287648244533413 1.6537864786205869 -5.3341371690904777 0.0086541338011673977 0.43929488101885061 -1.5078127680654112 3.0939615090688068 -3.8261286480086194 0.11673232582298235 -0.0066086331879116672 -2.3058674173453189 0.41396598419287245 0.03091749299140541 -2.2509666656184457 -0.021662896223224318 -3.1327581588584597 -0.37128229890811865 -2.5705695550616197 0.67864787433544793 3.1387898253061537 0.35631581921622441 1.0861484696444343 -0.31278135572188115 2.1364739531278611
leaf_weight=7057649 68717 480 1421 329 2194 22 1273 33 37 30014 5364 230 27 35 9615 102332 158 5283 6575 184 13398 101 12757 41 375 294 106 1275 1099 215
leaf_count=7057649 68717 480 1421 329 2194 22 1273 33 37 30014 5364 230 27 35 9615 102332 158 5283 6575 184 13398 101 12757 41 375 294 106 1275 1099 215
internal_value=0 -0.0179015 0.00624645 -0.787252 0.00985862 -0.0848048 -0.0861391 -1.5658 -1.85609 0.00592001 0.197462 0.372375 -1.02436 -0.243625 -0.00225967 0.031706 -0.0632167 0.281217 -0.0578166 -0.0973807 -0.217749 -0.419187 -0.398008 0.540524 1.35989 1.56783 2.40143 0.185914 0.579542 0.087972
internal_weight=0 263984 193972 879 193093 70012 69990 399 366 191672 7850 5621 257 2229 183822 118046 65776 15714 65618 56454 26440 13042 12941 6099 816 775 400 9164 2589 1314
internal_count=7321633 263984 193972 879 193093 70012 69990 399 366 191672 7850 5621 257 2229 183822 118046 65776 15714 65618 56454 26440 13042 12941 6099 816 775 400 9164 2589 1314
is_linear=0
shrinkage=0.1


Tree=175
num_leaves=31
num_cat=0
split_feature=26 12 18 12 13 14 8 7 14 1 14 18 11 3 0 11 13 17 21 8 0 14 13 17 3 14 16 1 14 21
split_gain=7533.75 48389 50676.8 46033.8 75698.7 70977.7 57485.2 74419.3 69032.4 71393.9 78264.2 56292.7 81047.2 52599.9 50709.7 75489.6 45285.9 43492.3 43248.1 99773.6 83535 76862.8 63837.9 54203.5 48368 63234.4 52913.9 43173 324157 49773.8
threshold=5.535000000000001 45.030000000000008 44.240000000000009 5.370000000000001 0.97500000000000009 119.96000000000002 753.50000000000011 1919260.5000000002 206.62500000000003 -21.499999999999996 509.5750000000001 115.04000000000001 56.445755494505498 13.593543554312401 7.5000000000000009 24.628928571428577 1.1050000000000002 0.12500000000000003 31.281939121279969 156.50000000000003 10.500000000000002 751.73500000000013 19.365000000000006 0.29500000000000004 8.0806058938098086 509.5750000000001 62.100000000000009 -21.499999999999996 751.73500000000013 25.921826227355329
decision_type=2 2 2 2 2 2 2 2 2 2 2 2 2 2 2 2 2 2 2 2 2 2 2 2 2 2 2 2 2 2
left_child=-1 3 -3 4 17 -5 7 11 -9 10 -10 12 -6 -13 15 -11 -14 -2 24 20 23 -22 -21 -20 25 -4 -27 -26 29 -29
right_child=1 2 18 5 6 -7 -8 8 9 14 -12 13 16 -15 -16 -17 -18 -19 19 22 21 -23 -24 -25 27 26 -28 28 -30 -31
leaf_value=0.00049132852531078746 -0.042387278899204073 0.23175356300040451 0.44559942741343017 -0.055863328192551388 0.15047050403206397 -0.39730752799245295 -1.3037597242456218 0.57140943857905824 1.8940377949047666 2.963740238936051 -3.5237219256573713 -3.3316877648943946 5.7663295057084829 1.3301189675050624 1.6071341646128687 11.157334078441968 1.5116750006268664 0.35121551544957597 -2.2700176837238653 2.610000379302285 -0.67472840337760331 2.3763192717065205 0.045570650682322342 0.40334682639144115 0.030640624101297472 7.8387756299972544 1.8604730869594375 0.32436262610135602 -12.8217068715529 -1.7770639367572878
leaf_weight=7153800 106978 14001 1063 21682 3990 8465 208 1225 331 23 29 84 36 34 29 22 82 2883 513 110 679 94 826 89 3764 20 57 320 22 174
leaf_count=7153800 106978 14001 1063 21682 3990 8465 208 1225 331 23 29 84 36 34 29 22 82 2883 513 110 679 94 826 89 3764 20 57 320 22 174
internal_value=0 -0.0209426 0.11828 -0.0416516 -0.0130302 -0.151738 0.330059 0.387805 0.955364 2.03911 1.45761 0.164999 0.226856 -1.98846 4.86803 6.9695 2.80971 -0.0320583 -0.0872217 -0.449436 -0.991555 -0.303708 0.346946 -1.87479 0.0672205 0.646048 3.41328 -0.0869531 -0.944749 -0.415816
internal_weight=0 167833 21732 146101 115954 30147 6093 5885 1659 434 360 4226 4108 118 74 45 118 109861 7731 2311 1375 773 936 602 5420 1140 77 4280 516 494
internal_count=7321633 167833 21732 146101 115954 30147 6093 5885 1659 434 360 4226 4108 118 74 45 118 109861 7731 2311 1375 773 936 602 5420 1140 77 4280 516 494
is_linear=0
shrinkage=0.1


Tree=176
num_leaves=31
num_cat=0
split_feature=2 13 18 14 7 26 5 7 8 16 8 13 14 3 0 5 8 0 3 26 18 12 21 14 1 12 16 21 12 21
split_gain=7446.13 38716.6 66913 84999.8 57687.8 51362.6 47607.8 39021.2 51313 38854 47675.5 37555.3 52264.9 33973.4 31579.8 31479.9 30545.6 33735.8 46498 32156.4 31659.3 44880.5 28236.3 53803.6 106172 185564 115316 181730 114491 182287
threshold=27.500000000000004 128.35500000000005 93.940000000000012 751.73500000000013 1020841.5000000001 53.555000000000007 1.0000000180025095e-35 1919260.5000000002 50.500000000000007 10.050000000000002 258.50000000000006 92.625000000000014 366.89500000000004 3.2436894560357681 19.500000000000004 1.0000000180025095e-35 148.50000000000003 16.500000000000004 17.915118766182598 8.8050000000000015 40.985000000000007 327.12750000000005 13.490306365337085 230.54500000000004 -25.499999999999996 0.12250000000000001 7.3375000000000012 32.102631101271896 327.12750000000005 25.921826227355329
decision_type=2 2 2 2 2 2 2 2 2 2 2 2 2 2 2 2 2 2 2 2 2 2 2 2 2 2 2 2 2 2
left_child=-1 9 6 4 15 -5 13 -8 -9 22 11 -11 -13 -3 -6 -4 17 20 -19 -18 21 -15 -2 -24 26 -26 28 -28 -25 -30
right_child=1 2 3 5 14 -7 7 8 -10 10 -12 12 -14 16 -16 -17 19 18 -20 -21 -22 -23 23 24 25 -27 27 -29 29 -31
leaf_value=0.0014139747813332357 0.00037824752832726942 -4.5334432308490467 1.8565249610365484 8.3778992661723386 0.84450080924563942 1.8686885855414652 -0.13275811675559268 0.41855535984039305 6.4881607284912697 -0.10064207061577446 -1.2619266573302357 -0.52459153347328058 -5.6811792500060179 0.56108198046684266 -1.8495715908846766 5.7757394626736644 -4.4523735278361549 -4.6002039783423951 1.0761368234952291 0.52448690116405483 -0.97004243731498718 6.2700034277779721 -0.028984295735682421 -0.16056117900557021 -9.5055656353632614 -0.67889919672219268 0.66231380099212966 7.7662948227943263 -1.1167074610789618 9.0182445689610073
leaf_weight=6118750 983669 26 57 27 243 22 89 30 26 2127 505 61 29 40 53 32 37 31 27 20 45 21 206386 5849 24 3135 154 47 36 35
leaf_count=6118750 983669 26 57 27 243 22 89 30 26 2127 505 61 29 40 53 32 37 31 27 20 45 21 206386 5849 24 3135 154 47 36 35
internal_value=0 -0.00719252 0.677207 1.5326 1.03333 5.4554 -0.26983 1.16851 3.23659 -0.00766281 -0.385045 -0.185304 -2.18616 -1.1142 0.362116 3.26568 -0.711933 -0.0188365 -1.95777 -2.70611 1.04209 2.52645 -0.0068063 -0.0395756 -0.275125 -0.745958 -0.0321309 2.32344 -0.112109 3.8794
internal_weight=0 1.20288e+06 826 434 385 49 392 145 56 1.20206e+06 2722 2217 90 247 296 89 221 164 58 57 106 61 1.19934e+06 215666 9280 3159 6121 201 5920 71
internal_count=7321633 1202883 826 434 385 49 392 145 56 1202057 2722 2217 90 247 296 89 221 164 58 57 106 61 1199335 215666 9280 3159 6121 201 5920 71
is_linear=0
shrinkage=0.1


Tree=177
num_leaves=31
num_cat=0
split_feature=12 13 24 21 14 8 14 12 12 3 11 0 3 2 26 1 0 15 20 26 5 13 16 16 12 13 5 14 12 26
split_gain=7735.89 24201.1 38868.1 40334 127248 218571 68051.1 79605.6 74757.4 65377.4 58981 55278.9 172563 263221 71905 77407.2 67666.4 93929.5 66838.9 61713.5 49972 49510.7 66370 63459.4 47832.7 47002.1 41060.7 36817.5 106413 36728.9
threshold=10.890000000000002 4.6400000000000015 400.00000000000006 23.266330780877443 260.97500000000008 359.50000000000006 260.97500000000008 78.065000000000012 141.31500000000003 5.8962438864673512 97.595652173913066 5.5000000000000009 11.755687085502389 26.500000000000004 1.9350000000000003 -26.499999999999996 20.500000000000004 0.69845105355575077 1.0000000180025095e-35 7.6550000000000011 1.0000000180025095e-35 1.5450000000000002 0.027500000000000004 0.37250000000000005 171.39000000000001 0.74500000000000011 1.0000000180025095e-35 248.75000000000003 62.007500000000007 19.960000000000004
decision_type=2 2 2 2 2 2 2 2 2 2 2 2 2 2 2 2 2 2 2 2 2 2 2 2 2 2 2 2 2 2
left_child=-1 2 -2 4 10 9 -5 -8 -9 -6 27 12 14 -14 15 -10 17 18 -13 -16 -12 23 -23 -11 -17 -19 -21 -4 -29 -18
right_child=1 -3 3 6 5 -7 7 8 11 21 20 16 13 -15 19 24 29 25 -20 26 -22 22 -24 -25 -26 -27 -28 28 -30 -31
leaf_value=-0.00049325114580159237 -0.1245270942881235 -0.0048767580325581178 0.20535092411150502 0.098510118285053239 3.7914312839508058 4.7846891103046287 -1.3751423082445096 2.6739901477875918 -8.7987095928192129 1.9636450340718399 1.5141423217103451 -0.18458895890609078 11.063595937038292 -2.1906742019038048 2.6172241888794243 -4.2446846309461099 -2.0004896258596672 -1.8994379377946622 6.4177285341464954 -1.5526782114081588 -1.1945735870464611 -2.5720811685506741 1.3889867569142846 -1.2586301358109977 -1.0536641045556807 0.64645991927306912 1.1011366642696758 7.9175134142239889 -0.18319286799430848 0.30975222075934961
leaf_weight=7156834 8083 112038 10088 30266 65 154 670 92 20 81 79 23 29 31 51 76 176 82 46 326 494 46 526 249 123 627 71 24 50 113
leaf_count=7156834 8083 112038 10088 30266 65 154 670 92 20 81 79 23 29 31 51 76 176 82 46 326 494 46 526 249 123 627 71 24 50 113
internal_value=0 0.0214207 0.0772635 0.113771 0.27186 1.28567 0.0566656 -0.438821 -0.106194 0.728429 0.165993 -0.248768 -0.921254 4.21556 -1.38334 -2.86836 0.20943 0.69479 4.21696 -0.657397 -0.821121 0.507702 1.07044 -0.467708 -2.27235 0.352012 -1.07807 0.221653 2.44406 -1.09718
internal_weight=0 164799 52761 44678 11856 1121 32822 2556 1886 967 10735 1794 727 60 667 219 1067 778 69 448 573 902 572 330 199 709 397 10162 74 289
internal_count=7321633 164799 52761 44678 11856 1121 32822 2556 1886 967 10735 1794 727 60 667 219 1067 778 69 448 573 902 572 330 199 709 397 10162 74 289
is_linear=0
shrinkage=0.1


Tree=178
num_leaves=31
num_cat=0
split_feature=18 21 0 0 3 14 15 18 7 14 12 12 2 8 8 16 0 26 18 21 14 26 12 15 14 3 18 0 15 13
split_gain=7357.87 28290.8 61783 78999.5 56906.8 83421 104003 145782 67968.3 65481.6 57011.7 96363.4 56830.8 85033.2 169918 66585.9 177012 427600 126232 51965.8 106992 122408 93916.2 81874.7 58478.3 192825 55339.4 82777.6 52821.2 62088.2
threshold=9.4850000000000012 10.487127586999657 21.500000000000004 6.5000000000000009 5.8962438864673512 210.87500000000003 1.0254262484951007 59.515000000000008 15585.500000000002 120.23500000000001 0.72250000000000003 0.67250000000000021 27.500000000000004 6682.5000000000009 6832.0000000000009 62.100000000000009 3.5000000000000004 86.485000000000014 147.99500000000003 16.460509296098724 143.31500000000003 0.78500000000000014 0.71250000000000013 1.0931921487603307 541.41500000000008 11.155016356176537 70.430000000000021 9.5000000000000018 0.81965186257664435 0.92500000000000016
decision_type=2 2 2 2 2 2 2 2 2 2 2 2 2 2 2 2 2 2 2 2 2 2 2 2 2 2 2 2 2 2
left_child=-1 -2 3 4 5 -3 7 -7 -8 -6 11 -11 15 -14 -15 -12 18 -18 -17 20 -5 22 23 -22 26 -26 28 -28 29 -24
right_child=1 2 -4 19 9 6 8 -9 -10 10 12 -13 13 14 -16 16 17 -19 -20 -21 21 -23 24 -25 25 -27 27 -29 -30 -31
leaf_value=-0.002796473471958643 -0.00070209329355556266 0.060190440016013806 -0.074332004325709328 0.062688434057335124 0.014823644811558432 2.0315835965291269 3.1372411813265013 -3.5083975735832666 0.18846876571942497 0.05565619754613127 -0.10538421396999645 1.7080447228746896 -0.43381305357540151 3.5963704722623029 0.0071568368621381844 -7.7919987750053412 17.665086223965599 1.0114617522484783 0.72072313668551269 0.026657753334831349 1.6218984923262507 0.1813631819463796 0.54133649445889709 7.162458915369851 -1.2931880248255201 8.3136958122253422 5.6161848716437817 1.1003483513547214 -0.018025365219498917 2.2212214945008362
leaf_weight=4117498 2650245 19506 57134 112403 110556 692 81 51 2235 8618 45209 368 10635 150 1093 20 21 58 135 149841 562 29489 2642 28 45 39 48 263 1728 240
leaf_count=4117498 2650245 19506 57134 112403 110556 692 81 51 2235 8618 45209 368 10635 150 1093 20 21 58 135 149841 562 29489 2642 28 45 39 48 263 1728 240
internal_value=0 0.00359363 0.0241477 0.0354743 -0.0132186 0.136333 0.621861 1.65132 0.291599 -0.032299 -0.110868 0.123326 -0.147582 -0.342341 0.440288 -0.0966755 1.58585 5.43837 -0.377693 0.0681343 0.110273 0.262725 0.69155 1.88484 0.550882 3.16715 0.506223 1.79733 0.419123 0.68123
internal_weight=0 3.20414e+06 553890 496756 199428 22565 3059 743 2316 176863 66307 8986 57321 11878 1243 45443 234 79 155 297328 147487 35084 5595 590 5005 84 4921 311 4610 2882
internal_count=7321633 3204135 553890 496756 199428 22565 3059 743 2316 176863 66307 8986 57321 11878 1243 45443 234 79 155 297328 147487 35084 5595 590 5005 84 4921 311 4610 2882
is_linear=0
shrinkage=0.1


Tree=179
num_leaves=31
num_cat=0
split_feature=26 14 21 14 3 11 1 8 7 3 14 1 2 1 7 7 14 21 26 2 1 1 26 0 15 15 14 8 17 14
split_gain=7829.29 43470 27891 59396.8 93312.9 61199.4 84370.7 51063.7 42764.1 29089.3 44487.9 47619.5 72294.4 42933.6 27977.4 37850.6 27615 39802.8 39302.9 33920.1 57341.1 27019.8 42884.9 76781 34230.1 25313.2 37476.2 54477.9 25212.1 38426.9
threshold=10.205000000000002 38.935000000000009 14.222470423884381 541.41500000000008 7.0835724366271542 24.628928571428577 -24.499999999999996 8551.5000000000018 1619415.5000000002 3.2436894560357681 366.89500000000004 -26.499999999999996 26.500000000000004 -24.499999999999996 24384.000000000004 30268.000000000004 199.94500000000002 23.266330780877443 19.960000000000004 26.500000000000004 -23.499999999999996 -23.499999999999996 33.435000000000009 18.500000000000004 1.9107239583333335 2.4855725623582772 206.62500000000003 270.50000000000006 0.075000000000000025 209.56500000000003
decision_type=2 2 2 2 2 2 2 2 2 2 2 2 2 2 2 2 2 2 2 2 2 2 2 2 2 2 2 2 2 2
left_child=-1 -2 3 7 -5 -6 -7 8 -3 10 25 -12 -13 -14 16 -16 -11 21 -19 20 -20 22 24 -24 -18 26 -4 -28 -10 -30
right_child=1 2 9 4 5 6 -8 -9 28 14 11 12 13 -15 15 -17 17 18 19 -21 -22 -23 23 -25 -26 -27 27 -29 29 -31
leaf_value=0.00033058223736290564 -0.31967401564660891 -0.33847475446769848 0.33271047462695752 -8.4298657262325296 -2.5467650567585571 -2.3192690858474143 5.8169800443649295 -1.5099952999389961 0.04766415920529956 0.046017693658120834 6.3081610366702083 5.0881088826556997 -4.1661333580811819 1.755218662261963 1.0334615912420924 0.0075948161397316905 -0.52858867530739462 -0.52990566633991931 0.53909332643855701 0.12328409300996113 6.3931082566579187 -2.1179099754443 6.3819123138080949 -2.071655223766963 -3.0417335962745504 0.018433795082593376 3.2970835727194081 -0.5294386434555054 0.50039061755496295 3.3976326375637416
leaf_weight=7247564 4916 3800 483 20 106 26 25 265 3598 1269 24 30 24 25 362 55607 229 847 44 154 27 221 22 21 71 1294 115 55 336 53
leaf_count=7247564 4916 3800 483 20 106 26 25 265 3598 1269 24 30 24 25 362 55607 229 847 44 154 27 221 22 21 71 1294 115 55 336 53
internal_value=0 -0.0323471 -0.0119214 -0.184723 -1.99678 -1.17728 1.66909 -0.14489 -0.0984336 0.0114189 0.381722 2.40711 1.22198 -1.14504 -0.00147513 0.01423 -0.304057 -0.5756 -0.217827 0.956977 2.76527 -1.25562 -0.700037 2.25343 -1.12337 0.274575 0.782151 2.05909 0.130349 0.895131
internal_weight=0 74069 69153 8229 177 157 51 8052 7787 60924 2050 103 79 49 58874 55969 2905 1636 1072 225 71 564 343 43 300 1947 653 170 3987 389
internal_count=7321633 74069 69153 8229 177 157 51 8052 7787 60924 2050 103 79 49 58874 55969 2905 1636 1072 225 71 564 343 43 300 1947 653 170 3987 389
is_linear=0
shrinkage=0.1


Tree=180
num_leaves=31
num_cat=0
split_feature=3 21 14 2 1 18 21 5 0 16 3 26 12 14 21 15 15 0 14 8 14 21 13 18 11 17 3 0 18 8
split_gain=7438.15 41647.5 76836.5 70457.2 217824 209704 58076.5 122500 90757 49472.6 43352.7 40890 31558.9 26019.9 64491.4 60238.1 66023.9 76782.6 56856.6 48835.2 63239.4 43766.3 32825.4 32608.4 28752.1 26467.2 23448.2 43080.6 22999.1 27079.7
threshold=18.96254208754209 10.487127586999657 325.42000000000002 27.500000000000004 -25.499999999999996 115.04000000000001 20.361829940509359 1.0000000180025095e-35 22.500000000000004 0.097500000000000017 20.462856458183563 3.2650000000000001 2.9125000000000005 97.145000000000024 13.490306365337085 0.46899596309111885 0.20412828025087529 16.500000000000004 139.87500000000003 116.50000000000001 147.21000000000001 25.921826227355329 0.83500000000000008 22.720000000000002 8.18688307854835 0.045000000000000005 19.685670179921221 20.500000000000004 115.04000000000001 36.500000000000007
decision_type=2 2 2 2 2 2 2 2 2 2 2 2 2 2 2 2 2 2 2 2 2 2 2 2 2 2 2 2 2 2
left_child=-1 -2 13 5 11 6 9 8 10 12 -8 -5 -4 -3 19 16 -16 25 -19 24 23 26 -22 -21 -15 -18 -20 -28 -17 -30
right_child=1 2 3 4 -6 -7 7 -9 -10 -11 -12 -13 -14 14 15 28 17 18 21 20 22 -23 -24 -25 -26 -27 27 -29 29 -31
leaf_value=-0.00056246367590038007 -0.0028559894755776465 0.061623853530274532 -0.24727429491587177 5.958841205835343 -8.8199439849853523 11.058382976531982 0.60449887321841334 -7.1798082876205447 -2.3502180679159803 6.5832167736689247 5.5346910608666287 0.46514444805326915 3.5316229408862547 4.1059807862875592 0.21904221833483573 0.012350991123968039 0.71163480939536261 1.2297030527210027 0.53522325413567684 0.63155598285849457 -1.3200167147308282 7.458726968084064 2.4014855764530325 2.5904919695469641 1.5837849990024873 -3.5249956321716311 7.0440359181371237 2.4304329677081822 1.0296851482391358 -2.9396310667558154
leaf_weight=7100516 179433 35014 39 20 25 25 31 20 43 30 42 42 51 53 652 4213 29 171 28 270 194 28 27 124 307 30 29 67 25 55
leaf_count=7100516 179433 35014 39 20 25 25 31 20 43 30 42 42 51 53 652 4213 29 171 28 270 194 28 27 124 307 30 29 67 25 55
internal_value=0 0.0180619 0.108105 1.54669 -0.940066 2.31661 1.46292 0.0480952 1.29429 3.06638 3.44105 2.2373 1.8941 0.0952914 0.282349 0.14549 0.830686 1.87464 2.48058 1.03009 0.488615 3.88781 -0.865354 1.24807 1.95511 -1.44258 3.08147 3.82413 -0.0195441 -1.69922
internal_weight=0 221117 41684 368 87 281 256 136 116 120 73 62 90 41316 6302 5327 1034 382 323 975 615 152 221 394 360 59 124 96 4293 80
internal_count=7321633 221117 41684 368 87 281 256 136 116 120 73 62 90 41316 6302 5327 1034 382 323 975 615 152 221 394 360 59 124 96 4293 80
is_linear=0
shrinkage=0.1


Tree=181
num_leaves=31
num_cat=0
split_feature=14 26 6 12 11 8 15 12 21 15 18 11 16 16 8 15 18 18 2 23 14 12 15 14 15 16 13 13 14 18
split_gain=7363.54 52506.4 22606.8 63556.7 119685 104983 84209.5 163093 82192.2 133434 138314 116289 112664 86245.4 81838.1 72456.1 103329 71261.8 63721.4 56914.6 80349.7 71865.7 56138.6 123990 110093 62555.4 75654.6 54268.7 86996.2 76299.7
threshold=50.005000000000003 11.495000000000003 1.0000000180025095e-35 1.2425000000000004 2.5694350337110525 8551.5000000000018 0.20906625020549072 1.2375 25.921826227355329 0.68251671239439082 8.5050000000000008 7.2922110575007748 0.33250000000000007 0.21750000000000005 5341.5000000000009 1.6046656050955417 115.04000000000001 147.99500000000003 27.500000000000004 400.00000000000006 541.41500000000008 327.12750000000005 0.30460805517894424 119.08500000000002 0.29282019423961625 0.12750000000000003 0.03500000000000001 0.18500000000000003 300.30000000000007 64.200000000000017
decision_type=2 2 2 2 2 2 2 2 2 2 2 2 2 2 2 2 2 2 2 2 2 2 2 2 2 2 2 2 2 2
left_child=1 -1 -2 4 -4 6 7 -6 9 12 -11 15 22 -10 17 16 -12 -13 -16 27 21 -21 23 -8 -25 -24 -27 28 29 -5
right_child=2 -3 3 19 5 -7 8 -9 13 10 11 14 -14 -15 18 -17 -18 -19 -20 20 -22 -23 25 24 -26 26 -28 -29 -30 -31
leaf_value=0.0028249814239015023 -0.0071506670261035112 -0.32409887962151313 -0.048196489182237789 -0.13547082080906389 0.42042750237540977 1.3853330221873295 0.36597159992011569 5.6134852874474452 -0.07219993520684069 -0.88158002195033769 0.093659585568278927 0.46819751363326018 2.7807390436948261 0.47207171643190204 1.4940926708898894 -0.57570229408854745 -1.2648003061493374 -0.63984390982372608 5.7696178209213986 -0.19155594249807467 5.9822466827574239 -3.0252741182140177 0.2284241496249127 1.4524301576143817 5.2744252906126139 3.2991659126986388 0.6811843672526009 0.027062083169359333 -1.972328696043343 2.4034984588372605
leaf_weight=4549522 2478941 4918 51055 22037 7051 678 1890 61 28708 1518 13582 6535 196 3240 205 2229 584 637 42 16012 21 90 14098 665 85 118 1710 114829 257 119
leaf_count=4549522 2478941 4918 51055 22037 7051 678 1890 61 28708 1518 13582 6535 196 3240 205 2229 584 637 42 16012 21 90 14098 665 85 118 1710 114829 257 119
internal_value=0 0.00247196 -0.00406853 0.0224376 0.072507 0.146017 0.135913 0.464969 0.105137 0.193632 0.0439233 0.102919 0.395766 -0.0170027 0.43142 -0.0457334 0.0376564 0.369784 2.22111 -0.0215993 -0.199333 -0.207395 0.370588 0.797681 1.88559 0.29979 0.850179 -0.000719391 -0.143053 -0.121834
internal_weight=0 4.55444e+06 2.76719e+06 288252 134887 83832 83154 7112 76042 44094 25332 23814 18762 31948 7419 16395 14166 7172 247 153365 16123 16102 18566 2640 750 15926 1828 137242 22413 22156
internal_count=7321633 4554440 2767193 288252 134887 83832 83154 7112 76042 44094 25332 23814 18762 31948 7419 16395 14166 7172 247 153365 16123 16102 18566 2640 750 15926 1828 137242 22413 22156
is_linear=0
shrinkage=0.1


Tree=182
num_leaves=31
num_cat=0
split_feature=26 14 14 21 12 25 0 3 15 15 3 3 3 14 26 13 8 3 8 3 2 1 18 13 14 12 12 12 12 14
split_gain=8201.19 35123.2 39755.1 64360.3 50848.1 38698.1 37198.5 41593.1 38426.5 95494 46554.7 36701.3 48817.4 47381.7 55875.9 53119.7 36468.3 35963.9 35466.8 41253.5 37359.6 75870.9 40513.1 34960.5 34883.5 45990.6 47310.9 61448 44716.8 34625.3
threshold=3.5950000000000002 24.155000000000005 80.085000000000022 10.487127586999657 30.217500000000005 2.5000000000000004 21.500000000000004 15.535400708343632 0.19480851254614204 0.19159958732855931 9.2870318684664586 11.700628930817611 21.817693059628546 751.73500000000013 23.575000000000003 156.215 2136.5000000000005 1.4514106583072104 1179.5000000000002 10.624032625189683 26.500000000000004 -26.499999999999996 183.14000000000001 202.99500000000003 111.52000000000002 0.087500000000000008 1.6925000000000001 1.5025000000000002 1.6125000000000005 250.17500000000004
decision_type=2 2 2 2 2 2 2 2 2 2 2 2 2 2 2 2 2 2 2 2 2 2 2 2 2 2 2 2 2 2
left_child=-1 -2 4 -4 16 29 7 8 9 10 -7 13 23 18 -15 -16 -3 -10 19 -8 21 -21 -22 -13 -9 -26 27 -27 -29 -5
right_child=1 2 3 5 -6 6 11 24 17 -11 -12 12 -14 14 15 -17 -18 -19 -20 20 22 -23 -24 -25 25 26 -28 28 -30 -31
leaf_value=0.0006472814157031957 -0.15486935365198556 0.059188116389159731 -0.75460440842503085 0.61369954254053161 0.34964679157150552 2.6090551516366385 0.010106255811788216 -0.10842651383453783 0.5579085219669685 4.5667812026316126 -0.48700899183772117 -0.40005288330187155 0.48381704599025932 -5.2001377695485171 -3.2445319982675409 3.2795689344406131 -0.072615657481550397 -0.053437804462095929 -0.23361594017097473 4.764636201627793 1.061879665479754 -0.40063601143679817 4.1533891413522808 -3.8791247063669667 1.8770690677633064 0.10486627704900463 0.49247242547205777 -3.2273283363670431 -0.49993919743334553 -2.1520355925915093
leaf_weight=7057649 17341 75318 1261 1227 4976 63 2024 3800 971 62 212 7196 661 38 26 24 29104 106901 2706 31 540 344 46 29 171 4873 3729 93 170 47
leaf_count=7057649 17341 75318 1261 1227 4976 63 2024 3800 971 62 212 7196 661 38 26 24 29104 106901 2706 31 540 344 46 29 171 4873 3729 93 170 47
internal_value=0 -0.0173052 -0.00763328 -0.0434774 0.0373349 -0.0368831 -0.0420709 -0.0244148 -0.0446041 1.02156 0.222271 -0.198469 -0.338761 -0.00702669 -2.3097 -0.112964 0.0224524 -0.0479348 0.0285795 0.266268 0.805781 0.0263598 1.30456 -0.414017 0.145783 0.252688 0.221355 0.0245098 -1.46438 0.511667
internal_weight=0 263984 246643 137245 109398 135984 134710 121045 108209 337 275 13665 7886 5779 88 50 104422 107872 5691 2985 961 375 586 7225 12836 9036 8865 5136 263 1274
internal_count=7321633 263984 246643 137245 109398 135984 134710 121045 108209 337 275 13665 7886 5779 88 50 104422 107872 5691 2985 961 375 586 7225 12836 9036 8865 5136 263 1274
is_linear=0
shrinkage=0.1


Tree=183
num_leaves=31
num_cat=0
split_feature=10 26 21 18 13 12 16 14 11 11 12 15 14 3 12 12 14 3 14 18 12 16 3 0 11 8 12 21 13 18
split_gain=7427.45 27783.3 58402.3 66511.6 63164.8 61774.3 69570.6 139352 80145.8 67654.5 54387.7 46689.5 108576 49361 45646.3 45540.3 42554.3 159440 66547 166942 143527 87647 71739 66922.8 81677.6 50681.3 42200.5 41332.8 45999.5 65240.9
threshold=1.0000000180025095e-35 1.2250000000000003 0.85140067531331509 30.755000000000003 16.790000000000003 0.99250000000000005 0.097500000000000017 206.62500000000003 18.720427927927933 14.572858851674644 2.4025000000000007 0.036376059845807322 133.24000000000004 8.0432935959456362 200.10000000000002 327.12750000000005 751.73500000000013 8.0432935959456362 325.42000000000002 23.925000000000004 1.4325000000000003 0.13750000000000004 6.0359343294595105 17.500000000000004 33.912511961722494 95.500000000000014 0.87250000000000016 14.102594559223187 0.025000000000000005 49.685000000000009
decision_type=2 2 2 2 2 2 2 2 2 2 2 2 2 2 2 2 2 2 2 2 2 2 2 2 2 2 2 2 2 2
left_child=-1 2 10 4 11 6 8 -8 26 -9 -2 12 -4 -14 -12 -6 18 -18 -13 21 -21 22 -20 24 -22 -23 -5 -3 29 -29
right_child=1 27 3 5 15 -7 7 9 -10 -11 14 16 13 -15 -16 -17 17 -19 19 20 23 25 -24 -25 -26 -27 -28 28 -30 -31
leaf_value=-0.0025228254771588435 0.00020947554996850594 -0.089044095097110976 0.22235084819844442 -0.069332561155303299 -0.21596850111599508 0.19819220886684744 0.38526021822030287 7.5217468477645015 3.9829951332882048 2.7857224087204253 0.087629204443416819 0.048083825160343839 3.3211379891061514 0.86427081129268601 -1.7735059995542874 -4.2558989558901104 -9.4526706014360702 -0.5088961095881781 4.9632415612538665 9.9148493587970741 6.8824296576584265 -5.2000885442775839 0.52354273060558865 -3.0402504587173462 1.5335524445201489 -0.89586363956332216 1.2699030984197881 -0.11732644476789385 0.0075782841192050636 -1.1458234138938845
leaf_weight=4498984 2204995 73806 1953 764 8042 12483 166 53 64 70 79114 175026 177 152 132 28 21 392 39 30 41 34 545 20 94 140 340 19408 243883 637
leaf_count=4498984 2204995 73806 1953 764 8042 12483 166 53 64 70 79114 175026 177 152 132 28 21 392 39 30 41 34 545 20 94 140 340 19408 243883 637
internal_value=0 0.0040211 0.00767869 0.0594018 0.043672 0.270111 0.886283 2.27545 0.542559 4.82645 0.00313473 0.0560328 0.505461 2.18605 0.0845291 -0.229986 0.0502181 -0.963664 0.0525977 0.8904 3.58364 0.233078 0.820029 2.35825 3.15803 -1.73692 0.343113 -0.02289 -0.00439039 -0.150011
internal_weight=0 2.82265e+06 2.48492e+06 200674 186734 13940 1457 289 1168 123 2.28424e+06 178664 2282 329 79246 8070 176382 413 175969 943 185 758 584 155 135 174 1104 337734 263928 20045
internal_count=7321633 2822649 2484915 200674 186734 13940 1457 289 1168 123 2284241 178664 2282 329 79246 8070 176382 413 175969 943 185 758 584 155 135 174 1104 337734 263928 20045
is_linear=0
shrinkage=0.1


Tree=184
num_leaves=31
num_cat=0
split_feature=15 26 21 16 13 16 8 14 1 26 26 26 26 2 26 13 18 11 18 12 13 5 13 26 15 12 14 26 7 8
split_gain=7403.2 19377 18667.5 48492.5 35598.5 202006 120133 64400.8 61405.3 60178.1 63165.5 103339 99084.9 57960 42277.8 42141.5 38069.1 36883.3 64310.5 121646 193613 110504 107771 116325 374783 178756 90029.7 111585 70007.5 76229.1
threshold=0.89553436584989987 86.485000000000014 28.872821175412202 122.86 156.215 1.8650000000000004 17.500000000000004 751.73500000000013 -24.499999999999996 0.025000000000000005 8.5550000000000015 11.200000000000001 6.205000000000001 27.500000000000004 0.85500000000000009 202.99500000000003 93.940000000000012 97.595652173913066 59.515000000000008 200.10000000000002 4.0150000000000006 1.0000000180025095e-35 65.455000000000013 0.025000000000000005 4.6414118639980719 327.12750000000005 325.42000000000002 6.205000000000001 42884.000000000007 40.500000000000007
decision_type=2 2 2 2 2 2 2 2 2 2 2 2 2 2 2 2 2 2 2 2 2 2 2 2 2 2 2 2 2 2
left_child=1 -1 4 -4 17 6 -6 -7 -8 -9 12 16 14 15 -11 -13 -12 -2 19 28 21 -21 -22 24 -24 -25 -23 -28 29 -19
right_child=2 -3 3 -5 5 7 8 9 -10 10 11 13 -14 -15 -16 -17 -18 18 -20 20 22 26 23 25 -26 -27 27 -29 -30 -31
leaf_value=0.0011607658142142958 -0.011116354244063395 2.9037112878716513 0.042435721514177988 -2.7782584956434908 -0.11313384962531757 0.51902499258196033 3.6416247345152359 -4.6389808468702363 8.4177967984625646 1.875609066372826 -9.0278362917900079 -5.3425436583432289 6.3883634328842165 3.3280645421057038 -2.5851287335157398 -0.61262702250298662 -3.2716053220960832 0.8296751394065528 0.13158707363294472 -0.99638874986198511 -6.0535321323128493 -0.88141809233597346 12.921759332929339 -2.0440609982414855 -2.3885513426652594 -9.006092662346072 2.4247825351026324 10.604732559976124 -0.25921794751590593 6.6109844760894774
leaf_weight=6447113 787316 23 72182 61 53 925 63 41 47 42 20 22 29 33 43 131 27 260 4477 267 77 56 21 367 67 41 81 21 7702 25
leaf_count=6447113 787316 23 72182 61 53 925 63 41 47 42 20 22 29 33 43 131 27 260 4477 267 77 56 21 367 67 41 81 21 7702 25
internal_value=0 0.00117112 -0.00863396 0.040054 -0.0130183 0.477633 3.79793 0.0654406 5.68235 -1.01591 -0.587828 -1.53156 1.34103 -0.472925 -0.380999 -1.29275 -5.72107 -0.0139227 -0.178049 -0.332333 -1.37325 0.244027 -2.57281 -2.03245 1.26505 -2.74368 2.34017 4.10889 -0.202267 1.33681
internal_weight=0 6.44714e+06 874497 72243 802254 1476 163 1313 110 388 347 233 114 186 85 153 47 800778 13462 8985 998 425 573 496 88 408 158 102 7987 285
internal_count=7321633 6447136 874497 72243 802254 1476 163 1313 110 388 347 233 114 186 85 153 47 800778 13462 8985 998 425 573 496 88 408 158 102 7987 285
is_linear=0
shrinkage=0.1


Tree=185
num_leaves=31
num_cat=0
split_feature=16 7 1 21 1 2 7 26 7 21 26 0 2 1 17 1 0 18 3 14 0 7 1 16 0 12 1 14 21 13
split_gain=7287.44 18593.3 61679.3 35146.7 34557.5 20590.7 97221.1 43095.8 38309.5 61097.4 37000.7 44435 77385 76159.7 478998 370294 69346 418154 95375.5 62462.1 44173.8 44850.7 39508.6 59355.5 38006.5 101574 34124.1 43374.5 58518.5 29847.8
threshold=22.255000000000006 95472.500000000015 -26.499999999999996 32.102631101271896 -22.499999999999996 27.500000000000004 1020841.5000000001 33.435000000000009 1020841.5000000001 32.102631101271896 53.555000000000007 9.5000000000000018 26.500000000000004 -22.499999999999996 6.8400000000000007 -23.499999999999996 3.5000000000000004 85.175000000000011 13.172733361620265 366.89500000000004 20.500000000000004 1619415.5000000002 -25.499999999999996 122.86 12.500000000000002 327.12750000000005 -24.499999999999996 230.54500000000004 16.460509296098724 20.065000000000001
decision_type=2 2 2 2 2 2 2 2 2 2 2 2 2 2 2 2 2 2 2 2 2 2 2 2 2 2 2 2 2 2
left_child=-1 2 -2 -4 -5 8 -7 -8 9 -3 -10 16 13 15 29 19 18 -18 -12 -13 21 -21 23 -19 25 -14 27 -26 -29 -15
right_child=1 5 3 4 -6 6 7 -9 10 -11 11 12 24 14 -16 -17 17 22 -20 20 -22 -23 -24 -25 26 -27 -28 28 -30 -31
leaf_value=8.2745068821262052e-05 4.6282670606885636 -0.40983848220893287 1.0769130464549326 -5.1499953497023814 -0.23721500979529489 2.857275438117981 0.57705103668722502 -0.90625456733073251 -0.40375643828100832 -3.2890158174129631 0.33190327771139655 0.72816291687980539 1.8739884315115036 -2.9460785911633423 -17.55832222044468 11.314931855599086 12.698303171526641 0.47824227809906006 -5.5107382708980195 -8.1319524307250983 -0.92156568169593811 -2.9614067535774384 0.10655940997938396 6.3679192202431816 -0.95515305594257693 -7.0225636050814675 0.39367646915572035 8.1942650837742761 2.079905787292792 1.2171452019728868
leaf_weight=7316600 35 253 119 21 45 125 402 382 2272 104 283 63 33 26 20 24 32 44 31 25 54 51 247 28 23 21 147 23 49 51
leaf_count=7316600 35 253 119 21 45 125 402 382 2272 104 283 63 33 26 20 24 32 44 31 25 54 51 247 28 23 21 147 23 49 51
internal_value=0 -0.120289 0.778716 0.050422 -1.80037 -0.161382 0.267266 -0.145682 -0.261187 -1.24859 -0.161807 0.269339 -0.347048 -1.44061 -3.77 -0.399366 0.834746 1.8006 -0.244918 -1.85607 -3.10842 -4.66224 0.707412 2.76867 0.813018 -1.58578 1.34829 2.82542 4.0331 -0.188619
internal_weight=0 5033 220 185 66 4813 909 784 3904 357 3547 1275 610 314 97 217 665 351 314 193 130 76 319 72 296 54 242 95 72 77
internal_count=7321633 5033 220 185 66 4813 909 784 3904 357 3547 1275 610 314 97 217 665 351 314 193 130 76 319 72 296 54 242 95 72 77
is_linear=0
shrinkage=0.1


Tree=186
num_leaves=31
num_cat=0
split_feature=18 21 14 8 3 14 21 13 8 26 0 0 26 1 0 1 0 1 12 11 15 10 12 5 11 14 13 11 12 14
split_gain=7147.2 27079.4 39928.2 205669 132953 101716 92849.2 73184.6 92125.1 133693 73894 49201.4 44194.5 40567.1 43002.3 51074.1 49851.1 38975.6 35036.2 58777.1 45783.5 42812.1 48342.4 53232.9 175409 70590.5 46315.8 45090.4 34510.4 98099.3
threshold=8.5050000000000008 14.222470423884381 509.5750000000001 5.5000000000000009 8.7399975321590535 300.30000000000007 36.995128987870253 51.000000000000007 216.50000000000003 3.4550000000000005 16.500000000000004 6.5000000000000009 0.85500000000000009 -25.499999999999996 13.500000000000002 -22.499999999999996 14.500000000000002 -25.499999999999996 0.21250000000000005 0.66223968432525193 0.25167983781929665 1.0000000180025095e-35 7.0750000000000011 1.0000000180025095e-35 97.595652173913066 196.70000000000002 0.095000000000000015 56.445755494505498 1.2925000000000002 286.27500000000003
decision_type=2 2 2 2 2 2 2 2 2 2 2 2 2 2 2 2 2 2 2 2 2 2 2 2 2 2 2 2 2 2
left_child=1 -1 5 -4 12 18 7 8 9 11 13 -7 -5 -10 -15 16 -16 -6 19 -3 -21 22 28 25 27 -24 -27 -25 -20 -30
right_child=-2 2 3 4 17 6 -8 -9 10 -11 -12 -13 -14 14 15 -17 -18 -19 21 20 -22 -23 23 24 -26 26 -28 -29 29 -31
leaf_value=0.00063660336550157022 0.0033114171402817472 -0.043406778957636005 7.2742803080328589 -3.2158858720903041 0.75626351793607083 8.2789181709289554 -1.5571303348198082 -0.89468552920553435 4.957480251671452 -1.8154286241531374 -0.37324809325681191 3.829912154263464 -7.9057613611221313 0.95034064787263084 2.2355301380157471 0.092284557624505117 8.6864891963005064 -1.335314229813241 -0.046096382993829649 0.087306552782551616 -0.040549460791841421 0.063192000669240231 0.0939259064731197 -0.015551995128138554 -2.3390567734826608 -1.3139576340374883 1.3377966819354541 -0.64395179773687783 -0.11966313024047362 -3.1492777905487852
leaf_weight=3272057 3448215 135261 29 54 135 30 132 135 38 40 241 145 32 279 23 26 25 262 151875 95557 39619 32713 28572 19469 341 73 674 1213 94261 107
leaf_count=3272057 3448215 135261 29 54 135 30 132 135 38 40 241 145 32 279 23 26 25 262 151875 95557 39619 32713 28572 19469 341 73 674 1213 94261 107
internal_value=0 -0.00294791 -0.0224515 -0.905166 -1.39627 -0.0216994 0.932962 1.26768 1.61233 3.40041 1.00404 4.5926 -4.96096 1.85296 1.51876 3.66188 5.5954 -0.624072 -0.0234726 0.00319845 0.049833 -0.0453763 -0.0573513 0.0319394 -0.0894979 0.119015 1.07866 -0.0524077 -0.0756059 -0.123098
internal_weight=0 3.87342e+06 601361 512 483 600849 1114 982 847 215 632 175 86 391 353 74 48 397 599735 270437 135176 329298 296585 50342 21023 29319 747 20682 246243 94368
internal_count=7321633 3873418 601361 512 483 600849 1114 982 847 215 632 175 86 391 353 74 48 397 599735 270437 135176 329298 296585 50342 21023 29319 747 20682 246243 94368
is_linear=0
shrinkage=0.1


Tree=187
num_leaves=31
num_cat=0
split_feature=0 15 13 14 26 16 12 1 8 7 1 1 11 7 15 8 21 18 1 14 13 13 12 3 16 12 3 14 13 8
split_gain=7004.63 28485.9 55277.6 21205 72767 89223.6 65062.2 42512.4 33117.6 31103.1 27038.2 23077.3 51750.1 48530 20631 32581.8 19744.8 45844 65340.3 61823.2 47796.5 49630.2 45726.1 45532 43413.3 32856.4 32748.7 47370.4 26248.5 32434.2
threshold=17.500000000000004 10.066381131341933 202.99500000000003 541.41500000000008 1.0450000000000002 5.2025000000000015 1.4625000000000001 -23.499999999999996 108.50000000000001 1020841.5000000001 -23.499999999999996 -26.499999999999996 14.572858851674644 1619415.5000000002 4.6414118639980719 95.500000000000014 14.78430661152403 42.785000000000004 -26.499999999999996 168.34000000000003 0.025000000000000005 0.045000000000000005 1.0425000000000002 20.003348681456682 7.2275000000000009 200.10000000000002 5.232530704801353 300.30000000000007 30.005000000000006 270.50000000000006
decision_type=2 2 2 2 2 2 2 2 2 2 2 2 2 2 2 2 2 2 2 2 2 2 2 2 2 2 2 2 2 2
left_child=-1 2 3 16 14 6 9 -7 -8 -6 -10 12 -11 -13 -5 -16 -2 19 22 -18 -20 -22 -19 25 26 -23 27 -21 -28 -30
right_child=1 -3 -4 4 5 7 8 -9 10 11 -12 13 -14 -15 15 -17 17 18 20 24 21 23 -24 -25 -26 -27 28 -29 29 -31
leaf_value=0.0019186666613369076 -0.00083310471099955143 -0.20625129474306073 3.760477770444675 -0.027109852486006881 0.44328288719245867 4.6673785557618013 -6.1219505132947658 -0.96590170179094592 -1.0427960760258841 -1.6290956528981528 -4.538057313467327 -6.4945736002922061 4.2889077706770466 -1.4232839832673532 -4.7324609466221021 -0.55823573152720929 -0.019568196115733329 -0.34647042062273603 -1.3515284296914238 0.11325235949910206 2.6328388067760642 0.017439343800672868 1.760854518996029 2.5400943485590126 0.47582913666142473 2.0658474936897373 -0.26613899249879697 4.2720058196630237 -0.077604494163711762 1.013277064868773
leaf_weight=5287185 1852174 7008 39 4779 119 37 35 21 53 45 38 20 22 334 23 100 143383 133 203 92 84 2353 456 78 921 81 20108 39 1327 343
leaf_count=5287185 1852174 7008 39 4779 119 37 35 21 53 45 38 20 22 334 23 100 143383 133 203 92 84 2353 456 78 921 81 20108 39 1327 343
internal_value=0 -0.00498629 -0.0042906 -0.00436302 -0.198235 -1.13404 -1.46164 2.62774 -3.5078 -0.984206 -2.50236 -1.3877 0.314129 -1.7098 -0.0600221 -1.33878 -0.00382353 -0.0364813 0.327675 -0.0439041 0.126221 0.241777 1.28501 0.161822 -0.196745 0.0856074 -0.225018 1.35135 -0.2345 0.146451
internal_weight=0 2.03445e+06 2.02744e+06 2.0274e+06 5626 724 666 58 126 540 91 421 67 354 4902 123 2.02178e+06 169601 3388 166213 2799 2596 589 2512 22830 2434 21909 131 21778 1670
internal_count=7321633 2034448 2027440 2027401 5626 724 666 58 126 540 91 421 67 354 4902 123 2021775 169601 3388 166213 2799 2596 589 2512 22830 2434 21909 131 21778 1670
is_linear=0
shrinkage=0.1


Tree=188
num_leaves=31
num_cat=0
split_feature=12 8 2 13 8 8 1 11 21 14 14 1 0 14 14 12 13 8 3 3 0 14 3 13 13 0 0 5 8 3
split_gain=6643.6 34704.1 34717.1 106164 84499.4 56800.5 53869.5 63544.5 51464.6 122182 99398.2 142791 92908.7 78984.6 124430 85151.4 89091.6 87660.4 71578.8 64925.5 47141.2 46674.7 93777.6 69079.2 59842.4 188665 76250.7 50951.2 45533.9 42752.5
threshold=15.765000000000002 195.50000000000003 26.500000000000004 156.215 753.50000000000011 447.50000000000006 -22.499999999999996 97.595652173913066 24.488251813304284 751.73500000000013 751.73500000000013 -21.499999999999996 3.5000000000000004 300.30000000000007 286.27500000000003 41.440000000000005 0.065000000000000016 536.50000000000011 10.056480758077583 9.3746486722232998 14.500000000000002 199.94500000000002 10.056480758077583 25.005000000000006 81.300000000000011 13.500000000000002 9.5000000000000018 1.0000000180025095e-35 216.50000000000003 10.001976284584982
decision_type=2 2 2 2 2 2 2 2 2 2 2 2 2 2 2 2 2 2 2 2 2 2 2 2 2 2 2 2 2 2
left_child=-1 -2 3 4 8 -4 -7 -8 9 13 21 18 -11 14 15 -3 -17 -18 -12 -16 -14 23 -23 -10 27 26 -26 28 -24 -6
right_child=1 2 5 -5 29 6 7 -9 10 12 11 -13 20 -15 19 16 17 -19 -20 -21 -22 22 24 -25 25 -27 -28 -29 -30 -31
leaf_value=-0.00040347225604910948 -0.012470970688507978 0.13267709983611758 0.12848265684292887 4.8784953623401881 0.71704181177205728 -0.049624802558639519 -0.49113441295456428 -2.6348409791655891 0.1566987621558549 -1.0615392837524416 -6.3792671289016951 2.6405934525699153 8.6621968208209559 -0.84509866861005623 2.2355625089846161 5.9845456763676239 0.68642333301097036 3.7768509656799085 -1.5351634178842817 8.7972584419250506 3.1213319710322791 -1.6288505694816728 -2.0965425959917217 3.0049951014162484 3.0328595560404565 6.8831270933151245 -3.2329683487231922 2.6839410038317664 -0.12503143438369918 2.5737318586932414
leaf_weight=7192595 88719 4144 19102 49 305 6231 1641 151 4001 25 67 41 34 540 38 35 1447 98 56 25 28 458 130 87 31 50 52 59 1185 209
leaf_count=7192595 88719 4144 19102 49 305 6231 1641 151 4001 25 67 41 34 540 38 35 1447 98 56 25 28 458 130 87 31 50 52 59 1185 209
internal_value=0 0.0224896 0.0994178 0.232467 0.215149 0.0347005 -0.188586 -0.67177 0.164003 0.362732 -0.0410234 -2.47022 4.08475 0.311552 0.419482 0.370835 0.995472 0.88245 -4.17382 4.83941 6.15987 0.0247932 -0.375732 0.217316 0.00510974 2.03053 -0.892719 -0.190946 -0.319934 1.472
internal_weight=0 129038 40319 13194 13145 27125 8023 1792 12631 6414 6217 164 87 6327 5787 5724 1580 1545 123 63 62 6053 1965 4088 1507 133 83 1374 1315 514
internal_count=7321633 129038 40319 13194 13145 27125 8023 1792 12631 6414 6217 164 87 6327 5787 5724 1580 1545 123 63 62 6053 1965 4088 1507 133 83 1374 1315 514
is_linear=0
shrinkage=0.1


Tree=189
num_leaves=31
num_cat=0
split_feature=14 26 13 22 26 21 21 22 11 15 21 11 15 15 16 25 18 13 22 8 26 7 7 12 1 3 11 14 0 14
split_gain=6600.58 43274.7 18700.9 21785.5 23132.1 19961.8 102673 54032 72231.4 64775.9 88294.6 59313.9 66585.5 53797.3 66988.4 52066.6 163280 128768 103018 92243.9 89277.3 67036.8 64703.2 63477.6 54294.1 51610.8 63326.1 48756.6 48374.7 64887
threshold=50.005000000000003 11.495000000000003 0.54500000000000015 3.913104740650081 10.035000000000002 14.78430661152403 20.361829940509359 4.541972752559345 2.4094214142761845 1.2042180817180819 21.806458357887127 7.8744310015222867 3.074890243902439 0.75773392608721968 0.4225000000000001 3.5000000000000004 64.200000000000017 0.17500000000000002 4.2886294595537882 6682.5000000000009 23.575000000000003 1020841.5000000001 1508.0000000000002 90.50500000000001 -21.499999999999996 10.118271604938274 3.2504126827462838 325.42000000000002 1.0000000180025095e-35 209.56500000000003
decision_type=2 2 2 2 2 2 2 2 2 2 2 2 2 2 2 2 2 2 2 2 2 2 2 2 2 2 2 2 2 2
left_child=1 -1 5 4 -4 -2 -7 15 -9 10 13 -11 -13 27 25 16 22 -18 20 23 -19 24 -8 -17 -21 26 -15 -10 29 -24
right_child=2 -3 3 -5 -6 6 7 8 9 11 -12 12 -14 14 -16 19 17 18 -20 21 -22 -23 28 -25 -26 -27 -28 -29 -30 -31
leaf_value=0.0026608830028898348 -0.0045600660257929023 -0.29413465558626622 -0.13938390584371124 0.019082244163435083 -0.99625160447379901 -0.1526348982632996 3.142914140866353 -0.062847117378303924 0.76898343472285724 -0.31522119518939845 0.098288024065894916 0.46890039843631776 -0.12551232471928619 -0.065908236386138228 1.9913208084678218 -0.24546571014475671 0.47373703150781116 5.3349599107156829 -2.6259920858419861 1.6744860669439152 1.0449290522081511 0.39043367028071452 -0.22937163065134403 2.885430354682299 5.9324677785237636 -0.05260592539900244 1.4071297044521014 3.3256594346149977 0.0097501799693685987 -1.653130892813006
leaf_weight=4549522 2238166 4918 1470 360754 401 54749 65 16902 4021 3672 8347 3810 3729 529 221 17283 411 158 26 129 70 571 2257 65 39 2560 651 76 45688 373
leaf_count=4549522 2238166 4918 1470 360754 401 54749 65 16902 4021 3672 8347 3810 3729 529 221 17283 411 158 26 129 70 571 2257 65 39 2560 651 76 45688 373
internal_value=0 0.0023404 -0.00385199 0.0173171 -0.323031 -0.00704442 -0.0404599 0.014545 0.0999724 0.199624 0.326232 0.0143594 0.174887 0.56235 0.299567 -0.0421028 0.0113755 1.56767 3.33777 -0.187124 4.01785 0.907054 -0.010015 -0.233735 2.66295 0.1996 0.746759 0.81641 -0.0142565 -0.431296
internal_weight=0 4.55444e+06 2.76719e+06 362625 1871 2.40457e+06 166402 111653 44518 27616 16405 11211 7539 8058 3961 67135 49048 665 254 18087 228 739 48383 17348 168 3740 1180 4097 48318 2630
internal_count=7321633 4554440 2767193 362625 1871 2404568 166402 111653 44518 27616 16405 11211 7539 8058 3961 67135 49048 665 254 18087 228 739 48383 17348 168 3740 1180 4097 48318 2630
is_linear=0
shrinkage=0.1


Tree=190
num_leaves=31
num_cat=0
split_feature=18 21 2 12 11 15 11 16 0 26 8 1 15 13 15 18 8 16 3 14 12 14 18 18 8 19 15 3 3 14
split_gain=6598.05 24246.8 57341.6 57104.5 131132 117596 150818 109272 74881.5 70547.6 66242.8 66376.2 64129 54869.2 86729.6 121413 185544 79305.6 76636.6 69245.1 58007.2 58166 75077.6 103179 64766.5 54667.4 178987 92122.3 426853 60921.6
threshold=9.4850000000000012 10.487127586999657 27.500000000000004 0.96250000000000024 3.1799595959595965 0.94303353658536593 28.835726227795195 0.077500000000000027 11.500000000000002 2.5550000000000002 7427.5000000000009 -22.499999999999996 0.70977154413403343 0.10500000000000002 0.4790715065715066 21.285000000000004 3390.5000000000005 0.29250000000000009 12.953987588301315 78.445000000000007 171.39000000000001 120.89500000000002 13.965000000000002 11.285000000000002 156.50000000000003 1.0000000180025095e-35 0.26683696330848067 9.4373083938065125 9.3746486722232998 276.74500000000006
decision_type=2 2 2 2 2 2 2 2 2 2 2 2 2 2 2 2 2 2 2 2 2 2 2 2 2 2 2 2 2 2
left_child=-1 -2 3 4 -3 6 7 -6 -8 -10 -7 -12 -9 19 15 17 -17 20 -18 -5 21 -15 23 -23 -24 26 -21 28 -27 -28
right_child=1 2 -4 13 5 10 8 12 9 -11 11 -13 -14 14 -16 16 18 -19 -20 25 -22 22 24 -25 -26 27 29 -29 -30 -31
leaf_value=-0.0026481497271133264 -0.00057383674984552268 0.027171174713416242 -0.042947441256151284 0.030471077933274488 0.21228628213523934 0.050849936413213753 -0.013361235018129703 0.97913666497671026 4.0556394937303333 11.193641648292541 2.2459272479540426 -0.63813539072871217 0.41122023135570651 0.069569991840664674 0.008926358166922466 0.2907487086228982 3.8347972531970456 3.8814646045497634 1.0481070846465288 -1.6198471293846766 -0.86440831372238669 0.3305515648750495 5.1808330917358401 1.5054363369084429 0.073660075045128531 0.14979933880810586 -0.16087062875855609 -0.20846419649867656 6.3665775734081613 -2.36825985792093
leaf_weight=4117498 2650245 125613 107995 28634 16901 26190 27 3531 45 20 266 114 4551 16613 186948 835 278 57 153 1080 554 1996 25 1195 3667 3542 5388 17430 114 128
leaf_count=4117498 2650245 125613 107995 28634 16901 26190 27 3531 45 20 266 114 4551 16613 186948 835 278 57 153 1080 554 1996 25 1195 3667 3542 5388 17430 114 128
internal_value=0 0.00340302 0.0224315 0.0382661 0.0823215 0.21646 0.371791 0.356909 4.41322 6.25195 0.0698694 1.38071 0.659341 0.00919652 0.0324721 0.205957 1.16051 0.155828 2.84555 -0.0785565 0.146998 0.170845 0.415285 0.770535 0.108243 -0.191334 -0.442593 -0.112736 0.343649 -0.212094
internal_weight=0 3.20414e+06 553890 445895 177258 51645 25075 24983 92 65 26570 380 8082 268637 212321 25373 1266 24107 431 56316 24050 23496 6883 3191 3692 27682 6596 21086 3656 5516
internal_count=7321633 3204135 553890 445895 177258 51645 25075 24983 92 65 26570 380 8082 268637 212321 25373 1266 24107 431 56316 24050 23496 6883 3191 3692 27682 6596 21086 3656 5516
is_linear=0
shrinkage=0.1


Tree=191
num_leaves=31
num_cat=0
split_feature=26 11 12 14 13 14 24 15 2 14 18 5 26 26 8 14 3 26 6 11 8 0 1 3 26 1 1 3 17 14
split_gain=7893.93 44158.4 52180 64877.5 55350.8 54809.4 39896.8 46477.9 88136.3 94920.6 94767.5 84459.7 114906 60781.8 35681.7 34806.4 77190.7 58594.7 39723.9 52302.9 102036 39275.8 61440.5 34523 34189.7 32382 31232.6 34913.8 31124.5 45330.8
threshold=5.535000000000001 28.835726227795195 5.370000000000001 120.68500000000002 1.0050000000000001 210.87500000000003 70.000000000000014 1.3456173533083648 27.500000000000004 405.02000000000004 20.375000000000004 1.0000000180025095e-35 17.025000000000002 11.495000000000003 89.500000000000014 470.11500000000007 13.212222028800179 53.555000000000007 1.0000000180025095e-35 5.5540927108566409 5341.5000000000009 9.5000000000000018 -22.499999999999996 13.074631021999446 11.825000000000001 -21.499999999999996 -25.499999999999996 10.997779701242917 0.075000000000000025 168.34000000000003
decision_type=2 2 2 2 2 2 2 2 2 2 2 2 2 2 2 2 2 2 2 2 2 2 2 2 2 2 2 2 2 2
left_child=-1 2 4 -4 15 -6 -3 8 10 -10 -8 12 -12 -13 -7 28 17 18 24 -20 21 22 -21 -23 -17 26 27 -16 -2 -30
right_child=1 6 3 -5 5 14 7 -9 9 -11 11 13 -14 -15 25 16 -18 -19 19 20 -22 23 -24 -25 -26 -27 -28 -29 29 -31
leaf_value=0.00050293633336050798 -0.04380115550377045 -2.7800882869533132 -0.12987766754507421 -0.67149189242873408 0.21168701140245905 0.14022842463519838 0.65972086053628187 0.064699012837320644 0.47053466576796316 -7.3652596820484506 2.9478908904393517 5.3877330064773563 12.127437797546387 -2.0084563074111936 0.74701809283149867 -0.47320627194920972 -3.256974863160091 3.3076575634091401 -2.0442832639183672 0.45602875695178646 5.388771142457661 0.57900466951347584 -2.3132645860962247 4.7787926832834877 -2.0241051704088848 4.5041073495927071 0.66332657560307007 4.7347563674816717 0.079376493402940451 0.89021522223412708
leaf_weight=7153800 100216 49 15004 2594 3752 144 182 38732 52 22 30 20 25 25 38 386 96 43 105 191 38 288 138 21 225 46 140 52 4360 819
leaf_count=7153800 100216 49 15004 2594 3752 144 182 38732 52 22 30 20 25 25 38 386 96 43 105 191 38 288 138 21 225 46 140 52 4360 819
internal_value=0 -0.0214374 -0.0497239 -0.209713 -0.0243815 0.332956 0.0715784 0.0751532 1.21255 -1.85903 2.01856 4.49166 7.12041 1.27874 1.41629 -0.038324 -0.511704 -0.328048 -0.440358 0.0321415 0.354663 0.054826 -0.705559 0.864427 -1.04432 2.08206 1.59765 3.05104 -0.0314475 0.207601
internal_weight=0 167833 128696 17598 111098 4172 39137 39088 356 74 282 100 55 45 420 106926 1531 1435 1392 781 676 638 329 309 611 276 230 90 105395 5179
internal_count=7321633 167833 128696 17598 111098 4172 39137 39088 356 74 282 100 55 45 420 106926 1531 1435 1392 781 676 638 329 309 611 276 230 90 105395 5179
is_linear=0
shrinkage=0.1


Tree=192
num_leaves=31
num_cat=0
split_feature=26 11 15 17 14 11 8 8 18 11 18 23 21 14 18 7 7 14 12 14 5 13 13 15 15 12 1 21 3 18
split_gain=7083.55 35500.6 74328.2 59324.2 47575.4 49667.8 46141.5 117546 70474 41967.3 49532.2 41341 40385.5 61893.5 60626.8 56401.8 152955 123195 64174.3 52807.2 95242.4 403045 106538 50565.5 78809.1 47627.2 43783.7 45060.3 56428.8 41711.6
threshold=10.205000000000002 9.2011025993237556 2.4855725623582772 0.20500000000000004 197.49500000000003 8.5450406677791815 2685.0000000000005 1917.5000000000002 27.645000000000003 56.445755494505498 44.240000000000009 400.00000000000006 14.102594559223187 509.5750000000001 64.200000000000017 95472.500000000015 61423.000000000007 214.71500000000003 1.6525000000000001 325.42000000000002 1.0000000180025095e-35 0.13500000000000004 0.74500000000000011 1.1359032517061423 0.9618796296296297 0.29250000000000009 -24.499999999999996 20.361829940509359 7.4869932432432442 23.015000000000004
decision_type=2 2 2 2 2 2 2 2 2 2 2 2 2 2 2 2 2 2 2 2 2 2 2 2 2 2 2 2 2 2
left_child=-1 4 3 6 -2 -6 7 12 -9 -4 -11 -8 13 -3 15 16 18 -18 -14 23 22 -22 -21 24 -17 -25 -16 -28 -29 -20
right_child=1 2 9 -5 5 -7 11 8 -10 10 -12 -13 14 -15 26 19 17 -19 29 20 21 -23 -24 25 -26 -27 27 28 -30 -31
leaf_value=0.00031444437932991046 -0.056301874300685832 -0.20779713631783447 -0.12089817891548899 2.3727910836836452 -0.29911237990683009 -1.4187746036707007 -0.51039389595028273 3.6922616304773275 1.106447857893633 0.28943477945151264 -0.088035578161850481 0.78259891626518518 1.7322886215457658 -5.8176831310987476 0.1993468751802164 0.19371649072246444 2.0957865375738876 12.39368950071789 0.96244227682842931 -2.0017152411043644 14.018488684567538 -1.4985948354431562 1.7558288025599655 2.6634707319385864 1.8227464399365492 -0.013602181330312402 1.5558210650057187 1.3489339828491211 7.3345665322409737 -2.0111588880700886
leaf_weight=7247564 21729 1181 23860 133 4905 431 1238 132 523 6842 7067 309 257 20 136 798 26 21 85 400 22 70 93 68 473 2927 153 28 36 106
leaf_count=7247564 21729 1181 23860 133 4905 431 1238 132 523 6842 7067 309 257 20 136 798 26 21 85 400 22 70 93 68 473 2927 153 28 36 106
internal_value=0 -0.030768 0.0217655 0.276073 -0.122003 -0.38955 0.245435 0.347319 1.62756 -0.0404158 0.0976465 -0.25213 0.225789 -0.301217 0.33685 0.253038 1.26986 6.69698 0.700498 0.14928 -0.74169 2.21201 -1.29289 0.27146 0.799957 0.0471794 1.60614 2.48781 4.71585 -0.687829
internal_weight=0 74069 47004 9235 27065 5336 9102 7555 655 37769 13909 1547 6900 1201 5699 5346 495 47 448 4851 585 92 493 4266 1271 2995 353 217 64 191
internal_count=7321633 74069 47004 9235 27065 5336 9102 7555 655 37769 13909 1547 6900 1201 5699 5346 495 47 448 4851 585 92 493 4266 1271 2995 353 217 64 191
is_linear=0
shrinkage=0.1


Tree=193
num_leaves=31
num_cat=0
split_feature=11 21 15 26 11 12 14 11 14 18 14 3 5 0 0 8 21 8 12 26 8 11 15 26 12 14 1 17 16 8
split_gain=6187.54 31728.8 10616.4 48195.1 38573.6 41165.5 39689.9 24292.7 20882.9 20023.9 64825.9 70877.8 45929.4 34779.3 26336.2 34947.6 21037.1 28242.5 20273.2 28415.9 41533.8 40093.5 31476.6 43725.5 65357.4 115927 81156.4 65896.3 45061.5 39443.2
threshold=0.35757972294081813 4.6875534757621171 0.26683696330848067 0.30500000000000005 1.039179862518633 0.15250000000000005 31.615000000000006 2.6758611955420473 470.11500000000007 5.6650000000000009 541.41500000000008 2.8387395736793333 1.0000000180025095e-35 2.5000000000000004 15.500000000000002 50.500000000000007 12.066169858953876 174.50000000000003 1.4425000000000001 0.92500000000000016 8890.5000000000018 12.669509803921573 2.4855725623582772 9.2300000000000022 1.5925000000000005 751.73500000000013 -24.499999999999996 0.015000000000000001 0.027500000000000004 1509.5000000000002
decision_type=2 2 2 2 2 2 2 2 2 2 2 2 2 2 2 2 2 2 2 2 2 2 2 2 2 2 2 2 2 2
left_child=1 -1 3 -2 6 7 -5 -6 -7 10 16 13 14 -12 15 -13 -4 -18 -11 -20 21 -21 23 -23 26 27 -25 -26 -28 -24
right_child=2 -3 9 4 5 8 -8 -9 -10 18 11 12 -14 -15 -16 -17 17 -19 19 20 -22 22 29 24 25 -27 28 -29 -30 -31
leaf_value=0.0012069011114924401 0.0012644882903948536 -0.061255266826516414 -0.0082081207576536024 0.038048768929100793 0.16704178924654187 0.057319555559790875 -0.088377768253283362 0.49250467326357711 -2.0290671213219564 -0.0039441935471451169 -8.0159739618716035 5.3518465054035191 -3.6598671546753714 -2.7242180294460723 -1.8015138855347268 -0.081819338223029836 -0.0043884324477839725 -0.097965961535730395 0.029452823726841073 -0.071909951775906311 0.97068721124223056 0.065752347943845796 -0.00017790433276466527 0.54361701411987429 -1.9046917804723025 7.9297409081459058 7.7557688602379393 0.38364787283327278 2.9224068475827094 -0.85754067194656702
leaf_weight=442034 2808561 99659 332498 127642 24519 86570 30829 2530 48 2594411 23 20 34 27 26 29 58902 71285 453776 81249 425 17445 84981 134 131 20 28 3195 62 540
leaf_count=442034 2808561 99659 332498 127642 24519 86570 30829 2530 48 2594411 23 20 34 27 26 29 58902 71285 453776 81249 425 17445 84981 134 131 20 28 3195 62 540
internal_value=0 -0.0102847 0.00082171 0.00515789 0.0453392 0.0897929 0.0134537 0.197484 0.0561634 -0.00278943 -0.0222444 -2.04108 -0.611107 -5.15843 0.770997 2.136 -0.0215507 -0.0556276 -7.12346e-06 0.0159035 -0.0167641 -0.018999 0.0213532 0.131005 0.449869 0.339162 2.10355 0.293518 4.42612 -0.0055915
internal_weight=0 541693 6.77994e+06 3.0807e+06 272138 113667 158471 27049 86618 3.69924e+06 462844 159 109 50 75 49 462685 130187 3.2364e+06 641986 188210 187785 106536 21015 3570 3346 224 3326 90 85521
internal_count=7321633 541693 6779940 3080699 272138 113667 158471 27049 86618 3699241 462844 159 109 50 75 49 462685 130187 3236397 641986 188210 187785 106536 21015 3570 3346 224 3326 90 85521
is_linear=0
shrinkage=0.1


Tree=194
num_leaves=31
num_cat=0
split_feature=14 26 12 10 12 21 12 26 6 21 26 8 21 11 12 21 11 12 12 11 15 6 12 11 15 12 18 21 15 12
split_gain=6324.93 32414.9 18038.1 16539.2 32728.3 41726.4 35514.2 24470.9 22956.4 21163.4 42004.2 21119.9 20454.8 18340.3 18318.2 18124.3 18071.1 19808 17668.4 30010.6 22886 16298.9 54061.3 94718.2 79116.1 141095 105178 90704.1 145048 80898.7
threshold=50.005000000000003 11.825000000000001 9.5100000000000016 1.0000000180025095e-35 1.2525000000000002 7.5210234038549517 4.4800000000000004 0.26500000000000007 1.0000000180025095e-35 0.85140067531331509 3.5950000000000002 2685.0000000000005 14.102594559223187 8.5450406677791815 2.2325000000000004 24.488251813304284 1.0870564178369058 0.81250000000000011 0.24250000000000002 0.76977872539035996 0.15449965706447191 1.0000000180025095e-35 1.2425000000000004 1.7492725429828939 0.2999651959734419 1.2375 15.305000000000001 25.921826227355329 0.2980158280922432 0.032500000000000008
decision_type=2 2 2 2 2 2 2 2 2 2 2 2 2 2 2 2 2 2 2 2 2 2 2 2 2 2 2 2 2 2
left_child=1 2 3 4 7 -6 -7 8 -1 -5 11 12 -11 16 -14 -8 -10 -18 19 -9 -21 -2 23 -23 25 27 -26 28 -25 -28
right_child=21 -3 -4 9 5 6 15 18 13 10 -12 -13 14 -15 -16 -17 17 -19 -20 20 -22 22 -24 24 26 -27 29 -29 -30 -31
leaf_value=1.974835356507961e-05 -0.0063877475889829449 -0.26626496662088889 0.060433750425939452 0.0066884604984854268 0.023201096088424793 -0.11402661286838141 -0.061321784953189552 0.0061549497144418805 -0.050640125756258536 0.054500799272450634 -0.049814573230564693 0.021305316263504501 0.18022865944527233 -0.7526658691528465 -0.030414077889466443 0.075757901828951341 0.079887102767201026 -0.081625823907563483 -0.0025141417491244059 0.1577916259884988 0.052972428174933472 -0.119422218793919 -0.021878595280062682 0.4708999038825134 -0.032421673062881406 5.0747592558626273 1.5652045335027782 0.099480875943147112 4.3211660177719713 0.17130017270882358
leaf_weight=2733915 2478941 4490 53218 823686 63672 82205 20865 126065 146871 41278 36120 50604 34755 357 4685 17937 24153 11075 155219 26547 96723 23101 153365 8371 51328 61 421 13677 99 37829
leaf_count=2733915 2478941 4490 53218 823686 63672 82205 20865 126065 146871 41278 36120 50604 34755 357 4685 17937 24153 11075 155219 26547 96723 23101 153365 8371 51328 61 421 13677 99 37829
internal_value=0 0.00229101 0.00255602 0.00187105 -0.00135368 -0.042327 -0.0768069 0.00092488 -0.00227227 0.0132769 0.0456867 0.0719542 0.103707 -0.0366157 0.155207 0.00204604 -0.0352119 0.0291106 0.0239726 0.0404615 0.0755459 -0.0037707 0.0187357 0.0649137 0.103007 0.271968 0.0611191 0.258739 0.515903 0.186642
internal_weight=0 4.55444e+06 4.54995e+06 4.49673e+06 3.5056e+06 184679 121007 3.32092e+06 2.91637e+06 991128 167442 131322 80718 182456 39440 38802 182099 35228 404554 249335 123270 2.76719e+06 288252 134887 111786 22208 89578 22147 8470 38250
internal_count=7321633 4554440 4549950 4496732 3505604 184679 121007 3320925 2916371 991128 167442 131322 80718 182456 39440 38802 182099 35228 404554 249335 123270 2767193 288252 134887 111786 22208 89578 22147 8470 38250
is_linear=0
shrinkage=0.1


Tree=195
num_leaves=31
num_cat=0
split_feature=26 11 15 17 14 8 13 21 18 14 15 26 12 11 16 18 2 14 26 14 8 26 26 3 18 0 14 18 8 1
split_gain=6008.96 28171.4 52322.5 52440.3 40343.6 43656.1 65738.1 42402.3 61998.3 49499.4 61164 46252.3 35012.3 76812.9 44053.5 42439.8 45813.8 59573.6 89780.2 134258 68188.6 180082 83523.3 116029 83235.2 86772 82418.6 63478.2 51587.1 51187.8
threshold=10.205000000000002 9.2011025993237556 2.4855725623582772 0.085000000000000006 197.49500000000003 1797.5000000000002 0.29500000000000004 14.102594559223187 31.650000000000002 470.11500000000007 0.93198297213622294 16.025000000000002 51.042500000000011 97.595652173913066 1.9675000000000002 40.985000000000007 27.500000000000004 276.74500000000006 11.825000000000001 751.73500000000013 82.500000000000014 21.300000000000004 17.025000000000002 16.176275161227284 22.120000000000005 15.500000000000002 751.73500000000013 35.705000000000005 45.500000000000007 -23.499999999999996
decision_type=2 2 2 2 2 2 2 2 2 2 2 2 2 2 2 2 2 2 2 2 2 2 2 2 2 2 2 2 2 2
left_child=-1 4 3 -3 -2 6 -6 -7 -9 10 -10 -12 13 -4 -15 16 17 -14 19 27 22 -22 24 26 25 -20 -24 -19 -26 -29
right_child=1 2 12 -5 5 7 -8 8 9 -11 11 -13 15 14 -16 -17 -18 18 20 -21 21 -23 23 -25 28 -27 -28 29 -30 -31
leaf_value=0.00028961297334014158 -0.049109640189288428 0.18198926603340732 -0.11261917680956246 1.3712390557894105 -0.30627458188667667 -0.86759605503753934 -1.5366100321894431 -0.47582977788655889 1.5717189519482244 -1.3622183649620014 1.0307970956758747 -0.44908957355601481 0.25329781184167144 6.1721112821530557 0.79667802318449954 -0.059318327925515293 -0.28396578124720001 1.6695927493891141 9.5456892986297603 -5.7590356969833376 1.4164444707218231 6.1971826334192297 -1.5187200063612405 4.4496187916508427 -3.2095593260867257 1.0347706711810569 -8.6783524751663208 1.9352682838439943 3.2613512375138023 -3.5377884476273147
leaf_weight=7247564 21729 8848 24617 387 1231 654 671 1302 471 134 358 515 3624 30 31 7404 1075 157 25 40 386 99 82 27 28 23 20 25 22 54
leaf_count=7247564 21729 8848 24617 387 1231 654 671 1302 471 134 358 515 3624 30 31 7404 1075 157 25 40 386 99 82 27 28 23 20 25 22 54
internal_value=0 -0.0283383 0.0184592 0.231826 -0.109612 -0.355986 -0.74032 -0.143113 0.0273224 0.470559 0.653292 0.157783 -0.0337116 -0.103837 3.44033 0.0984823 0.303925 0.440956 1.12929 -0.401791 1.7228 2.39231 0.292342 -1.37955 2.4931 5.46754 -2.92257 0.506217 -0.362359 -1.80581
internal_weight=0 74069 47004 9235 27065 5336 1902 3434 2780 1478 1344 873 37769 24678 61 13091 5687 4612 988 276 712 485 227 129 98 48 102 236 50 79
internal_count=7321633 74069 47004 9235 27065 5336 1902 3434 2780 1478 1344 873 37769 24678 61 13091 5687 4612 988 276 712 485 227 129 98 48 102 236 50 79
is_linear=0
shrinkage=0.1


Tree=196
num_leaves=31
num_cat=0
split_feature=13 18 4 1 8 26 3 0 21 18 2 1 21 12 18 21 8 11 14 15 14 8 3 0 11 11 21 26 16 11
split_gain=6005.13 15406.4 44523.6 18975.8 34908.1 37951.9 22977.3 17289.1 13442.8 15217.1 28276.4 38720.4 13107.7 26207.1 54275.2 29740.4 32305.5 27277.8 34607.2 22738.4 19054.7 17008.9 78614.8 20901.6 15170.9 14758.9 37678.2 13869.3 13709.9 13274.8
threshold=0.015000000000000001 64.200000000000017 1.0000000180025095e-35 -23.499999999999996 711.00000000000011 6.205000000000001 14.785559845559847 9.5000000000000018 33.883288290323883 24.365000000000006 26.500000000000004 -23.499999999999996 14.102594559223187 0.11750000000000002 17.435000000000006 14.222470423884381 7141.5000000000009 1.0717196385748544 32.845000000000006 0.27051844173525597 115.93500000000002 5882.0000000000009 15.036657886334611 17.500000000000004 9.2011025993237556 13.125339285714288 25.921826227355329 6.6350000000000007 0.027500000000000004 0.47343425733880373
decision_type=2 2 2 2 2 2 2 2 2 2 2 2 2 2 2 2 2 2 2 2 2 2 2 2 2 2 2 2 2 2
left_child=1 8 3 4 5 -3 7 -5 12 -10 11 -11 -1 14 17 -16 20 18 29 24 28 -21 -23 -24 -19 -15 -27 -22 -17 -14
right_child=-2 2 -4 6 -6 -7 -8 -9 9 10 -12 -13 13 25 15 16 -18 19 -20 21 27 22 23 -25 -26 26 -28 -29 -30 -31
leaf_value=-0.00090566771931387699 0.0022313618795879878 3.8657820099278504 -0.0097396233976727517 -1.1561723573775642 -0.97380649405944197 -0.6336221804489961 -0.85550045512545003 -3.5311983406543734 0.21207124782973011 3.5822491399266507 -1.2639933356778876 -0.28909139257519184 -0.034515561363595508 -0.046357817580122224 -0.055283027359232517 0.65232312555430871 1.9705060377211894 0.12952444087253231 -0.13523642545659412 -0.030140448407812409 2.1422158940677818 0.11409693204143795 4.1377738670956701 1.2686191215764646 -1.324017619341612 -1.0692932784381346 1.0099577791758081 0.78252369741875816 -0.019569728279302465 0.029208687935937123
leaf_weight=2364497 4555941 38 2361 58 158 37 416 65 4507 33 197 119 65530 185968 771 699 177 26525 23207 22279 107 1252 62 43 72 381 113 251 537 65232
leaf_count=2364497 4555941 38 2361 58 158 37 416 65 4507 33 197 119 65530 185968 771 699 177 26525 23207 22279 107 1252 62 43 72 381 113 251 537 65232
internal_value=0 -0.00367574 -0.225303 -0.884559 -0.130497 1.64608 -1.21053 -2.41127 -0.00342439 0.162811 -0.473336 0.551397 -0.00371711 -0.0206234 0.00389422 0.46312 0.688806 -0.00182244 -0.0226987 0.0621653 0.546484 -0.00920448 0.334519 2.96279 0.12559 -0.0478078 -0.593675 1.18891 0.360409 -0.00272605
internal_weight=0 2.76569e+06 3133 772 233 75 539 123 2.76256e+06 4856 349 152 2.7577e+06 393206 206744 2542 1771 204202 153969 50233 1594 23636 1357 105 26597 186462 494 358 1236 130762
internal_count=7321633 2765692 3133 772 233 75 539 123 2762559 4856 349 152 2757703 393206 206744 2542 1771 204202 153969 50233 1594 23636 1357 105 26597 186462 494 358 1236 130762
is_linear=0
shrinkage=0.1


Tree=197
num_leaves=31
num_cat=0
split_feature=15 21 16 13 16 15 2 3 14 3 1 0 2 18 3 1 0 0 1 0 11 18 12 13 13 26 12 12 5 14
split_gain=6039.76 16189.5 36602 27495.1 162233 103055 57818.7 90535.9 49440.1 53883.4 46935.1 46144.9 38931.4 98830 38151.4 166052 70294 41335.3 36509.1 74865.7 33779 57454.7 93362.3 156770 89414 109413 278490 151346 87720.3 72647.6
threshold=0.89553436584989987 28.872821175412202 122.86 156.215 1.8650000000000004 10.066381131341933 26.500000000000004 13.856944168487981 751.73500000000013 3.7654511281005019 -26.499999999999996 7.5000000000000009 26.500000000000004 59.515000000000008 15.31497493734336 -22.499999999999996 11.500000000000002 18.500000000000004 -24.499999999999996 3.5000000000000004 97.595652173913066 59.515000000000008 200.10000000000002 4.0150000000000006 92.625000000000014 0.025000000000000005 327.12750000000005 327.12750000000005 1.0000000180025095e-35 325.42000000000002
decision_type=2 2 2 2 2 2 2 2 2 2 2 2 2 2 2 2 2 2 2 2 2 2 2 2 2 2 2 2 2 2
left_child=-1 3 -3 20 5 -5 -7 11 -6 10 -10 -8 13 -11 15 16 18 -18 -14 -20 -2 22 -22 28 -25 26 -26 -27 -24 -30
right_child=1 2 -4 4 8 6 7 -9 9 12 -12 -13 14 -15 -16 -17 17 -19 19 -21 21 -23 23 24 25 27 -28 -29 29 -31
leaf_value=0.0010577949491238541 -0.0099906408845195221 0.039612184881232568 -2.4109800651425224 0.18560475235985174 0.44735345598894205 8.7994601220795605 9.777814178466798 -1.760642131169637 6.003858859539033 -7.6082890541322774 -0.84705938667058944 3.4403769457781759 -1.5086693340114186 0.046216264930931304 -3.8147498506845703 7.9594384301792491 2.1381689665895522 -1.5044835048711906 -1.2658478475752331 -9.8147198963165287 -0.20162636521317256 0.12292261692947654 -0.8773636916826727 -4.7863339956464435 -1.9793654884894689 -1.7005902052462638 10.962711767528369 -8.1394275031438692 -0.79853131850915293 3.6842246791895699
leaf_weight=6447136 787316 72182 61 62 925 33 20 21 20 31 20 27 56 37 36 22 66 59 21 20 7987 4477 267 116 60 333 23 41 56 102
leaf_count=6447136 787316 72182 61 62 925 33 20 21 20 31 20 27 56 37 36 22 66 59 21 20 7987 4477 267 116 60 333 23 41 56 102
internal_value=0 -0.00779848 0.037543 -0.0118815 0.419324 3.39486 5.3649 3.69813 0.0499311 -0.897532 2.5784 6.13716 -1.29706 -3.44334 -0.775826 -0.327461 -1.14868 0.418837 -3.16869 -5.43603 -0.0126763 -0.169744 -0.315573 -1.22749 -2.30689 -1.67753 1.60699 -2.40645 0.227805 2.0954
internal_weight=0 874497 72243 802254 1476 163 101 68 1313 388 40 47 348 68 280 244 222 125 97 41 800778 13462 8985 998 573 457 83 374 425 158
internal_count=7321633 874497 72243 802254 1476 163 101 68 1313 388 40 47 348 68 280 244 222 125 97 41 800778 13462 8985 998 573 457 83 374 425 158
is_linear=0
shrinkage=0.1


Tree=198
num_leaves=31
num_cat=0
split_feature=26 12 0 12 8 26 14 18 26 14 0 21 3 3 21 14 8 2 13 2 14 7 18 21 1 13 8 16 16 13
split_gain=5992.33 9835.95 7104 18180.2 42158.9 69417 230989 314826 83736.7 323789 60523.3 73451 64042 40401.6 49827.6 64259.4 70648.7 114187 46412.9 51517.5 68547.2 48860.2 44172.5 40652.6 38355.5 81553.2 63320.8 34875.4 30924.8 30134.4
threshold=0.015000000000000001 62.007500000000007 4.5000000000000009 141.31500000000003 82.500000000000014 29.215000000000003 751.73500000000013 93.940000000000012 18.140000000000004 405.02000000000004 1.0000000180025095e-35 36.995128987870253 7.3631368631368632 7.6911992263056099 27.676095370189646 366.89500000000004 5.5000000000000009 26.500000000000004 65.455000000000013 26.500000000000004 405.02000000000004 1919260.5000000002 46.900000000000013 20.361829940509359 -21.499999999999996 202.99500000000003 390.50000000000006 17.217500000000005 33.710000000000001 38.95000000000001
decision_type=2 2 2 2 2 2 2 2 2 2 2 2 2 2 2 2 2 2 2 2 2 2 2 2 2 2 2 2 2 2
left_child=1 -1 3 -2 5 8 -7 -8 13 -10 12 24 -6 14 15 -5 -17 -18 -16 20 -20 -21 -15 -24 -12 26 -26 -25 29 -14
right_child=2 -3 -4 4 10 6 7 -9 9 -11 11 -13 28 22 18 16 17 -19 19 21 -22 -23 23 27 25 -27 -28 -29 -30 -31
leaf_value=-0.0088250797014687264 -0.0043330079509276247 -1.8505223405772242 0.002761372126903419 -0.2000847831297862 4.1997863852459458 -0.74897062364610267 -14.953761357274551 0.52971240679423015 -0.30717172943944232 12.112148554967 0.057397259564852511 4.8818174264010263 -0.33719530995790059 -2.3067595308579438 -0.54462931211575982 0.15697684060959591 -1.8168735692629945 -10.914384399760854 1.9297273985544843 -1.4680669203681767 8.7407864185896784 3.1293246930328813 -3.3585274264216425 -0.1226460068420108 0.12593890300198793 7.398988513719468 5.7330281174701199 4.1525246143341068 1.3537280537361323 -2.0820922675492102
leaf_weight=685214 1592971 29 5039048 475 23 283 29 24 109 26 1916 34 154 222 121 42 37 22 45 53 22 41 32 112 162 21 23 23 43 277
leaf_count=685214 1592971 29 5039048 475 23 283 29 24 109 26 1916 34 154 222 121 42 37 22 45 53 22 41 32 112 162 21 23 23 43 277
internal_value=0 -0.00890302 0.000919285 -0.00489185 -0.208556 -0.594488 -1.88364 -7.94238 -0.281061 2.0847 0.0413619 0.270684 -0.953445 -0.537177 -0.153914 -0.687132 -2.9777 -5.20917 0.935212 2.04739 4.16619 0.537178 -1.38252 -0.153899 0.196802 1.4934 0.823036 0.605716 -1.2035 -1.45863
internal_weight=0 685243 6.63639e+06 1.59734e+06 4371 1718 336 53 1382 135 2653 2156 497 1247 858 576 101 59 282 161 67 94 389 167 2122 206 185 135 474 431
internal_count=7321633 685243 6636390 1597342 4371 1718 336 53 1382 135 2653 2156 497 1247 858 576 101 59 282 161 67 94 389 167 2122 206 185 135 474 431
is_linear=0
shrinkage=0.1


Tree=199
num_leaves=31
num_cat=0
split_feature=0 15 13 21 18 16 1 14 21 15 8 14 3 1 14 3 21 11 2 21 8 14 3 14 13 3 14 18 1 11
split_gain=6232.59 22864.1 43545.9 17107 37503.1 47957.6 54730.1 37457.5 40397.3 44563.1 33053.8 29679.8 41310.7 28902 53370.6 39679.9 33355.1 50468.9 28743.2 28600.9 27454.8 27365.6 27163.4 31538.8 24262.7 23562.4 23192.7 22624.1 45892.3 55283.8
threshold=17.500000000000004 10.066381131341933 202.99500000000003 21.806458357887127 59.515000000000008 0.047500000000000007 -21.499999999999996 206.09500000000003 32.885215075870128 5.4919345238095243 216.50000000000003 74.135000000000005 11.799773202527382 -23.499999999999996 222.31500000000003 13.366853861572077 25.921826227355329 39.961155172413804 27.500000000000004 27.676095370189646 238.50000000000003 216.98500000000004 5.232530704801353 325.42000000000002 156.215 12.953987588301315 206.62500000000003 38.32500000000001 -22.499999999999996 39.961155172413804
decision_type=2 2 2 2 2 2 2 2 2 2 2 2 2 2 2 2 2 2 2 2 2 2 2 2 2 2 2 2 2 2
left_child=-1 2 3 -2 11 20 7 -7 9 18 -11 -5 22 24 21 19 -17 -18 -9 -16 -6 -15 23 -13 -14 -21 -8 -24 29 -29
right_child=1 -3 -4 4 5 6 26 8 -10 10 -12 12 13 14 15 16 17 -19 -20 25 -22 -23 27 -25 -26 -27 -28 28 -30 -31
leaf_value=0.0018098443968048773 -0.0019822908119529084 -0.18501816755771297 3.3373856605627603 -0.012521369183911583 2.2874298790075485 -0.63256269403971921 -0.59726228538681481 5.7310193614959717 5.0581341453220539 -3.1431900278798173 0.52194258244754055 0.73118378703898568 -0.12967245104787611 -0.26171077391636943 -1.2234281126565731 -2.3283256207991925 -0.79755309050858902 1.1963977804500094 1.2643471710822163 -1.4443375254577062 0.72566686467446173 2.3292963749024929 -0.023464784003063552 4.8624941825866701 1.4570379401605154 -4.3054211643480116 -3.1813008452805001 0.29660257983991167 -1.0224962887188345 2.4251404032780886
leaf_weight=5287185 1920968 7008 39 69914 137 242 68 25 23 28 203 94 14845 7057 418 84 425 181 34 53 631 41 10964 23 97 63 71 388 146 178
leaf_count=5287185 1920968 7008 39 69914 137 242 68 25 23 28 203 94 14845 7057 418 84 425 181 34 53 631 41 10964 23 97 63 71 388 146 178
internal_value=0 -0.00470348 -0.00408021 -0.00414448 -0.0431691 0.459817 -0.142682 0.301739 1.02411 0.704167 0.0776841 -0.0501745 -0.125266 -0.202554 -0.351907 -0.961745 -0.460857 -0.202 3.157 -1.60896 1.00426 -0.246744 0.0272003 1.54332 -0.119372 -2.9982 -1.91717 0.0120079 0.558248 0.966001
internal_weight=0 2.03445e+06 2.02744e+06 2.0274e+06 106433 1462 694 555 313 290 231 104971 35057 23264 8322 1224 690 606 59 534 768 7098 11793 117 14942 116 139 11676 712 566
internal_count=7321633 2034448 2027440 2027401 106433 1462 694 555 313 290 231 104971 35057 23264 8322 1224 690 606 59 534 768 7098 11793 117 14942 116 139 11676 712 566
is_linear=0
shrinkage=0.1


Tree=200
num_leaves=31
num_cat=0
split_feature=12 21 12 14 0 14 21 13 14 13 14 0 0 13 17 14 0 18 15 13 21 14 14 11 3 13 13 8 13 9
split_gain=6329.73 49401.1 44290.6 200121 201632 37812.6 105440 101858 93669.3 86079.6 69450.9 53513.9 51593.9 50422.5 45696 48540.1 56903.3 44174.8 72157 39679.6 37757.4 36135.9 31915.8 30701.2 28248.9 32780.1 27347.5 23050.1 22174.5 55605.9
threshold=2.6525000000000007 14.102594559223187 4.7150000000000007 366.89500000000004 7.5000000000000009 199.94500000000002 18.944137109817394 1.2450000000000003 300.30000000000007 2.4450000000000007 325.42000000000002 5.5000000000000009 1.5000000000000002 1.1250000000000002 0.26500000000000007 222.31500000000003 19.500000000000004 19.645000000000003 1.3456173533083648 1.7850000000000004 31.281939121279969 216.98500000000004 541.41500000000008 97.595652173913066 9.6956717531205125 0.9850000000000001 0.015000000000000001 205.50000000000003 1.1850000000000003 1.0000000180025095e-35
decision_type=2 2 2 2 2 2 2 2 2 2 2 2 2 2 2 2 2 2 2 2 2 2 2 2 2 2 2 2 2 2
left_child=20 -2 3 5 -5 -3 7 10 14 17 12 -10 -7 24 15 16 21 -9 -19 -17 -1 -8 23 26 27 -26 -22 -14 29 -4
right_child=1 2 28 4 -6 6 8 9 11 -11 -12 -13 13 -15 -16 19 -18 18 -20 -21 22 -23 -24 -25 25 -27 -28 -29 -30 -31
leaf_value=-0.00010088706002545395 0.064479243135352513 -0.10244681670886738 0.0054824384773079059 -1.2582211883531678 9.9836180295699677 -3.1299321242011131 -0.80064402134692081 -4.0377287430792865 0.64337847179836705 1.9465124740157016 2.6651216802312367 5.1736383928406626 2.5641275469849751 2.487222215912559 3.0857592764354891 -4.6455490941225097 3.5498211271706084 3.1940346336364751 -2.496541631047319 0.57594497962431468 0.1224342230453907 2.9332084442007131 -2.8473434539068316 2.2717616714130751 -0.69185563441536402 -2.9732136594922576 -0.12068061331960162 -0.20386709394180672 -0.01250436005625441 0.25459672390441701
leaf_weight=6886584 124145 33163 39330 27 39 78 244 161 45 43 67 62 41 55 42 43 42 25 205 22 5238 29 42 55 459 73 39663 113 179894 11604
leaf_count=6886584 124145 33163 39330 27 39 78 244 161 45 43 67 62 41 55 42 43 42 25 205 22 5238 29 42 55 459 73 39663 113 179894 11604
internal_value=0 0.0123949 -0.011922 -0.116615 5.38468 -0.126986 -0.567103 -1.04515 0.625766 -2.30026 -0.430348 3.26839 -0.683579 -0.426069 -0.0442833 -0.390235 0.123169 -2.7673 -1.878 -2.87827 -0.000697482 -0.404008 -0.0920016 -0.0894274 -0.659642 -1.0049 -0.0923197 0.533067 0.00398784 0.0622367
internal_weight=0 390051 265906 35078 66 35012 1849 1320 529 434 886 107 819 741 422 380 315 391 230 65 6.93158e+06 273 44998 44956 686 532 44901 154 230828 50934
internal_count=7321633 390051 265906 35078 66 35012 1849 1320 529 434 886 107 819 741 422 380 315 391 230 65 6931582 273 44998 44956 686 532 44901 154 230828 50934
is_linear=0
shrinkage=0.1


Tree=201
num_leaves=31
num_cat=0
split_feature=12 8 2 13 8 8 21 14 14 1 0 14 12 19 14 16 3 0 1 7 7 3 14 18 13 1 0 13 1 0
split_gain=6096.04 28270.3 28413.7 83215 67444 47586 43079.1 97727.9 79931.4 115780 75625.6 63403.2 93705.6 81731.9 87750.8 73744.5 57350.7 44114.2 40327.6 39796.3 39788.6 49928.9 69985.8 44912.2 42088.1 148761 134719 38899.8 34957.8 36850.4
threshold=15.765000000000002 195.50000000000003 26.500000000000004 156.215 753.50000000000011 491.50000000000006 24.488251813304284 751.73500000000013 751.73500000000013 -21.499999999999996 3.5000000000000004 300.30000000000007 41.440000000000005 1.0000000180025095e-35 260.97500000000008 0.057500000000000016 10.056480758077583 2.5000000000000004 -22.499999999999996 61423.000000000007 1619415.5000000002 11.700628930817611 206.62500000000003 17.535000000000004 25.005000000000006 -24.499999999999996 10.500000000000002 4.5050000000000008 -22.499999999999996 9.5000000000000018
decision_type=2 2 2 2 2 2 2 2 2 2 2 2 2 2 2 2 2 2 2 2 2 2 2 2 2 2 2 2 2 2
left_child=-1 -2 3 4 6 19 7 11 20 16 -9 12 -3 -14 15 -15 -10 -16 -12 -4 -8 22 -22 -24 -23 -26 -27 -13 -6 -30
right_child=1 2 5 -5 28 -7 8 10 9 -11 18 27 13 14 17 -17 -18 -19 -20 -21 21 24 23 -25 25 26 -28 -29 29 -31
leaf_value=-0.00038648782427666881 -0.010011010995671281 0.12968618062386247 -1.3294071817554927 4.3246846943485497 0.63068340958830704 -0.19090742735131211 0.4460505749231623 -0.98211254119873059 -5.7237882158649507 2.3864587684956993 8.0024906694889069 0.8294552491962417 -0.059786339055518715 2.8486794718250432 0.73428111473719282 0.79543480992348281 -1.3877745287758965 5.711655060363853 2.8990674072504046 0.12474667180614518 -0.013233582707455484 0.043584480249948897 -3.3110584588962446 -0.89969542798790947 9.2442763935435917 4.3165994491437063 -0.6497911416179506 -1.2060432588748262 4.6180115929016701 1.5513752528893874
leaf_weight=7192595 88719 4144 190 49 303 7058 1619 25 67 41 32 121 490 221 24 839 56 69 30 19877 1480 1725 85 846 22 75 201 419 52 159
leaf_count=7192595 88719 4144 190 49 303 7058 1619 25 67 41 32 121 490 221 24 839 56 69 30 19877 1480 1725 85 846 22 75 201 419 52 159
internal_value=0 0.0215429 0.0909749 0.211341 0.196008 0.0324268 0.150315 0.332134 -0.0372659 -2.21564 3.66091 0.286362 0.383062 1.02213 1.48192 1.22352 -3.74967 4.42717 5.53309 0.110978 0.0217549 -0.13317 -0.440551 -1.11985 0.233166 1.33057 0.699772 -0.749941 1.31888 2.30713
internal_weight=0 129038 40319 13194 13145 27125 12631 6414 6217 164 87 6327 5787 1643 1153 1060 123 93 62 20067 6053 4434 2411 931 2023 298 276 540 514 211
internal_count=7321633 129038 40319 13194 13145 27125 12631 6414 6217 164 87 6327 5787 1643 1153 1060 123 93 62 20067 6053 4434 2411 931 2023 298 276 540 514 211
is_linear=0
shrinkage=0.1


Tree=202
num_leaves=31
num_cat=0
split_feature=3 21 14 21 5 26 14 14 18 1 12 26 0 26 14 21 18 8 10 15 14 13 21 3 0 8 15 14 11 16
split_gain=5591.09 33014 51757.8 55319.5 65802.9 86119.1 119459 47231.8 45043.6 38607.3 41331.4 37116.5 29748 21777.8 18329.9 42581.9 32431.2 35233.5 36776 29036.5 19834.1 39379.9 27960.3 18982.5 19330.9 19121 18109.3 19849.6 24584 18631.1
threshold=18.96254208754209 10.487127586999657 325.42000000000002 20.361829940509359 1.0000000180025095e-35 3.4050000000000007 541.41500000000008 541.41500000000008 59.515000000000008 -26.499999999999996 1.2075000000000002 8.2550000000000008 22.500000000000004 0.30500000000000005 60.005000000000003 13.490306365337085 37.255000000000003 148.50000000000003 1.0000000180025095e-35 5.4919345238095243 210.87500000000003 1.385 25.921826227355329 19.099222797927464 21.500000000000004 185.50000000000003 2.0798201438848927 94.240000000000009 7.9678711167878218 0.15750000000000006
decision_type=2 2 2 2 2 2 2 2 2 2 2 2 2 2 2 2 2 2 2 2 2 2 2 2 2 2 2 2 2 2
left_child=-1 -2 14 7 5 6 12 9 -7 -4 -11 13 -5 -12 -3 16 17 26 -19 -17 -21 -22 -23 -18 25 -25 27 -16 -29 -30
right_child=1 2 3 4 -6 8 -8 -9 -10 10 11 -13 -14 -15 15 19 23 18 -20 20 21 22 -24 24 -26 -27 -28 28 29 -31
leaf_value=-0.00048765224827257664 -0.0029644274560610604 0.046672311040857201 -1.7556511332988738 3.5283746472111455 -3.9111438548926154 1.8328542040454019 -7.182354324340821 5.9623581535675951 7.096447227114723 -0.75521570311652297 3.1372043316960334 0.60808884906768812 -1.2107515261723447 7.1978566376226283 0.58382005436684603 0.21760733451432124 -0.37037880473903251 0.81585229173132034 -0.80826479058584588 -0.090369518428007931 -2.6228050147135233 -1.0570782638744478 1.6166483141359735 5.7543602043932136 0.35802886449929439 2.4544854587265128 0.029559279860220323 3.4453442332024373 0.90244198524823749 3.2814011371135714
leaf_weight=7100516 179433 30913 25 27 33 72 25 34 21 27 25 25 26 28 220 6978 28 262 298 1768 97 109 61 22 33 87 142 72 186 40
leaf_count=7100516 179433 30913 25 27 33 72 25 34 21 27 25 25 26 28 220 6978 28 262 298 1768 97 109 61 22 33 87 142 72 186 40
internal_value=0 0.0156595 0.0958281 1.27653 0.17721 0.966191 -1.48426 2.64397 3.02141 1.77608 2.61697 3.78426 1.20352 5.28245 0.0853117 0.20013 0.715312 0.535003 -0.04841 0.120678 -0.211691 -1.01505 -0.0976823 2.0093 2.47853 3.12052 1.03002 1.30428 1.83616 1.3235
internal_weight=0 221117 41684 368 204 171 78 164 93 130 105 78 53 53 41316 10403 1390 1220 560 9013 2035 267 170 170 142 109 660 518 298 226
internal_count=7321633 221117 41684 368 204 171 78 164 93 130 105 78 53 53 41316 10403 1390 1220 560 9013 2035 267 170 170 142 109 660 518 298 226
is_linear=0
shrinkage=0.1


Tree=203
num_leaves=31
num_cat=0
split_feature=3 21 14 11 15 15 0 21 13 18 26 21 26 14 8 12 1 21 14 12 21 26 14 8 18 8 12 7 8 12
split_gain=5541.96 23966 42536.2 39466.2 34430 31139.1 69123.8 50990.6 73292.4 56703 60813.4 51738.8 49171.5 45496 26563.8 25445.9 21331.3 16786.6 20264.1 16014.2 16110.6 14937.9 13566.9 13426.9 9263.91 9127.15 8753.66 8525.64 7162.59 8392.99
threshold=1.4514106583072104 10.487127586999657 139.87500000000003 10.904732543479069 0.055612683318056834 6.8370836019772199 1.5000000000000002 16.460509296098724 4.3350000000000009 21.115000000000006 12.735000000000001 14.102594559223187 3.5450000000000004 300.30000000000007 50.500000000000007 1.2075000000000002 -25.499999999999996 24.488251813304284 300.30000000000007 90.50500000000001 25.921826227355329 5.4850000000000012 199.57000000000002 9.5000000000000018 44.240000000000009 976.50000000000011 1.2925000000000002 1919260.5000000002 28.500000000000004 1.7075000000000002
decision_type=2 2 2 2 2 2 2 2 2 2 2 2 2 2 2 2 2 2 2 2 2 2 2 2 2 2 2 2 2 2
left_child=1 -1 25 21 -5 7 17 8 11 19 24 14 26 15 22 -14 -16 18 -7 -9 -21 -4 -6 -19 -11 28 -13 -22 -3 -30
right_child=-2 2 3 4 5 6 -8 9 -10 10 -12 12 13 -15 16 -17 -18 23 -20 20 27 -23 -24 -25 -26 -27 -28 -29 29 -31
leaf_value=0.00027102160243926534 -0.00020590178152570012 -0.0060089403098070029 5.0076199321835126 -2.2111801850795749 1.1187734135559626 0.194758924761334 -5.5014565176584505 1.817121867597967 5.6177288542623103 7.8603833516438799 1.1949046660692264 -0.17109763145446777 -4.3651960055033365 -6.8707998548235212 -2.2225856845195477 -0.47336083586726874 1.5824460829005522 0.50382324065347872 2.9244064120359199 -2.3554613794599262 -0.26008789914625663 1.9313213638961315 4.4562396707205938 -1.7754125500718754 5.1829782009124763 1.6342444832699421 2.7195368853482336 2.3599203576212342 0.13804399460642455 0.59159735701489069
leaf_weight=33247 7280853 3238 27 40 21 74 22 138 23 24 39 20 24 21 26 56 34 56 43 21 27 38 29 48 28 39 22 23 2856 476
leaf_count=33247 7280853 3238 27 40 21 74 22 138 23 24 39 20 24 21 26 56 34 56 43 21 27 38 29 48 28 39 22 23 2856 476
internal_value=0 0.0367617 0.197814 0.833331 0.653552 0.793466 -0.155869 1.19397 0.213033 2.09643 4.17993 -0.278303 -1.53253 -2.72831 1.35219 -1.64091 -0.066401 0.376271 1.19796 1.18925 -0.0311112 3.20917 3.0545 -0.548132 6.4187 0.108962 1.34304 0.945116 0.0999082 0.202837
internal_weight=0 40780 7533 924 859 819 243 576 276 300 91 253 143 101 110 80 60 221 117 209 71 65 50 104 52 6609 42 50 6570 3332
internal_count=7321633 40780 7533 924 859 819 243 576 276 300 91 253 143 101 110 80 60 221 117 209 71 65 50 104 52 6609 42 50 6570 3332
is_linear=0
shrinkage=0.1


Tree=204
num_leaves=31
num_cat=0
split_feature=15 12 21 18 14 3 1 7 25 8 2 26 11 13 0 0 10 0 18 21 16 21 21 15 1 13 0 26 11 12
split_gain=5506.66 17837.5 32400.8 40135.2 113670 110384 79339.8 118710 274596 166049 81431.9 72461.4 66660.7 120948 88394.4 166108 150553 87320.1 82305.8 77271.6 171797 67470.5 65354.1 63682.4 63240.1 69049.3 62648.2 59667.6 58912.9 57625
threshold=1.4030475065616801 10.890000000000002 12.066169858953876 64.200000000000017 250.17500000000004 6.0359343294595105 -25.499999999999996 1919260.5000000002 3.5000000000000004 976.50000000000011 27.500000000000004 18.140000000000004 39.961155172413804 0.56500000000000006 7.5000000000000009 10.500000000000002 1.0000000180025095e-35 5.5000000000000009 44.240000000000009 14.222470423884381 0.23750000000000004 14.78430661152403 14.222470423884381 1.9107239583333335 -21.499999999999996 0.88500000000000012 13.500000000000002 18.140000000000004 56.445755494505498 1.0425000000000002
decision_type=2 2 2 2 2 2 2 2 2 2 2 2 2 2 2 2 2 2 2 2 2 2 2 2 2 2 2 2 2 2
left_child=-1 2 -2 4 28 22 -5 23 11 -10 29 -9 19 14 17 16 -16 -14 21 20 -7 -15 -6 -8 25 -25 -23 -24 -4 -11
right_child=1 -3 3 6 5 12 7 8 9 10 -12 -13 13 18 15 -17 -18 -19 -20 -21 -22 26 27 24 -26 -27 -28 -29 -30 -31
leaf_value=0.00069664543172477103 -0.0031184260428688149 0.021371698905482784 -0.074409958356251721 -0.32839646459668942 -3.1810592712500156 7.2540822043563384 2.4427778058713026 3.960470587559529 2.342807037478722 1.8200442778883059 -1.8572260563383627 1.0183802972325182 -1.4589367042473758 -2.6385156016879616 -0.50253511565652764 -0.93886758757572553 10.84006263923645 -6.0029401831193407 5.8558494329452522 -1.4751254967764904 -2.0420952563285826 2.9665655009082106 0.45033934140577919 0.36799804453703433 -0.9759352642075716 -1.3407374549437163 -1.0735183370964867 3.3160382313931245 1.9026493059483585 -0.16241376652512604
leaf_weight=6877826 228086 124157 81330 2307 39 33 101 323 328 181 237 113 183 45 22 255 25 55 38 1605 50 122 320 1857 651 271 56 94 151 772
leaf_count=6877826 228086 124157 81330 2307 39 33 101 323 328 181 237 113 183 45 22 255 25 55 38 1605 50 122 320 1857 651 271 56 94 151 772
internal_value=0 -0.0107961 -0.0232906 -0.0735396 -0.0927949 -0.703454 0.154102 0.384371 0.985994 0.350674 -0.198418 3.19796 -0.964771 -0.213508 -1.0678 0.0679952 5.53076 -2.50902 1.554 -1.32127 1.65398 0.820945 0.732351 -0.0238128 -0.113459 0.150391 1.69553 1.10101 -0.0707461 0.214108
internal_weight=0 443807 319650 91564 84423 2942 7141 4834 1954 1518 1190 436 2489 801 540 302 47 238 261 1688 83 223 453 2880 2779 2128 178 414 81481 953
internal_count=7321633 443807 319650 91564 84423 2942 7141 4834 1954 1518 1190 436 2489 801 540 302 47 238 261 1688 83 223 453 2880 2779 2128 178 414 81481 953
is_linear=0
shrinkage=0.1


Tree=205
num_leaves=31
num_cat=0
split_feature=0 12 3 1 3 13 1 13 21 3 3 3 0 16 2 3 13 21 14 17 7 1 8 20 16 1 14 21 26 3
split_gain=5402.86 30758.1 26168 43202.6 76140 47747.4 34990.7 40650.7 34015.4 33091.3 33178.7 28467 36784.8 32317.6 45564.9 29121.1 23521.6 23030.9 55985.9 24314.8 22476 43814.5 21234.7 21014.2 20407.6 20186 62612.7 80849.9 45910.8 47537.7
threshold=19.500000000000004 110.17000000000002 10.398818897637797 -21.499999999999996 9.4373083938065125 202.99500000000003 -26.499999999999996 70.780000000000015 33.883288290323883 10.681127163868281 10.943537562934328 17.380387507267397 21.500000000000004 62.100000000000009 26.500000000000004 13.172733361620265 128.35500000000005 25.921826227355329 366.89500000000004 9.8400000000000016 1619415.5000000002 -24.499999999999996 9.5000000000000018 1.0000000180025095e-35 11.520000000000001 -24.499999999999996 751.73500000000013 32.102631101271896 86.485000000000014 11.155016356176537
decision_type=2 2 2 2 2 2 2 2 2 2 2 2 2 2 2 2 2 2 2 2 2 2 2 2 2 2 2 2 2 2
left_child=-1 -2 3 5 -5 6 7 -3 -8 23 16 13 17 25 15 -15 -11 19 -19 22 -16 -22 -13 24 -4 26 -12 -28 29 -27
right_child=1 2 9 4 -6 -7 8 -9 -10 10 11 12 -14 14 20 -17 -18 18 -20 -21 21 -23 -24 -25 -26 28 27 -29 -30 -31
leaf_value=0.0013041235203158864 -0.0048601015946655828 -0.017788687590006236 -0.12912689726198875 -5.5774465837261893 0.42070498809976098 5.1714695182713601 0.33076876013633916 4.5540250278100736 -2.9967035116571368 2.7053629732131963 -0.82511727584681172 -0.035972435464543748 -0.50853123326418237 -2.3112567640967288 0.70341685215632133 1.133941618601481 -0.40224457368618105 1.0684690915048123 6.8843775463104251 -2.5490251672955662 6.473784395364615 0.48199822488038441 2.2779064566402112 -4.2329832358225703 -3.0487628997900549 2.8030983726183578 -0.59360474833735721 -8.4856505775451669 3.6112240321934226 -0.63147177901624441
leaf_weight=5950255 1367492 37 62 33 59 22 445 41 33 60 960 121 380 59 54 42 41 96 20 26 26 23 59 31 39 42 27 25 28 995
leaf_count=5950255 1367492 37 62 33 59 22 445 41 33 60 960 121 380 59 54 42 41 96 20 26 26 23 59 31 39 42 27 25 28 995
internal_value=0 -0.00565845 -0.286597 0.281934 -1.73081 0.602301 0.421507 2.38534 0.101048 -0.405041 -0.338678 -0.399032 0.157817 -0.570408 0.630639 -0.8786 1.44386 0.944192 2.07121 0.309559 2.11057 3.66131 0.722466 -1.95553 -1.25651 -0.688373 -1.00818 -4.38786 -0.384479 -0.492367
internal_weight=0 1.37138e+06 3886 670 92 578 556 78 478 3216 3084 2983 702 2281 204 101 101 322 116 206 103 49 180 132 101 2077 1012 52 1065 1037
internal_count=7321633 1371378 3886 670 92 578 556 78 478 3216 3084 2983 702 2281 204 101 101 322 116 206 103 49 180 132 101 2077 1012 52 1065 1037
is_linear=0
shrinkage=0.1


Tree=206
num_leaves=31
num_cat=0
split_feature=12 5 15 12 8 15 14 12 14 0 15 11 13 14 12 18 12 26 15 0 25 18 8 15 2 3 0 19 7 1
split_gain=5411.05 39193.7 53777.8 126382 102685 80090.8 61459.6 299153 228032 237091 133829 127438 137527 119282 106678 100550 143534 151454 134747 95967.4 91373.6 72820.4 59566.9 57407.6 98715.9 73020.9 57069.7 56952.6 56106.9 59868.9
threshold=1.0725000000000005 1.0000000180025095e-35 3.4360934744268081 327.12750000000005 1307.5000000000002 0.69845105355575077 300.30000000000007 2.0350000000000006 751.73500000000013 9.5000000000000018 3.074890243902439 97.595652173913066 65.455000000000013 751.73500000000013 1.2075000000000002 10.885000000000003 1.3025000000000004 3.0450000000000004 0.63458389709000607 13.500000000000002 3.5000000000000004 0.025000000000000005 205.50000000000003 0.26683696330848067 27.500000000000004 11.471449056603776 15.500000000000002 1.0000000180025095e-35 1919260.5000000002 -22.499999999999996
decision_type=2 2 2 2 2 2 2 2 2 2 2 2 2 2 2 2 2 2 2 2 2 2 2 2 2 2 2 2 2 2
left_child=-1 -2 3 6 -4 -5 11 13 10 -10 21 -3 -13 14 -8 -16 17 -17 -18 -12 -20 27 -14 24 25 -23 -26 -9 29 -25
right_child=1 2 4 5 -6 -7 7 8 9 -11 19 12 22 -15 15 16 18 -19 20 -21 -22 23 -24 28 26 -27 -28 -29 -30 -31
leaf_value=-0.001501724090991423 0.010851159452491311 -0.052390921537640023 0.074209873454554751 -1.7514971061628692 2.3252274833473505 -7.5135204687714578 -1.5087096903328983 -0.93147102892398836 10.096855519557822 0.36228110018101606 10.920637394034344 -1.900573759935944 -0.32368092812097871 -2.991764123197536 -2.3993826770782469 9.077500742673875 5.3225667161411714 1.6899488518825561 1.2761551749899234 1.6823218275200238 -0.85064268696533984 -1.8807547823622308 2.4487353588770895 -0.32063611294929084 4.7604423761367798 0.46998646894184698 -0.83469463036610536 4.5849183528563557 1.9560552977074839 2.5987463512754703
leaf_weight=5609823 1483917 191896 30637 98 204 32 491 24 58 44 23 757 313 171 135 32 45 209 278 22 739 232 103 308 61 307 26 85 472 91
leaf_count=5609823 1483917 191896 30637 98 204 32 491 24 58 44 23 757 313 171 135 32 45 209 278 22 739 232 103 308 61 307 26 85 472 91
internal_value=0 0.00492134 -0.0336904 -0.0529085 0.0890994 -3.16984 -0.0508508 0.344611 1.30903 5.89763 1.02554 -0.0587429 -1.09789 -0.460449 -0.236056 0.198487 0.467645 2.67087 -0.0323336 6.40413 -0.269276 0.874836 0.362759 0.693135 -0.0373232 -0.541835 3.08833 3.3703 1.21813 0.345188
internal_weight=0 1.71181e+06 227893 197052 30841 130 196922 3853 1753 102 1651 193069 1173 2100 1929 1438 1303 241 1062 45 1017 1606 416 1497 626 539 87 109 871 399
internal_count=7321633 1711810 227893 197052 30841 130 196922 3853 1753 102 1651 193069 1173 2100 1929 1438 1303 241 1062 45 1017 1606 416 1497 626 539 87 109 871 399
is_linear=0
shrinkage=0.1


Tree=207
num_leaves=31
num_cat=0
split_feature=14 26 21 14 12 18 13 7 15 11 8 25 18 22 12 15 16 14 11 18 14 11 1 1 14 7 13 6 11 12
split_gain=5566.96 18607.1 49920.7 34499.4 49426 31701.2 46188.2 55361.5 45109.6 70049.6 46025.3 37030.3 48635.6 35377.7 31515.1 33614 81504.9 54565.1 50663.4 40421.7 39249 36326.9 34731.8 62515.2 75240.3 42109.9 32156.8 28813.7 56343 40910.4
threshold=80.085000000000022 3.6950000000000007 10.487127586999657 222.31500000000003 45.030000000000008 13.735000000000001 202.99500000000003 1619415.5000000002 0.50899688334817472 2.4991639575205902 5341.5000000000009 2.5000000000000004 14.775 4.541972752559345 38.780000000000008 0.94303353658536593 0.28250000000000008 214.71500000000003 15.247429966617927 8.5050000000000008 230.54500000000004 11.975994789405126 -25.499999999999996 -23.499999999999996 366.89500000000004 1919260.5000000002 0.115 1.0000000180025095e-35 1.726410664958056 62.007500000000007
decision_type=2 2 2 2 2 2 2 2 2 2 2 2 2 2 2 2 2 2 2 2 2 2 2 2 2 2 2 2 2 2
left_child=-1 27 3 -3 -5 6 8 -8 9 -4 13 12 -7 -11 15 16 18 -18 19 26 21 -17 -22 24 -24 -25 -10 29 -29 -2
right_child=1 2 5 4 -6 11 7 -9 14 10 -12 -13 -14 -15 -16 20 17 -19 -20 -21 22 -23 23 25 -26 -27 -28 28 -30 -31
leaf_value=0.0016231457124911083 -0.0039676400797173271 -0.4630357684994304 -0.28373926488059653 -2.8397549337677739 1.2237692851769297 3.2069302203050301 -0.90965588922085971 5.5655890234055061 -0.34887450566065725 0.33827897923548461 -0.64533994114047166 -0.011422458779744614 0.41556163290515546 1.4179637795092042 0.079038288928023448 -0.48737063397097807 0.58878489292028158 3.1625155174985848 1.3511467005451059 -0.1419452769811573 -1.9307874486545353 -0.14053594698260904 0.0069276192784309383 -0.76905498106683057 5.3015548809882134 -3.3429877085545487 -1.6755572474404934 -0.19058194916702573 0.073282458862181668 -0.22451497363555362
leaf_weight=5437523 1640387 945 3114 141 38 67 23 31 435 4220 449 96320 913 327 4042 5165 666 94 215 8993 268 7271 200 252 31 85 315 8875 91774 8454
leaf_count=5437523 1640387 945 3114 141 38 67 23 31 435 4220 449 96320 913 327 4042 5165 666 94 215 8993 268 7271 200 252 31 85 315 8875 91774 8454
internal_value=0 -0.00468438 -0.0405095 -0.704156 -1.97711 -0.0349218 -0.114819 2.80761 -0.119185 0.0885191 0.320547 -0.00519979 0.6064 0.415925 -0.179276 -0.222799 -0.0910777 0.907115 -0.16726 -0.200767 -0.329173 -0.284586 -0.992432 -0.549687 0.717462 -1.41827 -0.906081 -0.00192771 0.0500155 -0.00509844
internal_weight=0 1.88411e+06 134620 1124 179 133496 36196 54 36142 8110 4996 97300 980 4547 28032 23990 10718 760 9958 9743 13272 12436 836 568 231 337 750 1.74949e+06 100649 1.64884e+06
internal_count=7321633 1884110 134620 1124 179 133496 36196 54 36142 8110 4996 97300 980 4547 28032 23990 10718 760 9958 9743 13272 12436 836 568 231 337 750 1749490 100649 1648841
is_linear=0
shrinkage=0.1


Tree=208
num_leaves=31
num_cat=0
split_feature=3 21 18 21 22 0 26 1 14 14 0 21 12 14 26 15 19 21 14 5 10 26 14 11 0 1 11 26 11 25
split_gain=5105.64 32911.2 49350.3 53854.7 55354.7 45808.3 41592 49350.8 50750.3 44706.8 41866.2 36612.5 32983 32786.3 33858.8 51675.3 38006.7 50795.7 38614.9 32410.7 75898.8 38279.9 33020.3 32120.5 35256.1 43617.3 31729.1 30875.6 29102.1 26414.4
threshold=16.734368215371259 10.487127586999657 35.705000000000005 26.415021400611611 3.913104740650081 21.500000000000004 23.575000000000003 -26.499999999999996 405.02000000000004 168.34000000000003 19.500000000000004 25.921826227355329 327.12750000000005 366.89500000000004 0.17500000000000002 0.69845105355575077 1.0000000180025095e-35 23.266330780877443 405.02000000000004 1.0000000180025095e-35 1.0000000180025095e-35 2.7750000000000004 325.42000000000002 39.961155172413804 15.500000000000002 -23.499999999999996 33.912511961722494 4.0850000000000009 18.720427927927933 3.5000000000000004
decision_type=2 2 2 2 2 2 2 2 2 2 2 2 2 2 2 2 2 2 2 2 2 2 2 2 2 2 2 2 2 2
left_child=-1 -2 12 4 29 6 9 10 -9 -6 28 19 13 -3 15 23 18 -18 -16 21 -21 26 -22 24 25 -15 -11 -23 -8 -4
right_child=1 2 3 -5 5 -7 7 8 -10 11 -12 -13 -14 14 16 -17 17 -19 -20 20 22 27 -24 -25 -26 -27 -28 -29 -30 -31
leaf_value=-0.00081891738118841987 -0.0024381811019968699 0.042762728106854928 0.2044367636531228 -0.22373943969165586 0.78118285782736285 -0.050061252705692762 1.2280742441886106 0.23446601070804177 -4.7749859667959669 1.018405302365621 -0.44958047866821294 5.1717089699374306 -3.3868838088853019 6.1342320528897378 3.1336997672915459 -2.7228720982869468 6.2175447189807898 0.47148544025421146 -2.5389628211657209 6.9783412582734066 2.2896046067072406 4.754717848851131 -1.8505809238978796 4.7251731441134499 -0.36150814189064889 0.51155422120480931 -4.415871910615401 0.97234111254609479 5.1053923115438344 -3.1900039938779976
leaf_weight=6679288 520467 118299 41 877 516 496 32 547 21 21 38 36 28 22 24 45 40 25 24 34 233 26 21 21 124 37 22 127 49 52
leaf_count=6679288 520467 118299 41 877 516 496 32 547 21 21 38 36 28 22 24 45 40 25 24 34 233 26 21 21 124 37 22 127 49 52
internal_value=0 0.00851534 0.0552912 0.443495 0.696595 0.796766 1.04054 0.4372 0.0492574 1.44064 2.2889 2.09502 0.0448607 0.0456705 0.995899 0.34439 2.43153 4.00752 0.297368 1.86617 2.54125 0.874221 1.94731 1.02099 0.595921 2.60815 -1.76192 1.6151 3.57361 -1.69353
internal_weight=0 642345 121878 3189 2312 2219 1723 687 568 1036 119 520 118689 118661 362 249 113 65 48 484 288 196 254 204 183 59 43 153 81 93
internal_count=7321633 642345 121878 3189 2312 2219 1723 687 568 1036 119 520 118689 118661 362 249 113 65 48 484 288 196 254 204 183 59 43 153 81 93
is_linear=0
shrinkage=0.1


Tree=209
num_leaves=31
num_cat=0
split_feature=2 24 18 21 1 14 7 5 21 14 8 3 0 1 1 1 16 1 26 3 3 18 18 21 21 1 3 13 5 15
split_gain=5142.03 19778.2 111083 70107 150107 105539 58418.1 56418.7 56052.1 79530.7 184223 112037 135534 268132 432015 132658 624669 112207 226482 103128 95879.7 76421.5 332421 121840 118661 101913 101718 77081.7 72913.3 63527.7
threshold=26.500000000000004 400.00000000000006 13.735000000000001 16.460509296098724 -21.499999999999996 184.94000000000003 1919260.5000000002 1.0000000180025095e-35 16.460509296098724 325.42000000000002 1993.5000000000002 12.593775947739127 10.500000000000002 -22.499999999999996 -21.499999999999996 -22.499999999999996 84.570000000000007 -23.499999999999996 40.945000000000007 3.7654511281005019 12.953987588301315 64.200000000000017 59.515000000000008 24.488251813304284 23.266330780877443 -24.499999999999996 10.165692134442136 156.215 1.0000000180025095e-35 0.15717495881383856
decision_type=2 2 2 2 2 2 2 2 2 2 2 2 2 2 2 2 2 2 2 2 2 2 2 2 2 2 2 2 2 2
left_child=1 3 -3 -1 5 -5 -6 -8 -4 -10 11 19 13 -13 -15 17 -17 20 -19 28 -14 22 29 24 25 -23 27 -25 -11 -21
right_child=-2 2 8 4 6 -7 7 -9 9 10 -12 12 15 14 -16 16 -18 18 -20 21 -22 23 -24 26 -26 -27 -28 -29 -30 -31
leaf_value=-0.00057950265548075796 -0.0021100327898976989 -0.0013419911662326544 0.19572216201123988 0.21225191664530174 -0.38533432506024839 -2.4727847368449756 7.5329668352680832 1.4997934710594916 0.023874116835095105 6.733805617308005 9.6341135371815074 1.4357793509132333 6.1061836181148408 16.172140429251723 0.33176358179612597 0.78545728311273122 -16.839957070350646 1.7640133037567141 13.302815287763423 -4.2187734050135459 0.38565595715345069 -4.3045770370354086 13.24266899108887 -2.0921542070806027 2.9402623065701734 0.45328062003380376 -0.20520641088485717 -6.0600861774116268 -0.36529068739517878 0.36026634882094261
leaf_weight=2259614 4480955 470491 45233 225 40 419 31 31 61060 39 22 216 31 36 33 124 24 75 22 31 534 59 20 248 143 190 265 61 23 1338
leaf_count=2259614 4480955 470491 45233 225 40 419 31 31 61060 39 22 216 31 36 33 124 24 75 22 31 534 59 20 248 143 190 265 61 23 1338
internal_value=0 0.00332842 0.0197963 -0.000899498 -0.970158 -1.53469 2.59414 4.51638 0.110351 0.0505689 0.511798 0.454653 1.2938 3.16938 8.59631 0.633867 -2.07272 1.23897 4.38106 0.0744874 0.699526 -0.0314992 0.443562 -0.714584 0.644415 -0.674083 -1.64268 -2.87547 4.10027 0.256577
internal_weight=0 2.84068e+06 580318 2.26036e+06 746 644 102 62 109827 64594 3534 3512 1095 285 69 810 148 662 97 2417 565 2355 1389 966 392 249 574 309 62 1369
internal_count=7321633 2840678 580318 2260360 746 644 102 62 109827 64594 3534 3512 1095 285 69 810 148 662 97 2417 565 2355 1389 966 392 249 574 309 62 1369
is_linear=0
shrinkage=0.1


Tree=210
num_leaves=31
num_cat=0
split_feature=26 11 12 11 14 18 2 3 3 3 14 8 8 0 15 1 18 12 11 3 1 14 0 3 1 11 1 11 8 8
split_gain=6055.58 24657 36902.2 44945.7 49022.5 67834.9 70713 90431.9 102660 72995.7 64411.8 61414.3 60560.6 59917.9 78188.8 55811.1 55687.8 78233.1 48528.3 47274.5 59298.8 50209.1 57207.9 46559.3 91695.8 43077.6 42549.7 53461.8 40118.5 38937.8
threshold=10.205000000000002 56.445755494505498 7.0750000000000011 9.2011025993237556 246.57500000000002 10.975000000000003 26.500000000000004 9.2870318684664586 7.0021551724137945 7.6179452201358808 206.62500000000003 1917.5000000000002 2685.0000000000005 3.5000000000000004 1.0254262484951007 -26.499999999999996 83.420000000000016 4.3525000000000009 10.904732543479069 17.176305849108292 -23.499999999999996 325.42000000000002 13.500000000000002 11.755687085502389 -21.499999999999996 13.744946153846156 -25.499999999999996 28.835726227795195 45.500000000000007 723.50000000000011
decision_type=2 2 2 2 2 2 2 2 2 2 2 2 2 2 2 2 2 2 2 2 2 2 2 2 2 2 2 2 2 2
left_child=-1 2 3 -2 10 13 7 8 -7 -10 11 -5 15 -6 -15 -9 17 18 -12 28 21 22 -21 -13 -25 -11 -14 -28 -8 -30
right_child=1 -3 -4 4 5 6 19 12 9 25 16 23 26 14 -16 -17 -18 -19 -20 20 -22 -23 -24 24 -26 -27 27 -29 29 -31
leaf_value=0.00029073425051955292 -0.10070737451654395 0.090665914710704676 -0.20868557186060555 0.067591710733263838 0.78973696048443143 0.31418860151734151 2.6037364211949434 2.7922247694141564 7.1818972989132535 -0.7354485902521346 0.13140555102852042 4.3147856452248314 -3.4906658939214852 -1.0128557403882346 -8.9281107499049259 0.14433039682957097 -0.64085543723525229 -4.1731652423258749 1.1688443561739212 5.1839077522357311 3.5082569511935997 -4.6499492597579959 -0.026029203134465079 -0.14821631498937685 7.0015807015555245 3.1320436588592 -1.3128177136755907 2.4214998945276789 -0.90859116799205786 -0.23346777929339069
leaf_weight=7247564 26989 14076 12576 11269 26 284 44 87 38 36 621 55 65 24 26 936 296 31 1646 24 68 20 173 123 21 144 208 47 1210 2906
leaf_count=7247564 26989 14076 12576 11269 26 284 44 87 38 36 621 55 65 24 26 936 296 31 1646 24 68 20 173 123 21 144 208 47 1210 2906
internal_value=0 -0.028448 -0.0563954 -0.0160048 0.0959023 -0.134335 -0.0984527 0.421977 1.56709 3.19931 0.200133 0.0983438 -0.00605515 -3.10403 -5.12879 0.369518 0.650139 0.816428 0.884658 -0.314469 0.931485 0.124017 0.608684 1.83978 0.894462 2.35855 -1.20672 -0.624532 -0.399829 -0.431937
internal_weight=0 74069 59993 47417 20428 6366 6290 1845 502 218 14062 11468 1343 76 50 1023 2594 2298 2267 4445 285 217 197 199 144 180 320 255 4160 4116
internal_count=7321633 74069 59993 47417 20428 6366 6290 1845 502 218 14062 11468 1343 76 50 1023 2594 2298 2267 4445 285 217 197 199 144 180 320 255 4160 4116
is_linear=0
shrinkage=0.1


Tree=211
num_leaves=31
num_cat=0
split_feature=15 26 3 14 12 8 5 21 11 21 21 18 12 8 21 16 8 14 4 26 7 26 8 15 1 12 11 21 11 3
split_gain=5570.6 27738.6 26648.9 36921.4 50289.7 34461.7 61125.7 40067.6 34040.3 33327.9 28258.4 28163 24890.8 41410.8 51718.5 24460.2 20078.9 37720.2 47154.7 20270.1 18450.9 17522 17605 16047.6 33793.9 16012.6 30720.2 44657.6 40680.6 43812.9
threshold=0.45365403753314187 0.35500000000000004 13.856944168487981 111.52000000000002 0.15250000000000005 4162.0000000000009 1.0000000180025095e-35 20.361829940509359 5.5540927108566409 32.102631101271896 14.222470423884381 37.255000000000003 21.980000000000004 95.500000000000014 14.102594559223187 0.027500000000000004 5106.0000000000009 98.595000000000013 1.0000000180025095e-35 6.5250000000000012 1919260.5000000002 3.9550000000000005 1441.5000000000002 0.22851778145353049 -25.499999999999996 1.3025000000000004 2.6466031941031947 10.487127586999657 5.137612136577407 10.71351628622724
decision_type=2 2 2 2 2 2 2 2 2 2 2 2 2 2 2 2 2 2 2 2 2 2 2 2 2 2 2 2 2 2
left_child=1 -1 16 -4 10 9 7 -7 -8 11 20 12 13 14 -6 -16 25 -18 19 -19 -5 22 -12 24 -15 26 -3 -28 -29 -30
right_child=-2 2 3 4 5 6 8 -9 -10 -11 21 -13 -14 23 15 -17 17 18 -20 -21 -22 -23 -24 -25 -26 -27 27 28 29 -31
leaf_value=-0.000524403155431125 -0.0040095604504580265 0.016258625034877058 0.048180042419229095 0.37132770840316542 0.30190219401000917 0.11575025265067312 0.86196041955613778 2.2491062350980529 2.5338888443178602 3.1042465230396816 1.7925440948743088 1.0153298289877064 -2.5258824884891511 1.0850972056134112 1.250891312758128 4.9539381038058892 0.00462816914402685 -0.2524192225306886 0.031000798134410385 -0.71490608786764698 2.148792250824175 1.2649184377646885 4.6031809354439757 -0.17239328644385382 -0.13623000762359525 -0.063529562619998425 -0.033081916035480739 0.14875906505674005 0.85211194382206978 0.10034624027634809
leaf_weight=4497060 2351955 218438 116940 455 176 2704 789 91 144 35 52 265 40 340 30 44 56036 9394 7389 1054 67 163 39 4077 679 19778 12211 18005 1847 1336
leaf_count=4497060 2351955 218438 116940 455 176 2704 789 91 144 35 52 265 40 340 30 44 56036 9394 7389 1054 67 163 39 4077 679 19778 12211 18005 1847 1336
internal_value=0 0.00189757 0.0249431 0.0640882 0.24665 0.182868 0.419159 0.185208 1.12001 0.0279451 1.02041 0.00889176 -0.0406266 -0.0220314 1.23454 3.4527 0.0105388 -0.0356873 -0.162341 -0.299075 0.59947 1.8855 2.9971 -0.0836763 0.271279 0.0231113 0.0299156 0.119236 0.207019 0.536573
internal_weight=0 4.96968e+06 472618 127130 10190 9414 3728 2795 933 5686 776 5651 5386 5346 250 74 345488 73873 17837 10448 522 254 91 5096 1019 271615 251837 33399 21188 3183
internal_count=7321633 4969678 472618 127130 10190 9414 3728 2795 933 5686 776 5651 5386 5346 250 74 345488 73873 17837 10448 522 254 91 5096 1019 271615 251837 33399 21188 3183
is_linear=0
shrinkage=0.1


Tree=212
num_leaves=31
num_cat=0
split_feature=16 16 0 12 14 26 5 1 0 8 12 0 3 0 1 3 21 3 13 26 26 2 12 1 2 11 1 26 21 14
split_gain=5491.2 16572.4 45701.8 65000.7 64137.2 116485 56322.4 34394.8 31321 171881 44349.6 25977.7 22494.1 25386.2 56043.8 98656.6 21932.2 21790.5 20868.5 20276.2 46855.8 15554.7 30760.7 15320.7 13155.1 12796.1 12431.4 11667 46787.4 44460.9
threshold=11.910000000000002 10.782500000000001 16.500000000000004 171.39000000000001 470.11500000000007 23.575000000000003 1.0000000180025095e-35 -26.499999999999996 14.500000000000002 248.50000000000003 110.17000000000002 20.500000000000004 10.943537562934328 3.5000000000000004 -23.499999999999996 12.593775947739127 32.102631101271896 15.31497493734336 36.675000000000004 8.8050000000000015 11.200000000000001 27.500000000000004 171.39000000000001 -23.499999999999996 27.500000000000004 97.595652173913066 -22.499999999999996 21.300000000000004 18.944137109817394 751.73500000000013
decision_type=2 2 2 2 2 2 2 2 2 2 2 2 2 2 2 2 2 2 2 2 2 2 2 2 2 2 2 2 2 2
left_child=1 -1 3 8 7 11 12 18 10 -10 -3 17 -5 -14 15 -15 26 24 -4 -8 -21 22 -9 -22 -6 -23 -12 28 -2 -30
right_child=27 2 4 6 5 -7 19 21 9 -11 16 -13 13 14 -16 -17 -18 -19 -20 20 23 25 -24 -25 -26 -27 -28 -29 29 -31
leaf_value=2.1092988430529015e-05 -0.33458675397699444 0.40769960976823383 -0.42370942403685374 1.0821008776624998 0.88305698454380033 3.4409633023985502 2.4302168080300994 0.36141474718631561 -0.073583119153976445 9.1968229618072517 -0.294034216274287 -5.7019970297813423 6.4473428916931157 -4.0367896256121725 6.4527448161955805 4.6622952431440359 -4.1765068704431707 -4.2312365865707404 -3.5436874575085113 -4.1191593794822694 -0.5104322449366252 0.11565547408360355 2.9540538787841797 2.7420429955635752 -2.7439350557327273 -2.5589724646674266 -2.0222962329133614 -0.18476100970542164 0.17409313787402947 1.8464982402538828
leaf_weight=7308817 2204 950 53 36 20 29 33 300 100 25 131 40 30 22 31 32 22 40 36 25 30 53 54 28 20 27 61 4914 3303 167
leaf_count=7308817 2204 950 53 36 20 29 33 300 100 25 131 40 30 22 31 32 22 40 36 25 30 53 54 28 20 27 61 4914 3303 167
internal_value=0 0.000104219 0.272794 0.570432 -0.41638 -2.2467 1.99055 0.10507 0.276272 1.7805 0.114736 -3.62122 3.26354 3.94643 3.06375 1.11822 -1.1858 -2.58084 -1.68572 0.333469 -0.500178 0.472306 0.756902 1.05973 -0.930439 -0.787031 -0.843117 -0.0719635 0.0257253 0.254581
internal_weight=0 7.31104e+06 2228 1556 672 149 267 523 1289 125 1164 120 151 115 85 54 214 80 89 116 83 434 354 58 40 80 192 10588 5674 3470
internal_count=7321633 7311045 2228 1556 672 149 267 523 1289 125 1164 120 151 115 85 54 214 80 89 116 83 434 354 58 40 80 192 10588 5674 3470
is_linear=0
shrinkage=0.1


Tree=213
num_leaves=31
num_cat=0
split_feature=13 15 21 14 1 14 16 15 0 2 11 21 18 26 0 0 11 12 21 15 7 13 13 1 6 8 8 16 12 21
split_gain=5014.14 12397.3 15574.1 27627.9 16783 27559.3 23382.5 20646.1 15350.2 12449.6 18211.9 11636 19993.8 11560.6 12148.2 11324.8 18080.8 37039.4 40789.6 34542.5 44212.2 31774.2 42213.1 39900.4 35742 32500.2 42617.9 41396.2 38284.2 38068.8
threshold=0.015000000000000001 0.83444751237301384 10.487127586999657 70.745000000000019 -25.499999999999996 133.24000000000004 0.047500000000000007 0.94303353658536593 10.500000000000002 27.500000000000004 15.247429966617927 25.921826227355329 20.705000000000002 2.0650000000000004 19.500000000000004 4.5000000000000009 97.595652173913066 78.065000000000012 32.102631101271896 0.020029585798816574 1919260.5000000002 0.065000000000000016 0.37500000000000006 -23.499999999999996 1.0000000180025095e-35 270.50000000000006 148.50000000000003 3.3500000000000005 327.12750000000005 32.102631101271896
decision_type=2 2 2 2 2 2 2 2 2 2 2 2 2 2 2 2 2 2 2 2 2 2 2 2 2 2 2 2 2 2
left_child=1 -1 -3 -4 5 9 -6 8 -7 10 -5 12 -8 14 -9 16 -2 18 -18 20 -19 23 24 -21 -23 26 -24 29 -29 -28
right_child=15 2 3 4 6 7 11 13 -10 -11 -12 -13 -14 -15 -16 -17 17 19 -20 21 -22 22 25 -25 -26 -27 27 28 -30 -31
leaf_value=-0.0026926656646033258 -0.005242569485531829 -0.021616861119005654 -0.070741903454032112 0.22269174377433956 -0.94473779518935608 1.2943381155690838 -0.94695427383999431 1.552304083960397 -1.782423837745891 -1.0210422555505263 -1.9755861199179361 0.54485749207736778 0.7192535282642234 0.79000229754231199 4.5851067051887515 0.0050771775119280221 0.46531691757254201 -1.0698164387182756 4.1863657146692281 -4.7565036010742192 2.9133526695402043 -0.40569268255620394 -0.34282552144994088 0.17007788958088044 3.694114734470844 -0.82600858480440653 0.49325746265022047 -0.62126345006502259 0.97382006769019047 2.3823260619156605
leaf_weight=2738584 1226936 19110 5726 305 1029 31 245 28 34 212 43 174 102 44 25 3322224 371 44 32 35 76 37 3848 31 50 891 470 551 207 138
leaf_count=2738584 1226936 19110 5726 305 1029 31 245 28 34 212 43 174 102 44 25 3322224 371 44 32 35 76 37 3848 31 50 891 470 551 207 138
internal_value=0 -0.00335878 -0.0706527 -0.187816 -0.482872 -0.084648 -0.668368 1.06404 -0.315045 -0.416947 -0.0489345 -0.122523 -0.457176 1.98817 2.98287 0.00203895 -0.00614256 -0.168984 0.760785 -0.227732 1.45286 -0.259958 -0.236695 -2.4425 1.95052 -0.267864 -0.172485 0.307362 -0.185667 0.922026
internal_weight=0 2.76569e+06 27108 7998 2272 722 1550 162 65 560 348 521 347 97 53 4.55594e+06 1.23372e+06 6781 403 6378 120 6258 6192 66 87 6105 5214 1366 758 608
internal_count=7321633 2765692 27108 7998 2272 722 1550 162 65 560 348 521 347 97 53 4555941 1233717 6781 403 6378 120 6258 6192 66 87 6105 5214 1366 758 608
is_linear=0
shrinkage=0.1


Tree=214
num_leaves=31
num_cat=0
split_feature=0 14 26 8 7 1 3 26 16 21 1 6 13 26 8 12 0 16 1 0 16 0 18 26 1 15 1 8 1 26
split_gain=5133.99 18408.8 71463.2 74817.5 61901 64020.9 78545.1 54098.8 97910.1 126144 41190.7 45680.6 40270.9 49711.2 40259.4 40205.3 123710 78949.6 78107.7 65767.9 40400.2 37287.6 34475.6 29070.6 43678.6 28349.3 37178.7 27824.4 27790.5 29129.1
threshold=17.500000000000004 541.41500000000008 1.0450000000000002 9.5000000000000018 1619415.5000000002 -26.499999999999996 18.175019670578411 23.575000000000003 4.8850000000000007 32.102631101271896 -25.499999999999996 1.0000000180025095e-35 61.165000000000006 17.025000000000002 216.50000000000003 327.12750000000005 19.500000000000004 5.0750000000000011 -21.499999999999996 18.500000000000004 7.8575000000000008 22.500000000000004 21.255000000000006 3.2150000000000003 -25.499999999999996 0.80103644328676304 -24.499999999999996 108.50000000000001 -21.499999999999996 7.0550000000000006
decision_type=2 2 2 2 2 2 2 2 2 2 2 2 2 2 2 2 2 2 2 2 2 2 2 2 2 2 2 2 2 2
left_child=-1 -2 15 -4 5 -5 10 12 27 -10 11 -7 28 23 -13 20 17 19 22 -17 -3 25 -18 -14 -25 -12 -27 -9 29 -6
right_child=1 2 3 4 7 6 -8 8 9 -11 21 14 13 -15 -16 16 18 -19 -20 -21 -22 -23 -24 24 -26 26 -28 -29 -30 -31
leaf_value=0.0016426103680161185 -0.0037284172644838028 -0.052683808715033122 4.6104613323211678 3.3140584512190387 -1.6311936056978693 0.96883065185975292 -5.249406213760377 -6.3666106772422797 -0.44854173683587401 5.1466093696080719 -0.11146543192494261 -7.3103474855422981 -4.4554402242291653 -7.8581754589080823 -1.2354471206665041 9.406340247790018 -2.4005503806802966 -0.40964559784957344 -5.7055008870104089 3.1784820055350282 -3.9317534764607753 -1.6060976853849842 0.98941567040152023 2.4954021328971501 -2.6289669793285433 5.7672270793181202 1.4337703348642374 -2.1372929978370667 -3.3423969910258338 0.22322100992004079
leaf_weight=5287185 2027902 4801 25 55 288 32 30 20 179 52 70 20 53 20 24 30 36 28 23 39 27 51 180 21 80 26 83 70 63 120
leaf_count=5287185 2027902 4801 25 55 288 32 30 20 179 52 70 20 53 20 24 30 36 28 23 39 27 51 180 21 80 26 83 70 63 120
internal_value=0 -0.00426887 -0.171696 -0.810389 -0.910257 0.151338 -0.366369 -1.33995 -0.279153 0.810973 0.11236 -1.90599 -1.86788 -3.16791 -3.99677 -0.000767408 1.05693 4.06888 -0.165488 5.88625 -0.074377 0.779293 0.424421 -2.55878 -1.5635 1.45893 2.46744 -3.07714 -1.38762 -1.08578
internal_weight=0 2.03445e+06 6546 1382 1357 391 336 966 321 231 306 76 645 174 44 5164 336 97 239 69 4828 230 216 154 101 179 109 90 471 408
internal_count=7321633 2034448 6546 1382 1357 391 336 966 321 231 306 76 645 174 44 5164 336 97 239 69 4828 230 216 154 101 179 109 90 471 408
is_linear=0
shrinkage=0.1


Tree=215
num_leaves=31
num_cat=0
split_feature=15 26 11 14 14 15 26 14 15 11 0 0 13 3 18 14 21 26 16 0 12 15 11 6 12 12 15 4 14 12
split_gain=4957.34 28310.3 35247.6 29915.8 22935.1 22817.6 20608.6 51441.1 132991 23210.2 19011.1 28911.5 32390.1 18033 16673.5 44304.7 53749.1 56371.4 76128.2 47627.8 16726.8 17952.9 24843.3 20264.2 17597 39208.6 22885.6 34470.1 71161.1 50189.9
threshold=0.28620952705913899 0.34500000000000003 0.72323587410459944 509.5750000000001 69.955000000000013 0.19480851254614204 1.7050000000000003 115.93500000000002 0.19159958732855931 2.7493007048531797 2.5000000000000004 14.500000000000002 0.27500000000000008 12.982401349642306 5.6650000000000009 541.41500000000008 18.944137109817394 0.025000000000000005 0.4225000000000001 2.5000000000000004 1.6925000000000001 1.4030475065616801 5.7038888888888897 1.0000000180025095e-35 9.7850000000000019 3.3625000000000003 1.1359032517061423 1.0000000180025095e-35 119.08500000000002 4.0850000000000009
decision_type=2 2 2 2 2 2 2 2 2 2 2 2 2 2 2 2 2 2 2 2 2 2 2 2 2 2 2 2 2 2
left_child=1 -1 4 5 -3 6 -4 -8 9 -9 -11 12 -12 -7 15 -2 -17 18 -18 -19 -16 24 23 -23 25 -22 27 28 -27 -30
right_child=14 2 3 -5 -6 13 7 8 -10 10 11 -13 -14 -15 20 16 17 19 -20 -21 21 22 -24 -25 -26 26 -28 -29 29 -31
leaf_value=5.6382755221774004e-05 -0.021022302937001039 -0.0029213125099569769 0.080664557737541942 -2.9973899107426405 -0.22618757562831557 -0.0094982488639755412 0.17495173812090711 -0.33865491174325185 5.1549289013776516 -0.46385661145213297 3.8544781324035187 0.42240820505721555 0.92470909242893196 0.079772704341688649 -0.0030946880894589025 0.83764875547452411 3.8505792964588519 -8.3550349960327157 -4.4685249762101611 -2.6402254486083985 0.034181752412545223 -0.018001264591144938 0.0047695028274828237 -0.38448715490891872 -0.079240108553362332 0.31343812095822599 0.013841881788547387 0.19074598036545853 0.90464023242477354 2.9325110589593191
leaf_weight=3497781 409097 99540 75281 32 4824 56066 8770 182 72 69 74 157 77 37941 2708930 55 22 25 22 35 166583 3024 223042 3011 11501 1650 4594 8651 332 193
leaf_count=3497781 409097 99540 75281 32 4824 56066 8770 182 72 69 74 157 77 37941 2708930 55 22 25 22 35 166583 3024 223042 3011 11501 1650 4594 8651 332 193
internal_value=0 0.0025181 0.032935 0.0598996 -0.0132413 0.0604471 0.0980976 0.237697 1.10977 0.588749 1.03646 1.37257 2.36049 0.0265313 -0.00268886 -0.021671 -1.69062 -3.02768 -0.308973 -5.0214 -0.000208092 0.0182963 -0.000647499 -0.200849 0.0407226 0.0483032 0.200857 0.280217 0.636086 1.65012
internal_weight=0 3.78087e+06 283085 178721 104364 178689 84682 9401 631 559 377 308 151 94007 3.54077e+06 409256 159 104 44 60 3.13151e+06 422581 229077 6035 193504 182003 15420 10826 2175 525
internal_count=7321633 3780866 283085 178721 104364 178689 84682 9401 631 559 377 308 151 94007 3540767 409256 159 104 44 60 3131511 422581 229077 6035 193504 182003 15420 10826 2175 525
is_linear=0
shrinkage=0.1


Tree=216
num_leaves=31
num_cat=0
split_feature=14 26 21 14 12 26 17 6 11 15 18 18 8 8 2 14 14 21 13 3 18 12 2 14 12 16 11 8 11 8
split_gain=5054.87 18170.2 40760.3 29816.8 38115.1 28918.7 27131 25909 45056.5 35458.6 72178.6 122485 93826.5 67891.4 58208.2 46694.5 54523.4 66319.5 126347 91745 75175 58967.5 58807.1 46644.3 81915.4 45287.2 54002.7 45129.1 41409.6 75309.9
threshold=80.085000000000022 3.7450000000000006 10.487127586999657 222.31500000000003 110.17000000000002 5.6350000000000007 1.2450000000000003 1.0000000180025095e-35 1.726410664958056 0.71809090909090922 24.990000000000006 40.985000000000007 307.50000000000006 8551.5000000000018 26.500000000000004 751.73500000000013 196.70000000000002 25.921826227355329 1.2150000000000001 14.627483214827173 10.635000000000003 0.38250000000000006 27.500000000000004 260.97500000000008 1.0225000000000002 0.10750000000000003 13.125339285714288 827.50000000000011 5.4349108422939079 3558.5000000000005
decision_type=2 2 2 2 2 2 2 2 2 2 2 2 2 2 2 2 2 2 2 2 2 2 2 2 2 2 2 2 2 2
left_child=-1 6 3 -3 5 -5 7 -2 -9 10 15 12 -12 28 27 16 -10 18 20 22 -18 -21 -19 -13 -25 26 -16 -14 -11 -30
right_child=1 2 -4 4 -6 -7 -8 8 9 13 11 23 14 -15 25 -17 17 19 -20 21 -22 -23 -24 24 -26 -27 -28 -29 29 -31
leaf_value=0.0015466908546691676 -0.0044635955808374648 -0.42249052369123757 -0.035012984704871235 -1.2305261409282684 1.2568616408854725 -4.1123386559119588 -0.52857543355580361 -0.16694498636882021 0.048274821688442951 -0.23121734342665029 4.8504377291990899 -1.0608578303597263 -0.12420524907490565 3.1821432850254117 0.05809852847472427 -0.78472957186337222 0.11406153286281083 0.21069030841460257 -1.9471788983485281 -0.3377434106171131 1.2149791814224433 1.4850891195937628 -0.38379305727831681 4.0711212693580556 -0.20879035264522106 2.800988110619433 3.5888867515198726 2.8623216746382214 0.020892742541653821 1.1806882921599755
leaf_weight=5437523 1649135 921 132331 75 32 65 977 8904 34238 6721 74 370 63 67 553 585 916 6626 170 230 1921 777 2222 56 222 85 47 257 34901 569
leaf_count=5437523 1649135 921 132331 75 32 65 977 8904 34238 6721 74 370 63 67 553 585 916 6626 170 230 1921 777 2222 56 222 85 47 257 34901 569
internal_value=0 -0.00446373 -0.0400362 -0.648203 -1.85681 -2.56851 -0.00175267 -0.00145851 0.0478166 0.0686767 0.126192 0.761279 1.41391 0.00142413 1.16088 0.103191 0.11422 0.289762 0.700843 0.164331 0.859519 1.06875 0.0613976 -0.325441 0.65335 0.640716 0.334677 2.27435 -0.0036269 0.0394979
internal_weight=0 1.88411e+06 133424 1093 172 140 1.75069e+06 1.74971e+06 100574 91670 49412 1727 1079 42258 1005 47685 47100 12862 3007 9855 2837 1007 8848 648 278 685 600 320 42191 35470
internal_count=7321633 1884110 133424 1093 172 140 1750686 1749709 100574 91670 49412 1727 1079 42258 1005 47685 47100 12862 3007 9855 2837 1007 8848 648 278 685 600 320 42191 35470
is_linear=0
shrinkage=0.1


Tree=217
num_leaves=31
num_cat=0
split_feature=18 21 14 15 0 21 21 3 5 21 8 21 26 13 13 11 0 13 8 18 2 1 13 26 8 14 11 5 1 1
split_gain=5020.44 16813.4 28288.2 118206 100199 89484.8 73766 43493.2 42493.6 72661.9 52090.8 71221.3 65146.4 54169.9 115377 60808.4 49992.1 42227.5 41389.3 40764.4 34058.8 50719.7 33879.5 44048.8 31498 28645.5 26535.7 29790.6 26477.4 26310.8
threshold=8.5050000000000008 12.066169858953876 250.17500000000004 0.10293786579477097 15.500000000000002 33.883288290323883 25.921826227355329 14.160271209001479 1.0000000180025095e-35 18.944137109817394 28.500000000000004 20.361829940509359 0.085000000000000006 0.92500000000000016 0.31500000000000006 21.984252873563221 13.500000000000002 65.455000000000013 270.50000000000006 3.4650000000000003 26.500000000000004 -21.499999999999996 0.84500000000000008 0.44500000000000006 9.5000000000000018 300.30000000000007 15.247429966617927 1.0000000180025095e-35 -25.499999999999996 -23.499999999999996
decision_type=2 2 2 2 2 2 2 2 2 2 2 2 2 2 2 2 2 2 2 2 2 2 2 2 2 2 2 2 2 2
left_child=1 -1 -3 4 5 6 -4 18 10 22 11 -5 19 14 29 -15 28 -14 25 -13 21 -20 -10 -24 -11 -8 27 -6 -17 -12
right_child=-2 2 3 8 26 -7 7 -9 9 24 13 12 17 15 -16 16 -18 -19 20 -21 -22 -23 23 -25 -26 -27 -28 -29 -30 -31
leaf_value=0.00050594187154408472 0.0027753451170232837 -0.018655870935776295 0.91255390395317237 6.0414401404062907 4.0515465397988599 -1.7442805017790068 -1.0576722876168787 4.0320387524321566 -0.9998384106356103 -7.0354178336533639 0.29192149326313493 5.827638534263329 -4.3483158461252849 -3.5389551544189453 5.946342916786671 0.20949439727343044 -1.861894219861904 1.0030443290184283 6.67557257268487 0.16344268321990968 1.755087202899861 1.2647286319732667 5.1443467335267501 -0.53526051309373646 -2.6975645824841092 3.2780606675148007 -0.22822432123930514 0.36617954005797704 4.9835796901157927 -1.0014947687899034
leaf_weight=3216801 3448215 652726 800 30 31 92 64 133 333 22 413 27 30 100 32 26 71 29 41 24 159 30 22 36 70 20 906 75 21 254
leaf_count=3216801 3448215 652726 800 30 31 92 64 133 333 22 413 27 30 100 32 26 71 29 41 24 159 30 22 36 70 20 906 75 21 254
internal_value=0 -0.00247068 -0.0170533 0.251779 0.697869 1.26542 1.48747 2.5164 -0.429233 -1.20631 -0.074144 1.72251 0.544615 -0.348442 0.0807824 -1.72472 -0.187224 -1.71799 1.87442 3.16213 2.56826 4.3893 -0.611355 1.61907 -3.73488 -0.0253549 -0.053073 1.44398 2.3426 -0.200624
internal_weight=0 3.87342e+06 656617 3891 2351 1339 1247 447 1540 483 1057 140 110 917 699 218 118 59 314 51 230 71 391 58 92 84 1012 106 47 667
internal_count=7321633 3873418 656617 3891 2351 1339 1247 447 1540 483 1057 140 110 917 699 218 118 59 314 51 230 71 391 58 92 84 1012 106 47 667
is_linear=0
shrinkage=0.1


Tree=218
num_leaves=31
num_cat=0
split_feature=1 13 3 0 0 14 26 13 14 3 12 16 3 26 21 0 8 0 21 2 0 3 13 2 26 13 1 14 0 11
split_gain=4933.55 38409.6 100725 166846 283304 146612 230316 91805.4 80718.1 60288.1 48317.4 52430.9 121416 191481 150721 47835 72221.3 53857.7 49802.5 79430.1 74446.4 43253.2 40929.2 101584 57373.5 40405.3 50236.3 54113.3 38717.9 38231
threshold=-22.499999999999996 42.675000000000004 12.982401349642306 1.0000000180025095e-35 2.5000000000000004 751.73500000000013 33.435000000000009 100.53500000000001 206.62500000000003 7.6179452201358808 141.31500000000003 0.027500000000000004 8.2476535303411094 0.025000000000000005 27.676095370189646 11.500000000000002 156.50000000000003 14.500000000000002 32.102631101271896 26.500000000000004 9.5000000000000018 13.398414878410049 202.99500000000003 26.500000000000004 86.485000000000014 100.53500000000001 -21.499999999999996 470.11500000000007 1.0000000180025095e-35 97.595652173913066
decision_type=2 2 2 2 2 2 2 2 2 2 2 2 2 2 2 2 2 2 2 2 2 2 2 2 2 2 2 2 2 2
left_child=-1 29 8 7 -5 15 -7 -4 -3 -10 -11 -12 13 -13 -15 18 -17 -18 -6 21 -21 -20 25 24 -24 26 27 -14 -28 -2
right_child=1 2 3 4 5 6 -8 -9 9 10 11 12 22 14 -16 16 17 -19 19 20 -22 -23 23 -25 -26 -27 28 -29 -30 -31
leaf_value=0.0015456088444050962 -0.0044330267244411144 -0.1766552773215834 -11.025351686477663 10.440659198880196 0.080549031684796019 -1.6231585366585677 -13.550179333686827 -2.7275193983316424 0.16906888203281081 3.1316457120629102 -0.53720325521296919 13.421662999831495 1.4639984928629026 -2.7024879912535353 7.2403645207805019 0.15887809291010713 -3.5673531865477566 -0.62963033811335112 9.2675504298437215 3.5268100487774818 -4.1874918525869198 3.2638595802443371 -1.3578341987397937 7.2020361500817378 4.9722806150004981 -0.40923015605555951 -2.0002131032943726 -1.6081206338519747 2.567025097072587 -0.35634925701212078
leaf_weight=5405311 1909293 716 20 25 150 85 20 40 499 154 144 21 147 30 31 832 100 166 21 29 22 28 45 37 21 182 20 94 258 3092
leaf_count=5405311 1909293 716 20 25 150 85 20 40 499 154 144 21 147 30 31 832 100 166 21 29 22 28 45 37 21 182 20 94 258 3092
internal_value=0 -0.00435965 0.307666 -0.32405 -0.114196 -0.2958 -3.89497 -5.49346 0.71266 1.091 1.47955 1.23254 1.52017 5.18575 2.35044 -0.0154494 -0.299697 -1.73404 1.23297 2.96159 0.199072 5.83687 1.14632 3.00768 0.656293 0.872828 1.32241 0.265745 2.23845 -0.00500202
internal_weight=0 1.91632e+06 3937 1538 1478 1453 105 60 2399 1683 1184 1030 886 82 61 1348 1098 266 250 100 51 49 804 103 66 701 519 241 278 1.91238e+06
internal_count=7321633 1916322 3937 1538 1478 1453 105 60 2399 1683 1184 1030 886 82 61 1348 1098 266 250 100 51 49 804 103 66 701 519 241 278 1912385
is_linear=0
shrinkage=0.1


Tree=219
num_leaves=31
num_cat=0
split_feature=14 26 12 21 21 8 21 14 25 13 12 17 8 0 5 14 19 16 12 18 15 7 8 11 1 8 13 18 2 11
split_gain=4862.12 24713.6 13912.9 22473.2 14336.9 23842.1 14267.7 19797.7 14045.2 12157.9 11865.5 12540.2 12562.6 11742 36452.4 33077.8 35360.1 47240.8 32587.5 49537.4 29664.5 30019.7 29030.8 36560.4 61493.1 72438.7 29387.3 28556.2 26919.9 24840.8
threshold=50.005000000000003 13.035000000000002 5.0025000000000004 31.281939121279969 28.872821175412202 1670.0000000000002 27.676095370189646 44.615000000000002 3.5000000000000004 10.005000000000001 19.320000000000004 2.9550000000000005 13.500000000000002 20.500000000000004 1.0000000180025095e-35 209.56500000000003 1.0000000180025095e-35 13.562500000000002 327.12750000000005 183.14000000000001 3.074890243902439 1919260.5000000002 65.500000000000014 18.720427927927933 -26.499999999999996 771.50000000000011 0.6150000000000001 6.8050000000000006 26.500000000000004 15.247429966617927
decision_type=2 2 2 2 2 2 2 2 2 2 2 2 2 2 2 2 2 2 2 2 2 2 2 2 2 2 2 2 2 2
left_child=1 2 3 -1 5 6 10 -8 -5 -6 -4 -12 -13 -2 -15 -16 17 18 19 -17 21 22 26 -24 -25 -26 -18 -23 -21 -29
right_child=13 -3 4 8 9 -7 7 -9 -10 -11 11 12 -14 14 15 16 20 -19 -20 28 -22 27 23 24 25 -27 -28 29 -30 -31
leaf_value=0.002157434751836045 -0.00064852928632917967 -0.27658170251928549 -0.0041463305523852878 -0.082601172062510442 0.12183248751371706 0.36688142182503658 0.0042850668095401915 -0.46681332715187313 0.10937118512958073 -0.070489577758454158 0.094745995180093412 0.095105991036869786 1.0990626722690198 -0.010045251591311623 -0.076955543248167058 -0.96138281037355133 -5.1207718903368171 2.2376258937679991 -3.7729931291861414 -0.131130854288737 0.29629953047071933 0.35364331482636807 -0.1631443498547176 5.8694887202806205 -0.49815572303507416 5.4457296121120455 -0.67708092383716423 -0.59338292203936149 4.8209661421568502 -1.6409985129121041
leaf_weight=4411134 2372351 3182 47883 44509 26129 1849 2184 1508 4168 3760 7635 242 257 361498 28236 1152 22 49 39 21 913 198 1487 26 114 25 46 644 23 349
leaf_count=4411134 2372351 3182 47883 44509 26129 1849 2184 1508 4168 3760 7635 242 257 361498 28236 1152 22 49 39 21 913 198 1487 26 114 25 46 644 23 349
internal_value=0 0.00200868 0.00220346 0.00141174 0.040815 0.0132248 0.00227312 -0.188135 -0.0661634 0.0976386 0.0148227 0.126489 0.612174 -0.00330603 -0.0192732 -0.119318 -0.353491 -0.807545 -0.928365 -0.835606 -0.201031 -0.357013 -0.0897896 -0.00643793 1.40582 0.570888 -2.11475 -0.742927 2.45747 -0.961578
internal_weight=0 4.55444e+06 4.55126e+06 4.45981e+06 91447 61558 59709 3692 48677 29889 56017 8134 499 2.76719e+06 394842 33344 5108 1284 1235 1196 3824 2911 1720 1652 165 139 68 1191 44 993
internal_count=7321633 4554440 4551258 4459811 91447 61558 59709 3692 48677 29889 56017 8134 499 2767193 394842 33344 5108 1284 1235 1196 3824 2911 1720 1652 165 139 68 1191 44 993
is_linear=0
shrinkage=0.1


Tree=220
num_leaves=31
num_cat=0
split_feature=18 24 21 2 15 10 15 11 18 12 1 12 26 11 5 14 12 21 14 13 12 18 19 13 8 11 13 8 1 7
split_gain=4732.54 48865.3 72036.1 52619.8 51478 68854.9 64322.2 438858 119191 120606 115151 86228.9 84225.4 63295 54220.9 69723.4 73088.3 47127.9 44857.9 69440.4 197717 118599 111809 99933.5 76370.5 92516.9 76688.8 82949.4 76694.4 67950.3
threshold=13.735000000000001 400.00000000000006 25.921826227355329 27.500000000000004 0.13946735057983947 1.0000000180025095e-35 0.55032776786310889 56.445755494505498 35.285000000000004 1.9325000000000003 -24.499999999999996 1.0225000000000002 3.4550000000000005 19.909737973662995 1.0000000180025095e-35 48.205000000000005 0.61250000000000016 14.102594559223187 204.54500000000004 0.21500000000000002 1.3025000000000004 42.785000000000004 1.0000000180025095e-35 1.6050000000000002 475.50000000000006 8.8865236985236997 0.16500000000000004 711.00000000000011 -25.499999999999996 1619415.5000000002
decision_type=2 2 2 2 2 2 2 2 2 2 2 2 2 2 2 2 2 2 2 2 2 2 2 2 2 2 2 2 2 2
left_child=-1 -2 3 4 5 -3 7 8 13 11 -9 17 -11 14 15 -6 -17 -10 -5 20 24 22 -21 -24 25 -20 27 28 -26 -22
right_child=1 2 -4 18 6 -7 -8 10 9 12 -12 -13 -14 -15 -16 16 -18 -19 19 21 29 -23 23 -25 26 -27 -28 -29 -30 -31
leaf_value=-0.0013955736165584905 -0.0032483288205514766 -0.10767758368634556 -0.037863921584918143 0.028198171857775303 0.010385986180841376 -1.5513694401446294 0.066927352855547337 10.231053093139161 0.60985596645880369 5.1691195654327222 3.7336855492225065 -0.41266657641114551 1.0809228175429888 2.13641418810957 0.066473476674898613 0.85309711414683531 0.25688278244602547 1.9627899615472229 6.9984121586595265 -1.3299155199047363 0.41134540085011806 0.59643168093746624 0.63457155858030834 -0.6623970206179024 -0.43806331893619233 0.76164595647302424 -1.4009012351059484 -0.053921507167666555 -4.6554407850488442 -2.944361388334884
leaf_weight=5626339 1394818 1590 83277 32879 4930 417 130137 47 580 110 65 477 93 161 26613 3289 5485 463 28 867 71 2176 1208 1169 98 158 611 2998 77 402
leaf_count=5626339 1394818 1590 83277 32879 4930 417 130137 47 580 110 65 477 93 161 26613 3289 5485 463 28 867 71 2176 1208 1169 98 158 611 2998 77 402
internal_value=0 0.00463163 0.0412106 0.0715288 0.0958917 -0.407637 0.101752 0.208857 0.192266 1.00683 6.46026 0.701083 3.2962 0.157593 0.149691 0.311299 0.480378 1.21044 -0.0279115 -0.214957 -0.508021 0.0252802 -0.357835 -0.0032729 -0.277761 1.70051 -0.375002 -0.177452 -2.29371 -2.44065
internal_weight=0 1.69529e+06 300476 217199 174457 2007 172450 42313 42201 1723 112 1520 203 40478 40317 13704 8774 1043 42742 9863 4443 5420 3244 2377 3970 186 3784 3173 175 473
internal_count=7321633 1695294 300476 217199 174457 2007 172450 42313 42201 1723 112 1520 203 40478 40317 13704 8774 1043 42742 9863 4443 5420 3244 2377 3970 186 3784 3173 175 473
is_linear=0
shrinkage=0.1


Tree=221
num_leaves=31
num_cat=0
split_feature=16 7 1 21 1 26 0 2 7 26 7 21 26 3 0 18 14 1 19 2 1 1 21 14 13 1 21 17 13 5
split_gain=4972.59 13903.6 54425.6 28437 28800.6 15599.5 30835.7 14929.3 77181.4 32478.1 30334.9 46300.1 34327.9 40248.6 57166.5 95753.7 49580.3 184462 240668 39470.2 37180.2 27746.2 40075.9 26875 26536.1 25901.9 25503.4 27906 30367.2 23794.7
threshold=22.255000000000006 95472.500000000015 -26.499999999999996 32.102631101271896 -22.499999999999996 40.945000000000007 15.500000000000002 27.500000000000004 1020841.5000000001 33.435000000000009 1020841.5000000001 32.102631101271896 53.555000000000007 5.232530704801353 9.5000000000000018 85.175000000000011 751.73500000000013 -22.499999999999996 1.0000000180025095e-35 26.500000000000004 -25.499999999999996 -24.499999999999996 16.460509296098724 405.02000000000004 156.215 -22.499999999999996 33.883288290323883 0.055000000000000007 2.2550000000000003 1.0000000180025095e-35
decision_type=2 2 2 2 2 2 2 2 2 2 2 2 2 2 2 2 2 2 2 2 2 2 2 2 2 2 2 2 2 2
left_child=-1 2 -2 5 -5 -4 -7 10 29 24 11 -3 -12 23 15 -15 19 18 -18 20 -16 22 -21 -14 -10 -23 27 28 -11 -9
right_child=1 7 3 4 -6 6 -8 8 9 26 12 -13 13 14 16 -17 17 -19 -20 21 -22 25 -24 -25 -26 -27 -28 -29 -30 -31
leaf_value=6.8351221633589855e-05 4.2941561208452503 -0.36837483352793776 -0.024163291529870373 -4.72878475189209 -0.24384475813971626 5.0651014002886683 -0.021758072192852314 1.71146351798721 0.28942809613682036 3.7175340496576754 -0.36449586316684107 -2.8747622814602578 -0.78805192195135976 6.0987393069911651 -2.6061789662043253 0.83502046460470636 9.0726789059846293 -8.0811688532148089 -4.0227520747317209 4.9958738850222701 0.071593482821204132 -0.71877206547238004 0.81335593632289349 -4.773862637934231 3.7876583389613945 1.8370351229395188 -3.455300823124972 -1.1900532580620569 -0.14834023406428676 4.8414639246283162
leaf_weight=7316600 35 253 71 21 45 22 26 92 379 26 2272 104 87 37 75 524 23 35 36 36 168 107 63 21 23 63 33 230 93 33
leaf_count=7316600 35 253 71 21 45 22 26 92 379 26 2272 104 87 37 75 524 23 35 36 36 168 107 63 21 23 63 33 230 93 33
internal_value=0 -0.0993639 0.67804 -0.00608955 -1.67087 0.917235 2.30972 -0.134899 0.230094 -0.137841 -0.219883 -1.09853 -0.131449 0.283832 0.454754 1.18218 -0.218658 -2.32966 1.08225 0.16891 -0.754879 1.00341 2.33427 -1.56307 0.489576 0.22838 -0.798107 -0.546854 0.696305 2.53778
internal_weight=0 5033 220 185 66 119 48 4813 909 784 3904 357 3547 1275 1167 561 606 94 59 512 243 269 99 108 402 170 382 349 119 125
internal_count=7321633 5033 220 185 66 119 48 4813 909 784 3904 357 3547 1275 1167 561 606 94 59 512 243 269 99 108 402 170 382 349 119 125
is_linear=0
shrinkage=0.1


Tree=222
num_leaves=31
num_cat=0
split_feature=26 14 13 8 2 15 14 12 15 0 13 22 21 1 19 14 1 17 0 3 2 1 8 0 0 0 1 1 2 3
split_gain=4864.59 30425.6 41062.7 66893 123136 32248.6 55860.8 40715.2 29479.9 29918.6 34789.9 25702.7 24945 38954.1 24720.1 32541.7 24465.8 23239.8 22963 47115.9 21866.1 34462.9 16321.9 21550.3 25743.2 28479.9 23208.4 24722.9 34445.2 17778
threshold=86.485000000000014 286.27500000000003 100.53500000000001 50.500000000000007 26.500000000000004 5.4919345238095243 470.11500000000007 1.1025000000000003 6.8370836019772199 1.5000000000000002 1.0650000000000002 4.541972752559345 33.883288290323883 -23.499999999999996 1.0000000180025095e-35 470.11500000000007 -22.499999999999996 21.610000000000003 16.500000000000004 12.593775947739127 26.500000000000004 -25.499999999999996 390.50000000000006 3.5000000000000004 5.5000000000000009 7.5000000000000009 -22.499999999999996 -23.499999999999996 26.500000000000004 14.098061660561662
decision_type=2 2 2 2 2 2 2 2 2 2 2 2 2 2 2 2 2 2 2 2 2 2 2 2 2 2 2 2 2 2
left_child=-1 -2 3 4 -3 6 7 -5 -7 16 20 17 13 18 -15 -16 -10 22 19 -12 21 -11 23 -4 -25 -26 27 28 -27 -28
right_child=1 2 11 5 -6 8 -8 -9 9 10 12 -13 -14 14 15 -17 -18 -19 -20 -21 -22 -23 -24 24 25 26 29 -29 -30 -31
leaf_value=-4.0263233913254364e-05 -0.56015952776785027 -0.55431803955751302 0.73419885845493082 2.3957726566158999 7.7294577060561442 -2.3508522076484488 6.2450919958261348 -2.8670612619036722 0.36848012617340797 3.715121818582217 0.35160654929968027 -2.8096147591727121 -0.86207460297478566 0.4776556184515357 2.4508603880534303 6.8056668626144532 -3.9293469497790703 2.8450715930373582 -1.3878226630827961 5.7999766758510045 -1.1425578847661748 -0.49838444449684838 1.4070399077733358 -3.3454200379988728 2.4829762437194587 -1.8765795946177661 3.3631300210952761 -3.9194709492581232 0.50773412265947893 -0.40664649667411013
leaf_weight=7319847 437 34 139 49 38 39 26 21 27 30 65 35 36 20 37 32 26 27 34 21 111 55 60 34 30 132 22 28 112 29
leaf_count=7319847 437 34 139 49 38 39 26 21 27 30 65 35 36 20 37 32 26 27 34 21 111 55 60 34 30 132 22 28 112 29
internal_value=0 0.165017 0.399934 0.930386 3.81767 0.599885 2.28705 0.816922 0.296005 0.504968 0.774758 -0.173904 1.56918 1.98796 3.57322 4.47048 -1.73989 -0.023415 0.812233 1.68202 -0.218273 0.988735 -0.155581 -0.333826 -0.717432 -0.464312 -0.738054 -1.1051 -0.782141 1.21953
internal_weight=0 1786 1349 701 72 629 96 70 533 494 441 648 245 209 89 69 53 613 120 86 196 85 586 526 387 353 323 272 244 51
internal_count=7321633 1786 1349 701 72 629 96 70 533 494 441 648 245 209 89 69 53 613 120 86 196 85 586 526 387 353 323 272 244 51
is_linear=0
shrinkage=0.1


Tree=223
num_leaves=31
num_cat=0
split_feature=12 8 13 16 1 18 0 0 0 3 19 26 5 13 2 2 1 0 19 17 0 1 2 15 16 8 13 1 12 19
split_gain=5229.25 57647.7 57136.5 48438.8 88854.5 197685 135893 123281 99422 185060 98045.1 180420 192497 95860.3 72083.4 71054.1 87179.9 61442.4 345546 93689.8 688037 61337.2 60671 50248.4 61993.9 93024.6 132710 97269 131877 71060.4
threshold=200.10000000000002 28.500000000000004 58.57500000000001 0.027500000000000004 -23.499999999999996 44.240000000000009 19.500000000000004 1.0000000180025095e-35 1.5000000000000002 11.185317254763829 1.0000000180025095e-35 0.025000000000000005 1.0000000180025095e-35 156.215 27.500000000000004 26.500000000000004 -23.499999999999996 3.5000000000000004 1.0000000180025095e-35 6.8400000000000007 14.500000000000002 -22.499999999999996 27.500000000000004 4.6414118639980719 28.660000000000004 60.500000000000007 202.99500000000003 -24.499999999999996 327.12750000000005 1.0000000180025095e-35
decision_type=2 2 2 2 2 2 2 2 2 2 2 2 2 2 2 2 2 2 2 2 2 2 2 2 2 2 2 2 2 2
left_child=-1 -2 -3 15 14 6 10 13 9 -9 11 -6 -13 -7 23 -4 22 18 -10 -19 -21 -18 -17 -5 -25 -26 27 28 -27 -29
right_child=1 2 3 4 5 7 -8 8 17 -11 -12 12 -14 -15 -16 16 21 19 -20 20 -22 -23 -24 24 25 26 -28 29 -30 -31
leaf_value=8.742625513699443e-05 -0.65083205463454652 0.63108898500769639 0.20141076764675103 -3.2428435112978962 14.318981674443121 -5.2958172018259351 -2.0045486513773603 1.2190446070608605 -12.749202346801759 11.727157651526589 2.528784248777121 8.5155741102555229 -3.4892194054343486 0.92735268944188176 0.39204178677791435 0.77478932802677158 -7.3485146045684822 0.14428538231863355 0.7875739791176537 18.177602853093827 -6.1589190932420586 -2.5876971474481287 -2.9918656115348523 -0.17136662127426847 0.88207997578161734 -2.6562170607808198 0.55024147673432988 -3.3370112241768255 -7.7514899086307842 2.4182456085417008
leaf_weight=7313806 1450 1329 297 74 23 71 45 83 24 21 154 34 22 38 921 125 36 980 88 21 26 109 65 1201 135 162 133 41 74 45
leaf_count=7313806 1450 1329 297 74 23 71 45 83 24 21 154 34 22 38 921 125 36 980 88 21 26 109 65 1201 135 162 133 41 74 45
internal_value=0 -0.081694 0.0477165 -0.10587 0.0113179 0.597756 3.02637 0.0983805 0.381154 3.34088 3.99801 6.86207 3.79941 -3.12627 -0.331788 -0.924698 -1.92307 0.110907 -2.11316 0.353454 4.71485 -3.76969 -0.513803 -0.68924 -0.583731 -1.42314 -2.1071 -3.2047 -4.25389 -0.32554
internal_weight=0 7827 6377 5048 4416 1630 278 1352 1243 104 233 79 56 109 2786 632 335 1139 112 1027 47 145 190 1865 1791 590 455 322 236 86
internal_count=7321633 7827 6377 5048 4416 1630 278 1352 1243 104 233 79 56 109 2786 632 335 1139 112 1027 47 145 190 1865 1791 590 455 322 236 86
is_linear=0
shrinkage=0.1


Tree=224
num_leaves=31
num_cat=0
split_feature=3 21 14 11 1 12 14 17 8 21 12 13 13 14 21 17 11 11 13 1 21 12 26 26 8 26 11 14 16 21
split_gain=4772.04 19954.4 35565.1 39209.1 20928.6 79120.6 40769.5 23505.6 18459.4 31810.3 14318.6 12690.7 16498.9 20118.7 16403.9 15961.1 30898.2 12588.1 12242.1 10824.3 9390.25 9213.12 9055.07 8413.63 7498.47 6651.38 36490.4 31568.8 34162.6 31094.1
threshold=1.4514106583072104 10.487127586999657 97.145000000000024 10.904732543479069 -21.499999999999996 1.1325000000000001 509.5750000000001 0.055000000000000007 116.50000000000001 25.921826227355329 1.5925000000000005 0.20500000000000004 0.40500000000000008 206.62500000000003 23.266330780877443 0.085000000000000006 39.961155172413804 97.595652173913066 8.1950000000000021 -26.499999999999996 18.944137109817394 1.2925000000000002 1.0650000000000002 7.8250000000000011 976.50000000000011 5.535000000000001 3.649708646616542 168.34000000000003 0.027500000000000004 1.3501941123596497
decision_type=2 2 2 2 2 2 2 2 2 2 2 2 2 2 2 2 2 2 2 2 2 2 2 2 2 2 2 2 2 2
left_child=1 -1 24 10 6 -6 8 20 11 19 -4 -5 13 -13 15 16 -14 22 -19 -10 -7 -22 -16 -17 -3 -2 27 -27 -29 -28
right_child=25 2 3 4 5 7 -8 -9 9 -11 -12 12 14 -15 17 23 -18 18 -20 -21 21 -23 -24 -25 -26 26 29 28 -30 -31
leaf_value=0.00081577793406079025 0.00027042881901802172 0.074705667373154372 1.7574780337978155 2.2388304078901138 -5.0219934284687042 0.88320809929350086 4.3540435774572961 2.7328286950928824 -0.78703176776568107 5.3752423059372676 4.2930224114450919 0.57796664103384943 0.70914834074759758 -3.0247803749576696 -0.42946408535353842 -0.57782968573908255 3.1890454042809351 -2.15333468254383 -0.16967823523883674 2.3629363059997561 0.40896732027714072 -2.0473590718733301 1.0331572587013245 0.83395475399220131 1.4656504279527909 -0.076757244087803947 -1.0985882109735072 3.4340517878532411 -0.43405127143011585 0.0089607020205997034
leaf_weight=33247 7114980 6227 96 37 32 43 29 35 24 21 29 31 178 31 64 82 70 41 129 20 26 37 125 87 39 37440 254 23 3137 125019
leaf_count=33247 7114980 6227 96 37 32 43 29 35 24 21 29 31 178 31 64 82 70 41 129 20 26 37 125 87 39 37440 254 23 3137 125019
internal_value=0 0.0341127 0.181069 0.664278 0.480231 -0.532925 0.661115 0.485871 0.547184 2.17308 2.34572 0.426403 0.34638 -1.22341 0.471801 0.898402 1.40912 -0.0237222 -0.648089 0.644772 -0.256049 -1.03364 0.537878 0.148947 0.083363 -0.000191065 -0.0199864 -0.102375 -0.405897 0.00671507
internal_weight=0 40780 7533 1267 1142 173 969 141 940 65 125 875 838 62 776 417 248 359 170 44 106 63 189 169 6266 7.28085e+06 165873 40600 3160 125273
internal_count=7321633 40780 7533 1267 1142 173 969 141 940 65 125 875 838 62 776 417 248 359 170 44 106 63 189 169 6266 7280853 165873 40600 3160 125273
is_linear=0
shrinkage=0.1


Tree=225
num_leaves=31
num_cat=0
split_feature=14 21 15 26 11 14 25 15 26 14 8 8 13 8 14 4 14 15 21 13 2 11 13 7 15 5 26 14 18 14
split_gain=4657.69 17328.2 6239.64 26723.6 29857.5 30944.3 24217 23884.6 26558.7 42626.1 37256.8 59920.3 51631.8 20956.5 17100.5 28493.2 22532.4 21706.7 18069.8 15976.6 33833.8 20784.7 15640.5 15562.6 24908.8 15427 15274.2 15169.9 14464.5 28737.2
threshold=4.5450000000000008 4.6875534757621171 0.25548548518067404 0.26500000000000007 0.82942557013433305 39.175000000000004 3.5000000000000004 0.11517686225551395 1.7850000000000004 115.93500000000002 1361.5000000000002 4350.5000000000009 0.065000000000000016 2622.0000000000005 158.11500000000004 1.0000000180025095e-35 150.04000000000005 0.10739283498535544 23.266330780877443 0.23500000000000001 26.500000000000004 8.18688307854835 0.23500000000000001 1919260.5000000002 0.19480851254614204 1.0000000180025095e-35 10.955000000000002 31.615000000000006 4.8050000000000006 541.41500000000008
decision_type=2 2 2 2 2 2 2 2 2 2 2 2 2 2 2 2 2 2 2 2 2 2 2 2 2 2 2 2 2 2
left_child=1 -1 3 -2 5 -5 14 -8 -9 13 19 -12 25 27 16 17 -6 -16 22 20 -11 -21 -19 24 -20 -13 -14 -10 29 -4
right_child=2 -3 28 4 6 -7 7 8 9 10 11 12 26 -15 15 -17 -18 18 23 21 -22 -23 -24 -25 -26 -27 -28 -29 -30 -31
leaf_value=0.004897098017030835 0.00095038081451947446 -0.041567683012427775 -0.02092367810388648 0.016746421356665816 0.0034949450823881806 -0.13190027945559737 0.22337474002816085 0.049712250360010368 0.080556490741265072 4.9047487358252209 0.032397110578157931 2.9116981233869281 1.3471356457607313 -0.026981250764139972 1.4489454180766375 -0.0045460632968452657 3.3611079305410385 -1.511353058032407 -4.2132370319366457 0.43790190916840138 1.4623633742548419 2.1778866548985243 -4.3928915717385033 -0.060731050239442141 -0.879861046325776 5.8541485513959621 -1.281711200360329 0.34826862138415476 -0.00019759594735882098 -1.4241769574212599
leaf_weight=231994 2893031 122717 350928 124662 30590 15777 11441 87035 3785 36 929 49 77 5017 39 1098 20 131 25 219 138 100 22 219 217 28 31 4802 3436330 146
leaf_count=231994 2893031 122717 350928 124662 30590 15777 11441 87035 3785 36 929 49 77 5017 39 1098 20 131 25 219 138 100 22 219 217 28 31 4802 3436330 146
internal_value=0 -0.011178 0.000569113 0.00383536 0.0329688 4.73634e-05 0.0646258 0.0863512 0.0710187 0.192931 0.679993 0.359679 2.00317 0.135396 -0.0116975 -0.315634 0.00568875 -0.838718 -0.984026 1.40379 2.17458 0.983352 -1.92569 -0.671499 -1.22422 3.98168 0.592559 0.230266 -0.0021729 -0.0215072
internal_weight=0 354711 6.96692e+06 3.17952e+06 286487 140439 146048 113687 102246 15211 1607 1114 185 13604 32361 1751 30610 653 614 493 174 319 153 461 242 77 108 8587 3.7874e+06 351074
internal_count=7321633 354711 6966922 3179518 286487 140439 146048 113687 102246 15211 1607 1114 185 13604 32361 1751 30610 653 614 493 174 319 153 461 242 77 108 8587 3787404 351074
is_linear=0
shrinkage=0.1


Tree=226
num_leaves=31
num_cat=0
split_feature=0 10 16 7 21 26 0 17 18 0 12 0 18 2 13 0 24 0 14 0 14 12 21 12 13 12 7 18 13 14
split_gain=4445.85 15808.9 27064.6 42791.8 42001 55274.2 38747 322591 75783.3 36175.8 36129.9 29365.4 28365.1 41783.7 26042 21455.9 31433 54357.3 80814.5 74855.4 93894.3 92420 98854.2 84852.4 187532 122943 80519.8 69916.6 76063 91688.2
threshold=4.5000000000000009 1.0000000180025095e-35 50.882500000000007 457568.00000000006 25.921826227355329 53.555000000000007 5.5000000000000009 6.8400000000000007 93.940000000000012 10.500000000000002 327.12750000000005 16.500000000000004 183.14000000000001 27.500000000000004 156.215 20.500000000000004 400.00000000000006 10.500000000000002 196.70000000000002 17.500000000000004 470.11500000000007 0.99250000000000005 14.222470423884381 3.0825000000000005 4.0150000000000006 2.1125000000000003 12104.000000000002 46.900000000000013 128.35500000000005 325.42000000000002
decision_type=2 2 2 2 2 2 2 2 2 2 2 2 2 2 2 2 2 2 2 2 2 2 2 2 2 2 2 2 2 2
left_child=-1 -2 15 -4 6 12 7 -5 11 14 -11 -8 13 -6 -7 16 -3 27 -19 20 26 22 -22 25 -25 -23 -20 -18 29 -29
right_child=1 2 3 4 5 9 8 -9 -10 10 -12 -13 -14 -15 -16 -17 17 18 19 -21 21 23 -24 24 -26 -27 -28 28 -30 -31
leaf_value=-0.0044947310891299492 -0.0024426533078465776 0.0076341968241490539 4.0318189741934054 -0.48045990345343742 -2.0385380221737757 -2.041204837272907 -4.8653141252922296 13.628061017535982 0.92043751058799606 -2.0643124611444876 1.8614427743639266 -0.26812098026275638 4.0870450854301454 3.2831233406066893 -6.6038029237227009 -0.011154730117290641 -0.0031980381216821585 0.040936255980945926 -0.64801118132770708 0.029542815100978032 0.9234344086647035 0.54953484348516957 9.9084725668032974 6.9807349048554901 1.2465662141113707 -6.0568956155201485 0.30480882964671141 -0.56547437460452676 -2.7238354937221012 0.52117709330912787
leaf_weight=1692058 3722069 1226408 34 71 36 29 33 21 496 71 35 24 26 25 22 430409 59605 148160 928 14640 25 983 24 64 524 29 20032 3627 137 988
leaf_count=1692058 3722069 1226408 34 71 36 29 33 21 496 71 35 24 26 25 22 430409 59605 148160 928 14640 25 983 24 64 524 29 20032 3627 137 988
internal_value=0 0.00135096 0.00875335 0.550124 0.416966 -0.700575 0.839726 2.73996 0.523593 -1.82098 -0.768073 -2.92965 1.32131 0.142471 -4.00938 0.00849127 0.0142195 0.0465546 0.0740395 0.20571 0.319783 1.04633 5.32427 0.915319 1.87069 0.36022 0.262623 -0.032628 -0.401771 -0.332839
internal_weight=0 5.62958e+06 1.90751e+06 923 889 244 645 92 553 157 106 57 87 61 51 1.90658e+06 1.47617e+06 249766 185409 37249 22609 1649 49 1600 588 1012 20960 64357 4752 4615
internal_count=7321633 5629575 1907506 923 889 244 645 92 553 157 106 57 87 61 51 1906583 1476174 249766 185409 37249 22609 1649 49 1600 588 1012 20960 64357 4752 4615
is_linear=0
shrinkage=0.1


Tree=227
num_leaves=31
num_cat=0
split_feature=12 14 13 13 1 0 3 16 3 0 18 21 3 2 14 13 0 0 17 0 14 8 26 0 3 1 9 26 7 21
split_gain=5462.99 51010.9 30319.3 50612.8 44874.2 72048.4 107064 56581.2 79393 103912 245090 75988.9 64278.7 63424.6 112251 102292 109973 62623.5 157316 107594 177037 61041.7 60629.1 56607.5 53854.4 71779.6 97225.5 81635 80932.8 211240
threshold=200.10000000000002 240.00500000000002 19.365000000000006 15.805000000000001 -24.499999999999996 1.0000000180025095e-35 13.172733361620265 10.445000000000002 5.4735735818790285 1.5000000000000002 115.04000000000001 16.460509296098724 9.5221782918289488 26.500000000000004 751.73500000000013 92.625000000000014 17.500000000000004 4.5000000000000009 0.025000000000000005 5.5000000000000009 470.11500000000007 116.50000000000001 16.025000000000002 6.5000000000000009 13.766652261596084 -25.499999999999996 1.0000000180025095e-35 53.555000000000007 457568.00000000006 32.102631101271896
decision_type=2 2 2 2 2 2 2 2 2 2 2 2 2 2 2 2 2 2 2 2 2 2 2 2 2 2 2 2 2 2
left_child=-1 -2 3 -3 24 6 -6 11 -9 10 -10 23 -13 -14 15 -15 -17 18 22 20 -19 -21 -11 -7 25 28 -27 -28 29 -4
right_child=1 2 4 -5 5 7 -8 8 9 17 -12 12 13 14 -16 16 -18 19 -20 21 -22 -23 -24 -25 -26 26 27 -29 -30 -31
leaf_value=8.9358802874877645e-05 -1.0946775271630746 0.16892060002977732 -0.96674015133879898 1.9832241843318383 -0.4722482936300394 -6.2718897014856339 -6.3831528915697717 -1.8897501063715554 12.94233327905337 -1.8571123671531677 -0.338865428982359 0.93069514823886623 0.42088087939798602 -2.9784311376708121 -7.0651476939519249 1.7819334373654176 -1.5896210718154908 -0.48308751225471502 -8.1620413856506353 0.29963029260624757 12.663100156329927 2.3146893550155569 2.0481952153146268 -1.0930787059568592 0.31211695981161725 -1.083455759249859 -2.352389615058899 -9.0214981689535332 -0.42763765222591249 10.906299801494765
leaf_weight=7313806 469 1525 43 171 131 32 40 97 24 70 33 566 514 152 30 192 195 20 25 449 21 226 92 62 723 644 50 29 1179 23
leaf_count=7313806 469 1525 43 171 131 32 40 97 24 70 33 566 514 152 30 192 195 20 25 449 21 226 92 62 723 644 50 29 1179 23
internal_value=0 -0.0834998 -0.0190472 0.351849 -0.130146 0.137783 -1.85492 0.25948 0.836736 1.11222 5.25322 -0.0905829 0.0670621 -0.384292 -1.11164 -0.780272 0.0830881 0.850833 -0.77869 1.27642 6.25033 0.974302 0.360717 -2.85608 -0.425952 -0.697103 -1.48961 -4.80054 -0.236875 3.17083
internal_weight=0 7827 7358 1696 5662 2971 171 2800 1057 960 57 1743 1649 1083 569 539 387 903 187 716 41 675 162 94 2691 1968 723 79 1245 66
internal_count=7321633 7827 7358 1696 5662 2971 171 2800 1057 960 57 1743 1649 1083 569 539 387 903 187 716 41 675 162 94 2691 1968 723 79 1245 66
is_linear=0
shrinkage=0.1


Tree=228
num_leaves=31
num_cat=0
split_feature=26 12 12 13 11 13 21 19 15 7 18 12 14 9 18 8 13 1 5 12 7 21 16 14 16 13 14 18 19 8
split_gain=5170.28 23783.7 39943.7 46409.1 48535.9 79442.3 64232.7 80718.6 77532.5 60360.2 59757.6 46039.9 44510.9 37858.7 37677.5 35560.5 49068 98972.1 38082.8 31901.7 77594.9 65220.9 91069.4 68924.3 43690.4 38448.6 46159.3 36020.4 33667.4 33284.4
threshold=10.205000000000002 51.042500000000011 8.6850000000000023 0.56500000000000006 39.961155172413804 2.2150000000000003 14.222470423884381 1.0000000180025095e-35 1.4595326086956524 1919260.5000000002 147.99500000000003 1.6025000000000003 541.41500000000008 1.0000000180025095e-35 44.240000000000009 108.50000000000001 118.00000000000001 -25.499999999999996 1.0000000180025095e-35 200.10000000000002 1020841.5000000001 24.488251813304284 6.8025000000000011 405.02000000000004 13.050000000000002 202.99500000000003 325.42000000000002 19.645000000000003 1.0000000180025095e-35 50.500000000000007
decision_type=2 2 2 2 2 2 2 2 2 2 2 2 2 2 2 2 2 2 2 2 2 2 2 2 2 2 2 2 2 2
left_child=-1 2 3 -2 -5 6 7 -6 -8 -7 11 -10 -13 -12 15 19 -17 -18 -19 -3 24 25 29 -24 -21 26 -22 -27 -25 -23
right_child=1 14 -4 4 5 9 8 -9 10 -11 13 12 -14 -15 -16 16 17 18 -20 20 21 22 23 28 -26 27 -28 -29 -30 -31
leaf_value=0.00026864280898368281 -0.062145651945728499 0.18365922816537397 -0.20979535536800889 0.10714829836558193 -6.0397283123385526 2.1309696561098099 6.4995957357188061 0.20986106472630658 3.1993390844192038 8.8592809700965898 -5.5065150936444605 0.8607519395193276 -2.9058000817443386 0.17105112542276799 -0.071790361839343245 0.43133781885913369 -2.2972046990727271 4.0070235997438433 0.78292382118793635 -6.2830029502511024 -0.70163322930433314 0.63735308304746097 -0.31726294494256746 7.3781511873006824 -0.45364559888839723 3.7691299033164984 -4.9791374820929306 -1.5791807378039642 2.9222384631633762 -3.0692186651229858
leaf_weight=7247564 37800 3779 12783 9305 31 40 24 62 81 20 24 637 33 23 6672 2118 43 124 52 36 49 47 41 30 20 20 52 34 39 50
leaf_count=7247564 37800 3779 12783 9305 31 40 24 62 81 20 24 637 33 23 6672 2118 43 124 52 36 49 47 41 30 20 20 52 34 39 50
internal_value=0 -0.0262864 -0.0526819 -0.0109102 0.177485 0.848745 0.617598 -1.87334 0.899419 4.37374 0.730992 0.947475 0.675235 -2.72813 0.0953637 0.266048 0.578681 2.00367 3.05445 0.091966 -0.737002 -0.201122 0.96038 2.93004 -4.20109 -1.75229 -2.90391 0.401675 4.85959 -1.27325
internal_weight=0 74069 60863 48080 10280 975 915 93 822 60 798 751 670 47 13206 6534 2337 219 176 4197 418 362 207 110 56 155 101 54 69 97
internal_count=7321633 74069 60863 48080 10280 975 915 93 822 60 798 751 670 47 13206 6534 2337 219 176 4197 418 362 207 110 56 155 101 54 69 97
is_linear=0
shrinkage=0.1


Tree=229
num_leaves=31
num_cat=0
split_feature=14 26 12 26 14 8 10 21 8 12 12 21 12 15 26 6 11 11 14 12 11 15 13 21 14 11 13 5 15 3
split_gain=5070 19289.8 11995.1 14639.6 19043.3 19670.1 12154.3 39286 24272.4 20132.9 20936.1 23063.8 17506.7 16634.9 16305.6 14408.1 16080.6 14463.8 13026.4 12454.9 21083.8 13487.9 12055.6 10816.8 10833.6 10729 10562.2 17073.3 90116.3 51074
threshold=50.005000000000003 13.035000000000002 9.5100000000000016 3.8950000000000005 24.155000000000005 185.50000000000003 1.0000000180025095e-35 13.490306365337085 2707.5000000000005 1.8625000000000005 4.4800000000000004 7.5210234038549517 3.0325000000000002 0.29014038877748505 0.23500000000000001 1.0000000180025095e-35 8.5450406677791815 3.4164512195121959 25.800000000000001 0.24250000000000002 0.76977872539035996 0.15449965706447191 0.03500000000000001 32.526458563955089 41.515000000000008 11.453212068034558 0.095000000000000015 1.0000000180025095e-35 10.066381131341933 13.856944168487981
decision_type=2 2 2 2 2 2 2 2 2 2 2 2 2 2 2 2 2 2 2 2 2 2 2 2 2 2 2 2 2 2
left_child=1 2 3 6 -5 -6 9 12 13 14 11 -11 -8 -9 15 -1 17 -17 -13 20 -16 -22 -21 -4 -25 -15 27 -2 29 -29
right_child=26 -3 23 4 5 -7 7 8 -10 10 -12 18 -14 25 19 16 -18 -19 -20 22 21 -23 -24 24 -26 -27 -28 28 -30 -31
leaf_value=8.128962706342381e-05 -0.0063798529064280326 -0.24407764624532502 0.037778829140584995 -0.15492673866632198 0.13080453408668555 -0.049421569460522098 0.0050800451462154964 0.28905661985464476 0.020847388928929875 0.0080134882243378756 0.014469938882158735 -0.081915152273805109 0.188619511685125 0.11124257253152121 0.0061032818247239041 -0.031783893076723607 -0.63087277678987252 0.16679576007147467 -0.20057317338039998 -0.030059907413009297 0.12290348908431853 0.044674694611691476 0.021487985693928111 0.028782324490595375 0.3930834095514022 -0.51574711941859941 0.0030086547092664853 -0.092967578824699082 5.341270923614502 0.072976997521162421
leaf_weight=2736262 1330535 3182 50283 13134 7419 32958 873746 5785 37347 25028 44734 41649 5228 36131 138763 175822 443 3746 11894 80783 28764 94283 103496 1515 1770 275 1338127 73718 31 24782
leaf_count=2736262 1330535 3182 50283 13134 7419 32958 873746 5785 37347 25028 44734 41649 5228 36131 138763 175822 443 3746 11894 80783 28764 94283 103496 1515 1770 275 1338127 73718 31 24782
internal_value=0 0.00205117 0.00222325 0.00166299 -0.0503299 -0.0163062 0.00228902 0.0122617 0.0795627 -0.000453347 -0.0401398 -0.0712316 0.00617171 0.131537 0.00100204 -0.00172156 -0.0291258 -0.0276413 -0.108274 0.0188074 0.032826 0.0629618 -0.00110924 0.0492644 0.225072 0.106506 -0.00337596 -0.0093543 -0.0495203 -0.0512169
internal_weight=0 4.55444e+06 4.55126e+06 4.49769e+06 53511 40377 4.44418e+06 958512 79538 3.48567e+06 123305 78571 878974 42191 3.36236e+06 2.91627e+06 180011 179568 53543 446089 261810 123047 184279 53568 3285 36406 2.76719e+06 1.42907e+06 98531 98500
internal_count=7321633 4554440 4551258 4497690 53511 40377 4444179 958512 79538 3485667 123305 78571 878974 42191 3362362 2916273 180011 179568 53543 446089 261810 123047 184279 53568 3285 36406 2767193 1429066 98531 98500
is_linear=0
shrinkage=0.1


Tree=230
num_leaves=31
num_cat=0
split_feature=15 11 21 14 18 15 14 18 12 21 14 3 7 8 14 12 11 12 0 21 21 8 0 8 21 0 0 8 16 26
split_gain=4987.99 13798.6 36410.5 39483.2 20999.7 30358.9 16693.4 27099.3 27136.8 70523.3 127630 52352.1 63496.2 52259.7 37699.2 47492.4 63268.1 46437.3 35326.1 31691 33740.2 31355.3 53686.5 33476.7 37223.4 31314.2 31184.3 27876.9 26058 35366.1
threshold=1.4030475065616801 6.5860176779742003 12.066169858953876 67.25500000000001 64.200000000000017 2.758695826645265 80.085000000000022 23.175000000000004 10.890000000000002 5.9200554027476917 222.31500000000003 6.0359343294595105 27412.000000000004 185.50000000000003 199.94500000000002 0.8025000000000001 10.904732543479069 0.41250000000000009 14.500000000000002 28.872821175412202 14.102594559223187 89.500000000000014 2.5000000000000004 238.50000000000003 16.460509296098724 20.500000000000004 21.500000000000004 462.50000000000006 0.90250000000000019 0.045000000000000005
decision_type=2 2 2 2 2 2 2 2 2 2 2 2 2 2 2 2 2 2 2 2 2 2 2 2 2 2 2 2 2 2
left_child=-1 2 -2 -4 5 -5 -3 8 9 -8 14 28 18 -10 -11 17 -17 25 -13 20 -18 22 -14 24 -23 -16 -24 -25 29 -12
right_child=1 6 3 4 -6 -7 7 -9 13 10 11 12 21 -15 15 16 19 -19 -20 -21 -22 23 26 27 -26 -27 -28 -29 -30 -31
leaf_value=0.00066302545354709401 -0.0068669539906217872 0.028482526658371161 -0.075956424474419942 -0.38843793314801672 0.68153934059350685 -2.0590811154326878 -0.014496483675375343 0.0068223402884894802 -0.1136774267043857 -0.10932018036559295 -4.1670551152527331 -7.1193401122915336 -5.3137187194824227 0.11201869811204007 -0.25685432262909719 -1.4143015842121525 1.3352074290697393 1.1134559834147015 -1.9898356425762178 1.5303168773651123 -0.50807219482712673 -1.5282159999889489 -0.97935415423331573 -1.7645390768893638 0.89085713434501523 -5.0465073358444945 -3.5941050216303037 -0.38003865199348941 3.3820839655464114 0.22843726947903634
leaf_weight=6877826 53156 118636 14133 5420 178 111 27829 165002 20915 13235 20 29 45 20137 39 737 104 301 25 86 2199 102 201 468 169 21 59 211 23 216
leaf_count=6877826 53156 118636 14133 5420 178 111 27829 165002 20915 13235 20 29 45 20137 39 737 104 301 25 86 2199 102 201 468 169 21 59 211 23 216
internal_value=0 -0.0102751 -0.0500163 -0.165612 -0.38756 -0.421966 -0.00245162 -0.0170047 -0.0621059 -0.114747 -0.267281 -1.12994 -1.38697 -0.00296801 -0.18639 -0.478912 -0.604326 0.607081 -4.74457 -0.35445 -0.424832 -1.2425 -2.12465 -0.95928 -0.0196427 -1.93323 -1.5727 -1.3343 0.169071 -0.144062
internal_weight=0 443807 72998 19842 5709 5531 370809 252173 87171 46119 18290 1568 1309 41052 16722 3487 3126 361 54 2389 2303 1255 305 950 271 60 260 679 259 236
internal_count=7321633 443807 72998 19842 5709 5531 370809 252173 87171 46119 18290 1568 1309 41052 16722 3487 3126 361 54 2389 2303 1255 305 950 271 60 260 679 259 236
is_linear=0
shrinkage=0.1


Tree=231
num_leaves=31
num_cat=0
split_feature=15 12 8 1 25 14 13 19 9 17 14 7 5 15 21 8 18 2 2 1 8 3 0 26 0 11 1 16 13 0
split_gain=4591.56 15049.1 18510.7 31165 40849.1 42112.2 60914.1 43946.2 37865.6 36513.6 61060.1 60224.8 29650.8 71758.4 52177.8 138522 44477 113010 87384.6 67842.8 75474.1 47903.3 42260.9 40665.9 40496.6 39275.2 39309.2 44193.4 49945.8 39074.7
threshold=2.4855725623582772 15.005000000000001 124.50000000000001 -22.499999999999996 3.5000000000000004 199.94500000000002 42.675000000000004 1.0000000180025095e-35 1.0000000180025095e-35 2.9550000000000005 210.87500000000003 1919260.5000000002 1.0000000180025095e-35 3.4360934744268081 23.266330780877443 359.50000000000006 85.175000000000011 26.500000000000004 27.500000000000004 -24.499999999999996 417.50000000000006 12.593775947739127 3.5000000000000004 13.645000000000001 6.5000000000000009 39.961155172413804 -26.499999999999996 10.445000000000002 156.215 1.5000000000000002
decision_type=2 2 2 2 2 2 2 2 2 2 2 2 2 2 2 2 2 2 2 2 2 2 2 2 2 2 2 2 2 2
left_child=-1 -2 -3 12 5 -5 8 -8 -7 10 -6 -11 24 -14 15 22 -16 19 29 -18 23 -20 -15 -21 25 -4 -27 28 -28 -19
right_child=1 2 3 4 9 6 7 -9 -10 11 -12 -13 13 14 16 -17 17 18 21 20 -22 -23 -24 -25 -26 26 27 -29 -30 -31
leaf_value=0.00043808006078941352 -0.036277943074136669 -0.026051200107018758 0.092106658749325013 -0.0034148731401861215 0.084461798521931183 -0.61191789627725068 -0.89549921321123849 0.86404831506967072 -2.2806354009546341 -0.22457991650893319 1.1312995198047056 -3.7249445796012881 -0.2036833658221239 2.2338151274157352 0.46455505835075583 4.3771320658922193 4.0445292501232109 1.2063346924320344 1.82309758291332 -4.812182382436899 4.633843632844779 -2.5774250276386739 0.10515296360974041 0.15547314173645443 0.16099313402732776 0.27753133085775067 -0.67158415138306493 0.051383863406250355 -3.8373685696545774 -2.530806183140037
leaf_weight=7104227 128124 46932 4411 4183 2731 2442 200 489 144 402 700 56 2231 122 4698 120 74 31 109 26 26 32 396 45 14319 826 2182 1017 51 287
leaf_count=7104227 128124 46932 4411 4183 2731 2442 200 489 144 402 700 56 2231 122 4698 120 74 31 109 26 26 32 396 45 14319 826 2182 1017 51 287
internal_value=0 -0.0143152 0.0172023 0.0651355 -0.0766619 -0.213674 -0.482228 0.353294 -0.70484 0.186088 0.29804 -0.652572 0.117033 0.280155 0.461088 1.31571 0.358752 -0.430239 -1.24772 1.76406 0.0243246 0.824397 0.606498 -1.66367 0.058403 -0.114684 -0.33847 -0.495029 -0.743888 -2.16649
internal_weight=0 217406 89282 42350 11347 7458 3275 689 2586 3889 3431 458 31003 8197 5966 638 5328 630 459 171 97 141 518 71 22806 8487 4076 3250 2233 318
internal_count=7321633 217406 89282 42350 11347 7458 3275 689 2586 3889 3431 458 31003 8197 5966 638 5328 630 459 171 97 141 518 71 22806 8487 4076 3250 2233 318
is_linear=0
shrinkage=0.1


Tree=232
num_leaves=31
num_cat=0
split_feature=3 16 21 14 15 1 16 21 9 14 18 25 5 15 3 26 21 8 18 11 21 15 0 12 11 12 1 12 26 23
split_gain=4440.64 22826.5 22771.3 39980.9 47113 97040.6 61453.6 58656.8 54065.7 47712 40955.1 39443.8 39186.8 39111.7 38897.7 36816.6 57885.7 51555.7 48515.9 56760.8 45720.4 44357.8 38698.6 46710.2 67929.1 38328.9 36492.1 107484 60318.1 36246.9
threshold=5.8962438864673512 84.570000000000007 4.6875534757621171 210.87500000000003 0.89553436584989987 -24.499999999999996 0.10750000000000003 16.460509296098724 1.0000000180025095e-35 366.89500000000004 3.4650000000000003 3.5000000000000004 1.0000000180025095e-35 0.61813173926286946 4.8050334168755233 3.3750000000000004 14.222470423884381 270.50000000000006 108.36000000000001 97.595652173913066 16.460509296098724 2.0798201438848927 3.5000000000000004 1.1225000000000003 21.984252873563221 1.2075000000000002 -21.499999999999996 1.1025000000000003 9.5150000000000023 748.00000000000011
decision_type=2 2 2 2 2 2 2 2 2 2 2 2 2 2 2 2 2 2 2 2 2 2 2 2 2 2 2 2 2 2
left_child=1 2 -1 -4 5 6 -5 9 11 -8 -6 12 -7 -9 -13 16 17 -12 22 -20 -18 25 26 -24 -25 -22 -17 -28 -29 -27
right_child=-2 -3 3 4 10 8 7 13 -10 -11 15 14 -14 -15 -16 18 20 -19 19 -21 21 -23 23 24 -26 29 27 28 -30 -31
leaf_value=-0.0015032574910863372 -0.00059002839414591625 -1.5235640732897926 0.0416042323378331 -0.20634014539146045 -2.2723970609552722 3.5804190589831428 2.582680650633209 2.3751813942735849 0.7365360665682591 -2.4810257021586102 1.7014164240673335 3.4583929329605425 -0.2657157403451425 8.4853255331516273 8.0384811748157841 0.40346853977204644 -1.9593325141403413 6.6311554590861013 3.179053811563386 0.35220816366219737 0.53201359212398536 0.27699753425295365 -2.0162087569361953 1.8933420760969146 -0.88328498998284344 5.8846720619899475 -6.7613541627752376 -3.4105408750474453 1.8669682894180071 0.85311278037049554
leaf_weight=315884 6924188 97 77334 597 68 52 49 22 165 30 99 118 54 20 22 853 72 27 90 337 56 476 219 113 400 41 29 32 67 22
leaf_count=315884 6924188 97 77334 597 68 52 49 22 165 30 99 118 54 20 22 853 72 27 90 337 56 476 219 113 400 41 29 32 67 22
internal_value=0 0.0102793 0.0106538 0.0577937 0.360941 0.911598 0.210162 2.26513 2.13698 0.659754 0.153779 3.0763 1.62107 5.28477 4.17812 0.210029 0.792047 2.75779 -0.00564397 0.94803 0.420707 0.708712 -0.243367 -0.793601 -0.271669 2.43557 0.167206 -1.40726 0.161107 4.12762
internal_weight=0 397445 397348 81464 4130 1129 718 121 411 79 3001 246 106 42 140 2933 793 126 2140 427 667 595 1713 732 513 119 981 128 99 63
internal_count=7321633 397445 397348 81464 4130 1129 718 121 411 79 3001 246 106 42 140 2933 793 126 2140 427 667 595 1713 732 513 119 981 128 99 63
is_linear=0
shrinkage=0.1


Tree=233
num_leaves=31
num_cat=0
split_feature=3 21 14 2 18 1 21 5 26 0 16 26 19 14 21 18 8 14 12 10 14 11 7 1 20 14 14 26 14 14
split_gain=4464.94 22927.7 36354.7 48629.9 122829 114305 33326 67997.8 57324.1 55031.7 32994.4 26805.2 25566.7 14633.9 28525.4 27644.8 24049.6 35540.7 20458.4 30346.8 38606.1 30102 25036.9 23980.2 43323.4 55407.4 21460 26326.7 19970.3 24885.7
threshold=18.96254208754209 10.487127586999657 325.42000000000002 27.500000000000004 115.04000000000001 -25.499999999999996 20.361829940509359 1.0000000180025095e-35 17.025000000000002 22.500000000000004 0.097500000000000017 3.2650000000000001 1.0000000180025095e-35 24.155000000000005 12.066169858953876 37.255000000000003 174.50000000000003 184.94000000000003 1.2825000000000004 1.0000000180025095e-35 248.75000000000003 6.7242013888888899 19197.000000000004 -25.499999999999996 1.0000000180025095e-35 194.14000000000001 122.90000000000002 13.645000000000001 198.17000000000004 222.31500000000003
decision_type=2 2 2 2 2 2 2 2 2 2 2 2 2 2 2 2 2 2 2 2 2 2 2 2 2 2 2 2 2 2
left_child=-1 -2 13 4 6 11 10 8 9 -8 12 -5 -4 -3 15 16 28 -18 19 21 22 26 -21 24 -24 -26 -16 -28 -15 -30
right_child=1 2 3 5 -6 -7 7 -9 -10 -11 -12 -13 -14 14 18 -17 17 -19 -20 20 -22 -23 23 -25 25 -27 27 -29 29 -31
leaf_value=-0.00043578280658598546 -0.0015265182966287504 0.011276030606765498 4.4671111214160915 4.3192389750480649 8.4003114700317383 -6.7038125476837154 1.902375808981962 -5.4002046751976014 4.2951374489920484 -3.320660525874088 5.1433084164063141 -0.12877285991396223 0.41301394104957584 0.54825341511964931 0.19360782598081894 1.6601039414517365 0.22732136352033444 -1.5024825005130915 -0.014334656763222021 -1.3741531368804305 3.8932085427370939 -0.25876044480690386 0.71028294883374321 0.28283034930871659 0.88162273665269231 6.2303650691228754 4.4613407203784359 0.58823451454992648 3.2019010912225796 0.055755451248913283
leaf_weight=7100516 179433 20246 20 20 25 25 43 20 35 38 30 42 70 1108 4193 171 1273 131 9726 73 33 1845 684 1568 45 34 26 54 65 41
leaf_count=7100516 179433 20246 20 20 25 25 43 20 35 38 30 42 70 1108 4193 171 1273 131 9726 73 33 1845 684 1568 45 34 26 54 65 41
internal_value=0 0.0139939 0.080803 1.07034 1.70998 -0.995621 1.05662 -0.0151266 0.913335 -0.547938 2.27127 1.30607 1.31392 0.0719892 0.130328 0.428221 0.347758 0.0659223 0.0848807 0.197677 0.496093 0.0788075 0.449461 0.506571 0.966368 3.18361 0.224563 1.84699 0.673702 1.985
internal_weight=0 221117 41684 368 281 87 256 136 116 81 120 62 90 41316 21070 2789 2618 1404 18281 8555 2437 6118 2404 2331 763 79 4273 80 1214 106
internal_count=7321633 221117 41684 368 281 87 256 136 116 81 120 62 90 41316 21070 2789 2618 1404 18281 8555 2437 6118 2404 2331 763 79 4273 80 1214 106
is_linear=0
shrinkage=0.1


Tree=234
num_leaves=31
num_cat=0
split_feature=12 14 13 14 5 2 15 8 14 8 2 15 0 1 3 8 14 21 5 0 19 14 13 13 13 26 0 2 1 0
split_gain=4537.76 39642.4 27932.2 30860.8 28705.9 49349.2 62028 52845.3 30071.1 103547 70141.7 77501.6 75963.2 67087 29452.5 29062.6 31604.2 30477.8 27738.3 26708.3 25712 29445 25268.5 44922.6 36941.9 110724 74660.3 56687.5 44000.4 62546.1
threshold=200.10000000000002 240.00500000000002 70.780000000000015 190.93000000000004 1.0000000180025095e-35 27.500000000000004 3.4360934744268081 185.50000000000003 541.41500000000008 205.50000000000003 26.500000000000004 10.066381131341933 10.500000000000002 -25.499999999999996 17.006891333559384 71.500000000000014 216.98500000000004 20.361829940509359 1.0000000180025095e-35 19.500000000000004 1.0000000180025095e-35 509.5750000000001 19.365000000000006 2.8950000000000005 61.165000000000006 0.025000000000000005 10.500000000000002 26.500000000000004 -24.499999999999996 1.0000000180025095e-35
decision_type=2 2 2 2 2 2 2 2 2 2 2 2 2 2 2 2 2 2 2 2 2 2 2 2 2 2 2 2 2 2
left_child=2 -2 -1 18 8 7 -7 -6 9 15 11 -10 13 -13 -8 16 -5 -18 -4 -12 -17 -22 23 -3 25 26 27 -24 -26 -30
right_child=1 22 3 4 5 6 14 -9 10 -11 19 12 -14 -15 -16 20 17 -19 -20 -21 21 -23 24 -25 28 -27 -28 -29 29 -31
leaf_value=-5.8043252372438472e-05 -0.96750794957632191 0.041819368784111764 -0.66753200211628749 0.31233663159379593 0.33342779609084455 5.006996240113911 -0.56356430726666606 -1.4740638779321067 -6.2143816502888996 4.4294326123479122 0.44930936571742808 5.9836645955624794 -2.9952726469039916 -0.34000216708067926 2.601300432515699 -1.9401545146726216 0.47691775390080049 2.1719168432464171 0.51395979340780862 2.8462916064680672 0.22748609939236225 4.1301856899261473 6.0368141326037321 1.2738337246964428 -0.35760644654996598 -8.2527303809211361 -2.0468309347321387 0.1641477320285944 -1.6629282733637418 0.33345844244761191
leaf_weight=7310082 469 1314 560 325 369 38 93 288 30 77 252 23 75 62 43 53 161 311 308 57 579 20 22 382 2637 21 147 65 167 2603
leaf_count=7310082 469 1314 560 325 369 38 93 288 30 77 252 23 75 62 43 53 161 311 308 57 579 20 22 382 2637 21 147 65 167 2603
internal_value=0 -0.0761011 8.14409e-05 0.273884 0.432585 -0.0623168 1.43512 -0.458897 0.635678 0.856039 -0.0382128 -1.55017 -0.675633 1.37111 0.437091 0.666149 1.07122 1.59375 -0.248293 0.891471 0.170997 0.357793 -0.0192826 0.319313 -0.120706 -1.29691 -0.672669 1.64919 -0.0652349 0.213099
internal_weight=0 7827 7.31381e+06 3724 2856 831 174 657 2025 1526 499 190 160 85 136 1449 797 472 868 309 652 599 7358 1696 5662 255 234 87 5407 2770
internal_count=7321633 7827 7313806 3724 2856 831 174 657 2025 1526 499 190 160 85 136 1449 797 472 868 309 652 599 7358 1696 5662 255 234 87 5407 2770
is_linear=0
shrinkage=0.1


Tree=235
num_leaves=31
num_cat=0
split_feature=2 13 8 0 19 8 14 21 18 21 21 18 26 7 0 1 14 16 3 19 11 6 14 14 1 14 11 26 12 17
split_gain=4408.21 29935.8 73852.9 67834.6 43346.4 26486.6 46974 67109.5 75147.7 49334.2 41390.6 39047.1 55502.1 25744.2 28635.6 35605.2 50354.4 25175.2 33769.8 39620.6 39909.9 31807.1 46726.2 33557.2 30069.3 76777.9 42164.4 27518.1 50467.3 115808
threshold=27.500000000000004 92.625000000000014 216.50000000000003 21.500000000000004 1.0000000180025095e-35 50.500000000000007 751.73500000000013 36.995128987870253 93.940000000000012 32.102631101271896 36.995128987870253 38.32500000000001 4.995000000000001 1619415.5000000002 4.5000000000000009 -26.499999999999996 325.42000000000002 7.6275000000000004 10.31914662416691 1.0000000180025095e-35 97.595652173913066 1.0000000180025095e-35 286.27500000000003 300.30000000000007 -25.499999999999996 230.54500000000004 97.595652173913066 26.060000000000006 110.17000000000002 3.8950000000000005
decision_type=2 2 2 2 2 2 2 2 2 2 2 2 2 2 2 2 2 2 2 2 2 2 2 2 2 2 2 2 2 2
left_child=-1 17 5 4 -4 10 13 8 11 -10 -3 -8 -13 -7 -15 -16 -17 -2 21 20 -20 23 24 -19 25 -23 -26 28 -21 -30
right_child=1 2 3 -5 -6 6 7 -9 9 -11 -12 12 -14 14 15 16 -18 18 19 27 -22 22 -24 -25 26 -27 -28 -29 29 -31
leaf_value=0.0010879462067970023 -0.0052222049500772541 -0.21539667109837352 1.9162227290945175 -2.0771679719289144 5.6019176879414809 -1.4482953064220467 2.1280402619263223 6.2259448215879249 1.2323472112239828 7.9362384298573376 -4.5015155478380624 -5.443984380072874 0.15417962414877756 1.6024349845372716 1.0856208481650422 0.92444775899872189 -2.3310248997221645 -0.11814868985126753 -0.10597385001569493 0.21521526557393372 -1.9114591866570549 -0.43268549200076029 -2.3371791931605617 2.7342317036960435 -0.703832968602493 4.1700602067144299 -2.9795825393694755 -0.49969384071098066 0.91438345791076336 7.5727455477560728
leaf_weight=6118750 1197511 368 78 27 54 97 58 29 21 23 24 23 77 130 138 80 117 399 362 1030 185 783 172 46 351 38 106 359 166 31
leaf_count=6118750 1197511 368 78 27 54 97 58 29 21 23 24 23 77 130 138 80 117 399 362 1030 185 783 172 46 351 38 106 359 166 31
internal_value=0 -0.0055341 0.466152 2.48985 3.42401 0.194618 0.527018 1.7275 1.08168 4.73665 -0.477812 0.0638388 -1.1334 0.0335827 0.342706 -0.146145 -1.00901 -0.00606171 -0.255643 0.0172723 -0.716604 -0.562835 -0.789798 0.176704 -0.581543 -0.219647 -1.23169 0.270381 0.495692 1.96215
internal_weight=0 1.20288e+06 1344 159 132 1185 793 231 202 44 392 158 100 562 465 335 197 1.20154e+06 4028 2133 547 1895 1450 445 1278 821 457 1586 1227 197
internal_count=7321633 1202883 1344 159 132 1185 793 231 202 44 392 158 100 562 465 335 197 1201539 4028 2133 547 1895 1450 445 1278 821 457 1586 1227 197
is_linear=0
shrinkage=0.1


Tree=236
num_leaves=31
num_cat=0
split_feature=16 21 3 14 2 21 16 0 0 0 0 14 14 8 2 1 3 0 14 1 23 13 26 1 14 0 14 0 17 18
split_gain=4600.76 11936.2 33231.4 35957.1 34605.2 23880 33240.4 91714.8 50680.9 42988.1 110786 150911 44537.3 54394.1 33989.4 40647.6 73348.9 25275.1 32119.2 27348.9 23380.7 23258.1 21431.8 23794.4 100570 415419 50787.5 103982 21057.6 64860.8
threshold=22.255000000000006 33.228507133152185 8.1494274809160334 509.5750000000001 27.500000000000004 24.488251813304284 152.40500000000003 4.5000000000000009 14.500000000000002 11.500000000000002 13.500000000000002 751.73500000000013 286.27500000000003 13.500000000000002 27.500000000000004 -24.499999999999996 10.31914662416691 14.500000000000002 751.73500000000013 -23.499999999999996 748.00000000000011 100.53500000000001 33.435000000000009 -23.499999999999996 751.73500000000013 9.5000000000000018 751.73500000000013 12.500000000000002 6.8400000000000007 83.420000000000016
decision_type=2 2 2 2 2 2 2 2 2 2 2 2 2 2 2 2 2 2 2 2 2 2 2 2 2 2 2 2 2 2
left_child=-1 5 -3 -4 -5 22 9 -8 -9 12 11 -11 -7 -14 15 16 -15 19 20 -12 -19 -17 28 26 -25 -26 -24 -28 -2 -30
right_child=1 2 3 4 -6 6 7 8 -10 10 17 -13 13 14 -16 21 -18 18 -20 -21 -22 -23 23 24 25 -27 27 -29 29 -31
leaf_value=6.574603261133814e-05 -0.1544590019827248 -1.2404209199577871 0.14438264631032946 3.4425378583371642 -0.22247196655524407 -0.12100209400133433 5.849987643559774 -4.0389395066670017 1.6689999655314853 -0.31016075015068056 -5.417208140520823 9.9245985412597673 2.6866050678750746 -9.4495016375313643 -0.16035411085548074 -2.9766807663501527 -2.8515067191351031 -0.3572516524297471 2.0132142822697481 -0.74329158106157855 -2.8362768899826776 -0.64568110798534595 0.103621324747731 0.32461422204322354 14.07524708234347 -2.9422422960400585 -8.7612487590312949 0.32576326692805574 -0.10933078720762923 -4.6839605032011518
leaf_weight=7316600 1395 99 250 80 38 197 30 28 35 34 21 25 23 23 58 98 63 404 53 31 42 76 1067 597 26 32 20 34 111 43
leaf_count=7316600 1395 99 250 80 38 197 30 28 35 34 21 25 23 23 58 98 63 404 53 31 42 76 1067 597 26 32 20 34 111 43
internal_value=0 -0.0955767 0.385959 0.823491 2.26228 -0.144827 -0.519161 1.29919 -0.867862 -0.666466 -0.0917817 4.0266 -1.31806 -2.00961 -2.34928 -2.83758 -4.61609 -0.53277 -0.314134 -2.63083 -0.590702 -1.95854 -0.00511339 0.23199 0.710839 4.68629 -0.0478011 -3.0398 -0.276963 -1.38666
internal_weight=0 5033 467 368 118 4566 1241 93 63 1148 610 59 538 341 318 260 86 551 499 52 446 174 3325 1776 655 58 1121 54 1549 154
internal_count=7321633 5033 467 368 118 4566 1241 93 63 1148 610 59 538 341 318 260 86 551 499 52 446 174 3325 1776 655 58 1121 54 1549 154
is_linear=0
shrinkage=0.1


Tree=237
num_leaves=31
num_cat=0
split_feature=1 13 3 0 0 14 26 13 14 3 12 0 8 0 21 2 0 10 0 8 20 26 13 0 19 2 2 21 7 15
split_gain=4417.74 21939 64865.4 89582.2 207908 120955 206135 65486.9 53127.8 50584.1 44285.9 40751.6 56591.2 50489.8 39635.7 56533.2 54125.9 35933.9 36532 60939 138290 263835 54184.9 43254.5 68434.2 58056.5 56408.1 36834.6 39259.2 33725.5
threshold=-22.499999999999996 42.675000000000004 12.982401349642306 1.0000000180025095e-35 2.5000000000000004 751.73500000000013 33.435000000000009 100.53500000000001 206.62500000000003 7.6179452201358808 141.31500000000003 11.500000000000002 156.50000000000003 14.500000000000002 32.102631101271896 26.500000000000004 9.5000000000000018 1.0000000180025095e-35 19.500000000000004 205.50000000000003 1.0000000180025095e-35 0.025000000000000005 100.53500000000001 6.5000000000000009 1.0000000180025095e-35 26.500000000000004 26.500000000000004 32.102631101271896 1919260.5000000002 10.066381131341933
decision_type=2 2 2 2 2 2 2 2 2 2 2 2 2 2 2 2 2 2 2 2 2 2 2 2 2 2 2 2 2 2
left_child=-1 -2 8 7 -5 11 -7 -4 -3 -10 -11 14 -13 -14 -6 -16 -17 29 19 20 27 -22 -20 26 -25 -26 -21 -19 -29 -12
right_child=1 2 3 4 5 6 -8 -9 9 10 17 12 13 -15 15 16 -18 18 22 23 21 -23 -24 24 25 -27 -28 28 -30 -31
leaf_value=0.0014625805310584641 -0.0046109342278253277 -0.1647954249442373 -8.7352627503871911 8.9204575686454781 0.10178546994924545 -1.3969068571048624 -12.680472993850708 -1.7270410539209842 0.019158811190115189 2.8012185568933363 -1.0990898702983503 0.12115813493549538 -3.329522152476013 -0.48513435804879812 5.097699955531529 3.1788666963577272 -3.3988845467567446 0.52958400592934796 0.82471962726213099 -2.1818673334483587 14.703957265853882 2.163380262898464 -3.7945941243320704 -0.68202974904274605 5.2294070419898402 0.45921181951250345 1.3588516127946004 0.56815990912608616 4.7005965733102393 1.9637409876803962
leaf_weight=5405311 1912385 716 20 25 150 85 20 40 499 154 135 832 100 166 49 29 22 164 123 91 25 51 32 69 65 42 89 39 56 49
leaf_count=5405311 1912385 716 20 25 150 85 20 40 499 154 135 832 100 166 49 29 22 164 123 91 25 51 32 69 65 42 89 39 56 49
internal_value=0 -0.00412546 0.231694 -0.275251 -0.121481 -0.277055 -3.54616 -4.06311 0.556697 0.863641 1.21955 -0.0224141 -0.284773 -1.55445 1.12987 2.67199 0.341405 0.983069 1.25853 1.56976 2.53784 6.28857 -0.128945 0.658781 1.77351 3.35699 -0.431179 1.43723 3.00412 -0.283445
internal_weight=0 1.91632e+06 3937 1538 1478 1453 105 60 2399 1683 1184 1348 1098 266 250 100 51 1030 846 691 335 76 155 356 176 107 180 259 95 184
internal_count=7321633 1916322 3937 1538 1478 1453 105 60 2399 1683 1184 1348 1098 266 250 100 51 1030 846 691 335 76 155 356 176 107 180 259 95 184
is_linear=0
shrinkage=0.1


Tree=238
num_leaves=31
num_cat=0
split_feature=12 8 13 14 21 14 13 26 21 1 13 21 0 8 0 8 1 1 0 16 0 7 25 2 21 12 16 1 18 0
split_gain=4346.99 35180 35951.6 61943 99796.8 43716.2 80600.5 120416 33820.4 35022.6 32495.8 31853.9 77692 87111 46936.7 86360.2 62219.1 44561.3 69259.1 47042.1 41205.4 60732.4 37965 29259.6 27280.3 27743.1 26976.4 48066.1 122172 95112.9
threshold=200.10000000000002 28.500000000000004 202.99500000000003 509.5750000000001 20.361829940509359 751.73500000000013 19.945000000000004 0.025000000000000005 36.995128987870253 -23.499999999999996 58.57500000000001 32.102631101271896 5.5000000000000009 165.50000000000003 2.5000000000000004 71.500000000000014 -24.499999999999996 -22.499999999999996 4.5000000000000009 18.355000000000004 19.500000000000004 1619415.5000000002 3.5000000000000004 26.500000000000004 14.222470423884381 327.12750000000005 0.027500000000000004 -23.499999999999996 44.240000000000009 19.500000000000004
decision_type=2 2 2 2 2 2 2 2 2 2 2 2 2 2 2 2 2 2 2 2 2 2 2 2 2 2 2 2 2 2
left_child=-1 2 5 -4 -5 8 -7 -8 24 -10 11 14 13 23 15 -3 -17 -16 19 -19 21 -14 -18 -13 -2 -26 -12 -28 29 -29
right_child=1 10 3 4 -6 6 7 -9 9 -11 26 12 20 -15 17 16 22 18 -20 -21 -22 -23 -24 -25 25 -27 27 28 -30 -31
leaf_value=7.9710610665920372e-05 -2.2096547024457585 7.3143111278613411 -0.79327795041847959 6.3320445437180375 0.39462040856077868 1.5007713284985773 0.5633806352615357 -8.3271949988145106 -0.39880608111619953 4.78785183844359 -0.70028245315556947 -1.0305414949144636 2.0065913620984781 1.852054287824366 0.3166612628664473 3.5835974462032318 -2.4909076906600092 -1.9456475166479745 -0.31057591191997197 -8.0336277476935223 1.0969530497925193 7.2057612565847551 1.9608581868807473 -5.5253257242838547 -0.4008267907540855 -2.7639593952106982 -0.25411623362919794 3.1516658670081092 0.036980403664717505 -1.8701173528035484
leaf_weight=7313806 112 24 197 38 111 29 25 39 30 23 632 28 53 72 662 50 53 30 157 22 79 39 30 30 793 53 2786 233 1352 45
leaf_count=7313806 112 24 197 38 111 29 25 39 30 23 632 28 53 72 662 50 53 30 157 22 79 39 30 30 793 53 2786 233 1352 45
internal_value=0 -0.0744842 -0.519089 0.370361 1.90886 -0.797848 -2.87262 -4.85431 -0.606993 1.85201 0.0266099 0.466559 1.37132 -0.471285 0.201645 1.79319 0.796899 -0.0852352 -1.35823 -4.52133 2.77212 4.21059 -0.881836 -3.35543 -0.743034 -0.548872 -0.0892167 -0.00176346 0.429559 2.33879
internal_weight=0 7827 1450 346 149 1104 93 64 1011 53 6377 1329 301 130 1028 157 133 871 209 52 171 92 83 58 958 846 5048 4416 1630 278
internal_count=7321633 7827 1450 346 149 1104 93 64 1011 53 6377 1329 301 130 1028 157 133 871 209 52 171 92 83 58 958 846 5048 4416 1630 278
is_linear=0
shrinkage=0.1


Tree=239
num_leaves=31
num_cat=0
split_feature=15 26 26 26 8 14 25 8 14 8 15 14 15 14 26 15 16 1 21 26 1 18 1 11 3 12 14 8 14 8
split_gain=4165.19 20120.9 22588.5 15348.1 31915.8 44966 34796.9 26916.2 25964.4 25953.9 55497.8 32302.2 27943.3 25489.9 49852 27724.1 25193.8 22546.2 61927.5 84180.9 148639 51602.7 43488.8 20932 27556.3 41980.2 37973.5 41317 24757.1 21263.3
threshold=0.45365403753314187 33.435000000000009 23.575000000000003 0.76500000000000012 586.50000000000011 25.010000000000002 3.5000000000000004 124.50000000000001 196.99000000000004 282.50000000000006 0.41459200558213721 250.17500000000004 0.20069977081741788 246.57500000000002 5.6350000000000007 0.22365790979853481 0.027500000000000004 -22.499999999999996 16.460509296098724 3.3250000000000006 -24.499999999999996 10.295000000000002 -26.499999999999996 1.4612749979197297 14.55711317324347 0.33250000000000007 168.34000000000003 1873.5000000000002 108.26500000000001 2208.5000000000005
decision_type=2 2 2 2 2 2 2 2 2 2 2 2 2 2 2 2 2 2 2 2 2 2 2 2 2 2 2 2 2 2
left_child=1 2 3 -1 5 -5 -7 -8 -9 10 11 -10 -11 23 17 -16 -17 18 21 -20 -21 22 -15 28 -25 26 27 -26 -6 -29
right_child=-2 -3 -4 4 13 6 7 8 9 12 -12 -13 -14 14 15 16 -18 -19 19 20 -22 -23 -24 24 25 -27 -28 29 -30 -31
leaf_value=0.00036225006652398993 -0.0034670716114691964 2.783503928551307 -1.6683018509252574 0.025957737391074039 -0.0071866571252330929 -0.018482760348783291 0.59203917738423073 0.26941252702509211 -1.4209175087576895 2.8039394992239335 -4.9960150194168094 1.9456988199957106 -0.25686988520278853 6.5851228918348044 2.0260286184457637 -4.1330261389414469 -1.1461023910935357 -0.6197633784371599 -0.38880554145032709 -0.61779674863815304 9.7457772351080365 -0.16736903775001336 0.46667208281847145 0.024937408996829221 0.11596307214005336 -0.03833083711977496 2.9945062106510378 1.5923626767414414 -0.22847565571215372 0.51764655604469645
leaf_weight=4715026 2351955 26 81 30851 100670 4359 2654 10070 114 34 35 38 243 21 26 30 481 573 55 25 31 1422 26 84346 4590 5248 53 196 5323 3031
leaf_count=4715026 2351955 26 81 30851 100670 4359 2654 10070 114 34 35 38 243 21 26 30 481 573 55 25 31 1422 26 84346 4590 5248 53 196 5323 3031
internal_value=0 0.00164083 0.00162628 0.00165349 0.0255717 0.0986511 0.22646 0.307421 0.235712 -0.495677 -1.40593 -0.579263 0.118825 0.00841449 -0.297398 -1.15938 -1.32146 -0.0824024 0.112476 2.39 5.11918 -0.0596172 3.20045 0.0124578 0.045907 0.180737 0.326819 0.308732 -0.0182999 0.582922
internal_weight=0 4.96968e+06 4.96965e+06 4.96957e+06 254545 48398 17547 13188 10534 464 187 152 277 206147 2690 537 511 2153 1580 111 56 1469 47 203457 97464 13118 7870 7817 105993 3227
internal_count=7321633 4969678 4969652 4969571 254545 48398 17547 13188 10534 464 187 152 277 206147 2690 537 511 2153 1580 111 56 1469 47 203457 97464 13118 7870 7817 105993 3227
is_linear=0
shrinkage=0.1


Tree=240
num_leaves=31
num_cat=0
split_feature=2 24 18 21 1 14 7 5 21 11 15 18 8 5 1 14 11 3 15 1 26 8 12 14 8 3 18 18 13 1
split_gain=4062.06 13957.6 80372 60287 121531 88262 46603.4 44264.7 42946.9 60651.7 99886.6 73145 72202.4 99969.7 62922.8 50209.2 62191.5 48554.5 53214.5 83138.3 44692.8 47818.8 42833.6 41938.2 143640 94442.5 82491 250869 109259 85442.2
threshold=26.500000000000004 400.00000000000006 13.735000000000001 16.460509296098724 -21.499999999999996 184.94000000000003 1919260.5000000002 1.0000000180025095e-35 16.460509296098724 3.4164512195121959 0.65088800582993878 64.200000000000017 7427.5000000000009 1.0000000180025095e-35 -24.499999999999996 192.90000000000001 3.522236437446181 6.8933563948253811 0.43559443021907246 -23.499999999999996 2.9550000000000005 417.50000000000006 2.1125000000000003 325.42000000000002 1993.5000000000002 12.593775947739127 64.200000000000017 59.515000000000008 0.74500000000000011 -23.499999999999996
decision_type=2 2 2 2 2 2 2 2 2 2 2 2 2 2 2 2 2 2 2 2 2 2 2 2 2 2 2 2 2 2
left_child=1 3 -3 -1 5 -5 -6 -8 9 -4 11 15 -12 14 -14 16 -11 -17 19 -19 -20 -22 -21 -10 25 26 27 29 -28 -25
right_child=-2 2 8 4 6 -7 7 -9 23 10 12 -13 13 -15 -16 17 -18 18 20 22 21 -23 -24 24 -26 -27 28 -29 -30 -31
leaf_value=-0.00029667205968354418 -0.0018754046705869107 -0.0011879611445046881 0.02219559577650845 0.19019836209548846 -0.35346384610980752 -2.2652539220231818 6.6965911126905873 1.35263206343497 0.022104959620395739 2.4268007266360314 0.15102496440166036 6.2147449970245363 5.9638827588160837 0.51811098401227118 1.8439278087050646 -0.59142725103079008 0.31993924174167088 1.6627361133727714 3.0380170048127777 0.0034194199537689036 -0.7898393153789498 1.8685081459710311 -3.0905506395300231 1.1500551167760196 8.4315104484558105 1.0963986077204722 4.4473586479822798 11.576608288884163 -0.95551924717976489 -0.40360171457640787
leaf_weight=2259614 4480955 470491 17415 225 40 419 31 31 61060 148 22979 24 60 489 97 141 2627 338 247 176 84 348 60 646 22 1095 39 20 929 783
leaf_count=2259614 4480955 470491 17415 225 40 419 31 31 61060 148 22979 24 60 489 97 141 2627 338 247 176 84 348 60 646 22 1095 39 20 929 783
internal_value=0 0.00295831 0.0167924 -0.000593412 -0.899409 -1.40737 2.30772 4.02461 0.0938189 0.168546 0.260167 0.709961 0.180337 1.22299 3.41843 0.678271 0.432305 1.16791 1.36589 0.657097 1.96507 1.35161 -0.783183 0.0414899 0.37642 0.325961 -0.0230793 0.454415 -0.737841 0.298751
internal_weight=0 2.84068e+06 580318 2.26036e+06 746 644 102 62 109827 45233 27818 4193 23625 646 157 4169 2775 1394 1253 574 679 432 236 64594 3534 3512 2417 1449 968 1429
internal_count=7321633 2840678 580318 2260360 746 644 102 62 109827 45233 27818 4193 23625 646 157 4169 2775 1394 1253 574 679 432 236 64594 3534 3512 2417 1449 968 1429
is_linear=0
shrinkage=0.1


Tree=241
num_leaves=31
num_cat=0
split_feature=26 12 12 11 14 13 11 8 19 18 8 0 3 2 25 21 3 15 0 16 18 0 14 8 13 14 16 14 21 5
split_gain=4862.02 19833.9 32932.9 38348.5 48505.5 102951 83236.2 53886.5 54848.4 50279.9 46028 43087.6 58457.5 42745.7 65429 86410.7 80269.8 109262 56413.6 58049.8 55903.2 54412.7 50811.4 48879.7 75310.2 100057 41343.9 40936.3 82390.6 45360.7
threshold=10.205000000000002 51.042500000000011 8.6850000000000023 9.2011025993237556 246.57500000000002 2.6650000000000005 56.445755494505498 1697.5000000000002 1.0000000180025095e-35 10.875000000000002 1290.0000000000002 3.5000000000000004 7.6911992263056099 26.500000000000004 3.5000000000000004 14.78430661152403 13.212222028800179 1.1359032517061423 1.0000000180025095e-35 0.047500000000000007 27.070000000000004 21.500000000000004 300.30000000000007 45.500000000000007 1.3350000000000002 366.89500000000004 0.097500000000000017 206.62500000000003 13.490306365337085 1.0000000180025095e-35
decision_type=2 2 2 2 2 2 2 2 2 2 2 2 2 2 2 2 2 2 2 2 2 2 2 2 2 2 2 2 2 2
left_child=-1 2 3 -2 6 9 7 10 -9 11 27 -6 -13 14 15 -11 17 20 -17 -20 -16 26 -19 24 25 -15 -18 -5 -29 -30
right_child=1 -3 -4 4 5 -7 -8 8 -10 13 -12 12 -14 23 16 18 21 22 19 -21 -22 -23 -24 -25 -26 -27 -28 28 29 -31
leaf_value=0.00026051120156813214 -0.090468415734065832 0.085599685335632614 -0.1922555335452609 0.086257993902454394 0.60899645487467458 5.0600081962974457 2.8856040922696131 -0.1655604624681456 1.448061297581388 -3.8476544556333061 -0.81004590031248025 -8.0309424370527278 -0.89449312470176001 1.2473072447013438 2.0311234995722773 -3.3318380802285441 -1.1481909047266481 -0.067660286587808746 -0.3630613365759352 1.7326398212375012 6.4000279396772388 -4.7486840771090604 1.553348353459155 -0.34800735556841883 -2.6245401654924669 9.3219809759230845 1.8673297022469342 2.4706297692357069 0.68137328006333764 -0.54918467918885694
leaf_weight=7247564 27033 13206 12783 10946 24 38 114 318 624 67 511 24 22 57 64 51 157 377 594 170 54 31 397 4550 28 21 64 209 1127 408
leaf_count=7247564 27033 13206 12783 10946 24 38 114 318 624 67 511 24 22 57 64 51 157 377 594 170 54 31 397 4550 28 21 64 209 1127 408
internal_value=0 -0.0254907 -0.049595 -0.0116659 0.0895488 -0.130429 0.194315 0.172622 0.903335 -0.159641 0.120479 -2.82579 -4.61786 -0.131711 0.251714 -0.395495 0.750698 1.19592 -0.111697 0.10326 4.03045 -0.825262 0.763787 -0.298553 1.82425 3.42126 -0.274918 0.15795 0.607914 0.354293
internal_weight=0 74069 60863 48080 21047 6790 14257 14143 942 6752 13201 70 46 6682 2026 882 1144 892 815 764 118 252 774 4656 106 78 221 12690 1744 1535
internal_count=7321633 74069 60863 48080 21047 6790 14257 14143 942 6752 13201 70 46 6682 2026 882 1144 892 815 764 118 252 774 4656 106 78 221 12690 1744 1535
is_linear=0
shrinkage=0.1


Tree=242
num_leaves=31
num_cat=0
split_feature=12 14 13 14 11 5 2 15 3 14 8 2 0 26 8 14 21 1 0 26 1 0 19 14 16 0 21 16 20 14
split_gain=4662.61 31608.6 21467.3 23782.3 24602.2 23244.9 36730.2 50374 44701.5 26210.8 83043.7 55766.2 63417.5 31980.2 22944.2 24783.2 24792.4 22539.9 22422.8 21780.4 21334.5 29678.6 20982.6 23725.7 20631 20574.2 19721.8 47759.7 45749.3 48534.9
threshold=200.10000000000002 222.31500000000003 70.780000000000015 190.93000000000004 97.595652173913066 1.0000000180025095e-35 27.500000000000004 3.4360934744268081 11.185317254763829 541.41500000000008 205.50000000000003 26.500000000000004 11.500000000000002 86.485000000000014 71.500000000000014 216.98500000000004 20.361829940509359 -25.499999999999996 19.500000000000004 4.8050000000000006 -22.499999999999996 3.5000000000000004 1.0000000180025095e-35 509.5750000000001 3.8550000000000004 21.500000000000004 14.222470423884381 33.710000000000001 1.0000000180025095e-35 470.11500000000007
decision_type=2 2 2 2 2 2 2 2 2 2 2 2 2 2 2 2 2 2 2 2 2 2 2 2 2 2 2 2 2 2
left_child=2 -2 -1 4 -4 9 8 -8 19 10 14 12 13 -11 15 -5 -17 -15 20 -7 21 -13 -16 -24 -9 -18 27 28 29 -3
right_child=1 26 3 5 -6 6 7 24 -10 11 -12 18 -14 17 22 16 25 -19 -20 -21 -22 -23 23 -25 -26 -27 -28 -29 -30 -31
leaf_value=-3.9727834274249342e-05 -1.2728762515339742 -2.2647100341853812 0.6331014761300453 0.28576508947519158 -0.55119203869134004 -1.3034654490564308 4.4448497226363735 -1.1017489065384043 1.0701545862433237 -3.3877470379783996 3.9680308991438382 1.6981682096657 -3.5806956472276137 3.1293097007659174 -1.7492204131945124 0.41321096560969856 2.1927486690836893 -0.20104347846265569 2.5531347032178915 0.13075959909903376 3.4085279566901074 -0.71426523389354835 0.20968821816699698 3.7129161548614507 1.3886435498029759 -0.69593899029272577 -0.010425895429352563 0.24383172455497762 0.43191531697909041 -7.774325962293716
leaf_weight=7310082 215 67 244 325 624 349 38 58 156 21 77 76 79 31 53 161 284 59 57 152 21 155 579 20 78 27 7306 176 42 21
leaf_count=7310082 215 67 244 325 624 349 38 58 156 21 77 76 79 31 53 161 284 59 57 152 21 155 579 20 78 27 7306 176 42 21
internal_value=0 -0.0771409 8.25537e-05 0.240117 -0.21828 0.379434 -0.0659119 1.22596 -0.408052 0.56219 0.767922 -0.0669603 -1.41511 0.126165 0.597868 0.95778 1.4205 0.946078 0.761998 -0.868331 0.35686 0.0794358 0.157913 0.326657 0.326564 1.94196 -0.0433675 -0.829874 -2.28351 -3.5795
internal_weight=0 7827 7.31381e+06 3724 868 2856 831 174 657 2025 1526 499 190 111 1449 797 472 90 309 501 252 231 652 599 136 311 7612 306 130 88
internal_count=7321633 7827 7313806 3724 868 2856 831 174 657 2025 1526 499 190 111 1449 797 472 90 309 501 252 231 652 599 136 311 7612 306 130 88
is_linear=0
shrinkage=0.1


Tree=243
num_leaves=31
num_cat=0
split_feature=12 14 14 13 1 12 9 0 0 8 19 26 1 12 3 1 8 0 8 8 8 21 13 7 1 8 0 1 10 1
split_gain=4735.08 114547 27576.4 30363.8 37859.8 36540.6 29791.4 29194.4 39326.7 39000.5 65414.9 50090.8 32416.7 31503.9 40273 36292.3 47304.2 29990 29439.9 77495.2 50365.2 81497.6 65359.9 79219.6 71997.2 46985.3 48861.1 53939.6 85929.3 57659.3
threshold=110.17000000000002 194.14000000000001 230.54500000000004 61.165000000000006 -22.499999999999996 171.39000000000001 1.0000000180025095e-35 19.500000000000004 5.5000000000000009 403.50000000000006 1.0000000180025095e-35 0.74500000000000011 -22.499999999999996 141.31500000000003 11.440693903482567 -22.499999999999996 270.50000000000006 7.5000000000000009 55.500000000000007 71.500000000000014 28.500000000000004 24.488251813304284 81.300000000000011 1919260.5000000002 -26.499999999999996 82.500000000000014 13.500000000000002 -21.499999999999996 1.0000000180025095e-35 -22.499999999999996
decision_type=2 2 2 2 2 2 2 2 2 2 2 2 2 2 2 2 2 2 2 2 2 2 2 2 2 2 2 2 2 2
left_child=-1 -2 3 4 -3 -5 -6 8 13 18 11 -11 -12 14 -4 -16 -17 -14 20 -20 -10 -22 23 -23 -24 -21 -27 29 -29 -28
right_child=1 2 7 5 6 -7 -8 -9 9 10 12 -13 17 -15 15 16 -18 -19 19 25 21 22 24 -25 -26 26 27 28 -30 -31
leaf_value=0.00012885854872257525 -0.9354305017835689 -0.85044658948311092 -0.99979269260383519 0.49685394650616921 -0.29371185645845987 -0.56848017905498838 1.5988876971105734 -0.20004066208250776 0.21161767946355306 -2.0130662984964327 1.4877720091121023 3.4606322731290549 1.097413258119063 -0.13297813711826986 0.90195338868576558 1.1015088844778282 7.1516724268595384 5.6940771818161018 -1.1054325562026313 3.4330464056166621 0.397638090363646 3.2858152359227342 8.7594690437974609 -2.4172657681674496 3.0598269783435987 -0.095310718870715017 0.58454333835198191 -3.9450719666859464 0.32227836455753511 2.3550925884012863
leaf_weight=7302883 1356 1162 83 830 271 526 120 3043 1094 82 231 21 22 4575 184 28 24 40 467 46 339 60 29 41 94 2208 1309 63 188 214
leaf_count=7302883 1356 1162 83 830 271 526 120 3043 1094 82 231 21 22 4575 184 28 24 40 467 46 339 60 29 41 94 2208 1309 63 188 214
internal_value=0 -0.0501887 0.0188229 -0.262145 -0.564036 0.0836049 0.287137 0.0752492 0.148463 0.308739 1.27067 -0.89707 2.0327 -0.065982 0.894856 1.56119 3.89389 4.063 0.246821 0.114003 0.60712 1.37565 2.85576 0.970703 4.40365 0.255382 0.218674 0.609473 -0.74881 0.833327
internal_weight=0 18750 17394 2909 1553 1356 391 14485 11442 6548 396 103 293 4894 319 236 52 62 6152 4495 1657 563 224 101 123 4028 3982 1774 251 1523
internal_count=7321633 18750 17394 2909 1553 1356 391 14485 11442 6548 396 103 293 4894 319 236 52 62 6152 4495 1657 563 224 101 123 4028 3982 1774 251 1523
is_linear=0
shrinkage=0.1


Tree=244
num_leaves=31
num_cat=0
split_feature=14 12 13 14 13 5 10 15 8 6 12 14 19 17 14 26 3 14 16 21 13 13 21 15 9 14 3 2 21 16
split_gain=4418.04 59793.5 48413.9 42086.8 24858.7 26989.3 43605.2 29028.4 23495 74410.8 82223.4 87159.9 89188.4 35840.1 46008.9 34639.9 28932.1 53886.4 22706.7 45738.1 50101.4 43946.4 35882.7 35682.3 35448.2 34351.1 80104 49465.4 28862 147178
threshold=209.56500000000003 110.17000000000002 61.165000000000006 158.11500000000004 29.075000000000006 1.0000000180025095e-35 1.0000000180025095e-35 3.8734282700421945 5.5000000000000009 1.0000000180025095e-35 200.10000000000002 541.41500000000008 1.0000000180025095e-35 9.4300000000000015 470.11500000000007 1.5650000000000002 11.975017341671292 260.97500000000008 0.85250000000000015 32.885215075870128 1.2450000000000003 2.2550000000000003 36.995128987870253 0.020029585798816574 1.0000000180025095e-35 751.73500000000013 10.23365585623044 27.500000000000004 25.921826227355329 1.6850000000000003
decision_type=2 2 2 2 2 2 2 2 2 2 2 2 2 2 2 2 2 2 2 2 2 2 2 2 2 2 2 2 2 2
left_child=1 -1 4 -4 -3 7 -7 -6 9 13 16 -12 -13 14 -2 -16 -11 -18 22 28 -21 -22 23 24 -10 27 -27 -23 -20 -30
right_child=8 2 3 -5 5 6 -8 -9 18 10 11 12 -14 -15 15 -17 17 -19 19 20 21 25 -24 -25 -26 26 -28 -29 29 -31
leaf_value=0.00079760076688762782 -0.58957514614730433 -0.27170709134762489 -0.97966336873281945 0.27946776294801479 0.66809134109347479 -4.2419745707857439 -1.127517474159714 -1.1495394474030576 0.40147974480088139 1.9390566795179158 -0.64503542918425349 -1.2305710292997816 7.1059438026312627 -4.1246409845352181 0.05034975491464138 5.9359176266193394 2.6118853614880493 8.1183065343786165 -0.071141709389157023 1.8363492471244602 -1.5550877956893503 0.61751726514806871 -1.4292462401134147 -0.006454226547787126 2.3681183942726682 -1.8405668341595196 5.7144914733039016 -1.6063715754436847 -3.177594389181353 -0.24818326399811894
leaf_weight=6892354 345 450 358 1027 102 69 129 634 721 101 208 21 33 25 20 20 52 27 13618 225 127 627 177 404177 105 23 36 119 177 5526
leaf_count=6892354 345 450 358 1027 102 69 129 634 721 101 208 21 33 25 20 20 52 27 13618 225 127 627 177 404177 105 23 36 119 177 5526
internal_value=0 0.000610948 -0.463988 -0.0459972 -0.882281 -1.17645 -2.21286 -0.89764 -0.00987682 0.51473 1.41481 0.284301 3.86397 -0.455595 -0.217346 2.99313 3.06032 4.49383 -0.0109269 -0.113664 0.497058 0.173731 -0.00573451 -0.00511238 0.651476 0.446477 2.7693 0.262768 -0.150236 -0.339101
internal_weight=0 6.89512e+06 2769 1385 1384 934 198 736 426510 852 442 262 54 410 385 40 180 79 425658 20478 1157 932 405180 405003 826 805 59 746 19321 5703
internal_count=7321633 6895123 2769 1385 1384 934 198 736 426510 852 442 262 54 410 385 40 180 79 425658 20478 1157 932 405180 405003 826 805 59 746 19321 5703
is_linear=0
shrinkage=0.1


Tree=245
num_leaves=31
num_cat=0
split_feature=17 21 21 18 14 1 8 8 8 18 15 10 0 12 1 16 14 13 14 14 8 11 7 12 11 14 11 11 25 13
split_gain=4158.55 24479.5 55182.3 112155 66101 67589.7 135641 115807 90266.9 86084.4 52738.7 46644.2 44659.5 33347.2 40974.5 41641.4 33228.8 92796.7 72462.3 47532.1 58894.2 35108.9 53813.8 45833.4 34533.5 33900.9 33780 33412.5 38085.5 32545
threshold=0.025000000000000005 10.487127586999657 12.066169858953876 42.785000000000004 210.87500000000003 -24.499999999999996 4311.0000000000009 795.50000000000011 4311.0000000000009 59.515000000000008 1.7837480407523512 1.0000000180025095e-35 16.500000000000004 2.9125000000000005 -21.499999999999996 0.16750000000000004 89.180000000000021 0.95500000000000007 113.16500000000001 366.89500000000004 40.500000000000007 10.904732543479069 1919260.5000000002 2.2025000000000006 13.125339285714288 102.40500000000002 15.949366438356167 5.0330313479623836 3.5000000000000004 0.045000000000000005
decision_type=2 2 2 2 2 2 2 2 2 2 2 2 2 2 2 2 2 2 2 2 2 2 2 2 2 2 2 2 2 2
left_child=-1 -2 3 16 29 6 7 9 13 -6 -11 -9 -10 14 -7 -16 -3 18 25 20 -20 27 23 -23 -19 -18 -21 -22 -29 -5
right_child=1 2 -4 4 5 8 -8 11 12 10 -12 -13 -14 -15 15 -17 17 24 19 26 21 22 -24 -25 -26 -27 -28 28 -30 -31
leaf_value=-0.00094979953529528345 -0.0012837149903619427 0.042080196304455558 0.017929090382248856 -2.7993740785121921 3.4801447342221552 2.436227753532084 -2.6762480060944611 1.7873301014706897 7.3851192309306217 -4.7357532837811638 0.11214133645548965 6.287679991174917 2.5400321737925213 5.6373407659076511 1.8499654669653287 -2.579524779029009 0.20609782317296213 2.2428633189328915 2.6536312875293553 -0.82380779889913713 -0.16264166294464555 -1.760983710642666 0.53957400828290569 0.070615214551688135 0.86452699769543251 1.40474733380475 -6.2902760457992564 -1.6996357443777823 0.54915506447187901 0.54780971700616399
leaf_weight=6318131 825052 15290 154991 30 52 158 87 37 52 34 66 61 30 21 44 41 386 257 84 26 1957 391 289 210 621 607 20 79 1613 916
leaf_count=6318131 825052 15290 154991 30 52 158 87 37 52 34 66 61 30 21 44 41 386 257 84 26 1957 391 289 210 621 607 20 79 1613 916
internal_value=0 0.00598002 0.0395634 0.182499 0.982925 1.73261 0.724627 1.90813 2.71437 0.179956 -1.53614 4.58857 5.61253 1.81419 1.48379 -0.286612 0.122769 0.311414 0.163081 -0.00190017 0.029927 -0.018628 -0.581774 -1.12099 1.26798 0.938807 -3.20053 0.118725 0.444158 0.441662
internal_weight=0 1.0035e+06 178450 23459 1629 683 337 250 346 152 100 98 82 264 243 85 21830 6540 5662 4669 4623 4539 890 601 878 993 46 3649 1692 946
internal_count=7321633 1003502 178450 23459 1629 683 337 250 346 152 100 98 82 264 243 85 21830 6540 5662 4669 4623 4539 890 601 878 993 46 3649 1692 946
is_linear=0
shrinkage=0.1


Tree=246
num_leaves=31
num_cat=0
split_feature=26 22 11 15 21 14 8 13 11 14 13 21 18 3 14 13 1 14 18 18 3 14 5 26 17 15 21 11 14 26
split_gain=4469.89 33264.7 33716.8 56363.1 29645 44570.5 40379.7 38570.8 66657.9 50628.2 45748.4 87162.8 43667.6 39750 93161.4 38272.9 58934.9 36174.3 39160.7 88036.3 32223.1 32139 29032.4 27735.5 27490.9 27414.2 26068.2 29385.1 25115.4 70402.1
threshold=3.3750000000000004 4.541972752559345 1.7849419487847225 0.75773392608721968 20.361829940509359 470.11500000000007 7427.5000000000009 3.3050000000000002 7.9678711167878218 158.11500000000004 0.12500000000000003 31.281939121279969 55.675000000000004 15.640987654320989 366.89500000000004 0.085000000000000006 -24.499999999999996 168.34000000000003 35.705000000000005 37.255000000000003 21.010416666666668 300.30000000000007 1.0000000180025095e-35 12.735000000000001 0.29500000000000004 1.2799144345238098 21.806458357887127 2.4751905692723262 216.98500000000004 13.645000000000001
decision_type=2 2 2 2 2 2 2 2 2 2 2 2 2 2 2 2 2 2 2 2 2 2 2 2 2 2 2 2 2 2
left_child=-1 28 -3 26 5 6 17 8 -6 -10 11 15 13 14 -12 16 -11 -5 25 -20 24 -21 -15 -8 -14 -19 27 -4 -2 -30
right_child=1 2 3 4 7 -7 23 -9 9 10 12 -13 20 22 -16 -17 -18 18 19 21 -22 -23 -24 -25 -26 -27 -28 -29 29 -31
leaf_value=0.00050343419611166237 -0.019745069752665913 -0.12228007181901437 0.19411316455554042 -0.024236226314734811 0.001632991892697951 -3.3833666001878138 2.117680732938259 -0.052646125829508429 0.17372849438628368 -1.1435523279251592 1.1264258305698933 4.8928225898742674 0.047405646680720316 0.62934970930861001 7.6742876573042444 -1.0255061027701096 5.3821802330017094 -0.30207126259470995 5.1092586488434764 0.013538698420580225 4.2379162597656252 -2.049851366914349 -1.0717827685017256 0.12347004352309179 1.6420030209803251 -1.1035556046314776 -0.11908307786757032 0.57293721976402756 -0.25280842601246883 0.082721084440315021
leaf_weight=7029797 186538 10633 4721 11403 15295 41 138 15641 8801 31 1763 30 1182 464 22 391 25 806 33 1109 20 81 128 141 119 907 1325 3616 16277 10155
leaf_count=7029797 186538 10633 4721 11403 15295 41 138 15641 8801 31 1763 30 1182 464 22 391 25 806 33 1109 20 81 128 141 119 907 1325 3616 16277 10155
internal_value=0 -0.0121268 0.0433532 0.0691645 0.0322504 -0.0908825 -0.0816479 0.0733554 0.143066 0.309775 0.596565 -0.325123 0.715452 0.971625 1.20713 -0.675321 1.76972 -0.104831 -0.417852 0.0143761 0.254497 -0.126911 0.261537 1.10985 0.19326 -0.726442 0.292938 0.35842 -0.0326719 -0.1239
internal_weight=0 291836 78866 68233 58571 14659 14618 43912 28271 12976 4175 477 3698 2377 1785 447 56 14339 2936 1223 1321 1190 592 279 1301 1713 9662 8337 212970 26432
internal_count=7321633 291836 78866 68233 58571 14659 14618 43912 28271 12976 4175 477 3698 2377 1785 447 56 14339 2936 1223 1321 1190 592 279 1301 1713 9662 8337 212970 26432
is_linear=0
shrinkage=0.1


Tree=247
num_leaves=31
num_cat=0
split_feature=26 8 8 8 0 16 15 15 7 15 14 14 8 14 6 15 3 3 12 12 21 18 7 1 7 2 17 26 13 2
split_gain=4977.29 23130.3 42528.3 41203.4 49935.4 29715.5 29207.5 39195.3 22056.8 24436.4 60461 35449.7 39272.5 31807.8 44847.7 29352.9 26690.8 30485.1 36932.4 29466.6 26238.8 55945.4 22017.7 21808.4 21723.9 20762.1 20750 38119.4 43107.6 50008.8
threshold=26.060000000000006 1179.5000000000002 1552.0000000000002 1035.0000000000002 1.0000000180025095e-35 0.027500000000000004 0.80103644328676304 0.65088800582993878 7687.5000000000009 10.066381131341933 751.73500000000013 115.93500000000002 674.50000000000011 366.89500000000004 1.0000000180025095e-35 2.0798201438848927 9.471832431292615 8.6101518824518894 0.61250000000000016 0.57250000000000012 13.490306365337085 147.99500000000003 1919260.5000000002 -23.499999999999996 1919260.5000000002 27.500000000000004 0.025000000000000005 86.485000000000014 202.99500000000003 26.500000000000004
decision_type=2 2 2 2 2 2 2 2 2 2 2 2 2 2 2 2 2 2 2 2 2 2 2 2 2 2 2 2 2 2
left_child=-1 3 23 8 -5 -4 7 -7 -2 10 11 -10 13 16 24 -16 17 18 -13 -19 21 -11 -6 -3 -15 -24 27 28 -22 -30
right_child=1 2 5 4 22 6 -8 -9 9 20 -12 12 -14 14 15 -17 -18 19 -20 -21 26 -23 25 -25 -26 -27 -28 -29 29 -31
leaf_value=0.00011170328615332133 -1.416092052096906 -1.7772792342780293 -1.7849722252172584 4.7525036493937174 0.29336927961968978 -0.049361452385157101 -0.18704536273503422 2.8024178769853378 -0.28727458056120458 -0.18261004550189808 -3.7074820613861088 2.6324888041762056 -0.30041931034688035 -2.4118333421647549 -0.48592737162554711 3.1131319882599175 0.71831553109139312 -3.978644793480635 0.058520832313498174 -0.56038798702364212 -0.65248831211146519 5.2603892939431329 0.23674097728729249 -0.3624511290589969 1.2183328965130975 4.0329686063177448 0.0025560219473359578 0.32475870072012525 -0.57487986150451686 2.9522675018858267
leaf_weight=7308219 115 276 102 33 272 119 1387 81 1108 58 40 61 681 32 27 141 1349 32 647 119 2257 28 25 180 34 34 3367 647 88 74
leaf_count=7308219 115 276 102 33 272 119 1387 81 1108 58 40 61 681 32 27 141 1349 32 647 119 2257 28 25 180 34 34 3367 647 88 74
internal_value=0 -0.0608582 -0.36184 -0.00356771 1.04305 -0.130478 -0.0241399 1.10561 -0.0385028 -0.0238204 0.162103 0.198686 0.371098 0.558364 1.66699 2.53471 0.440874 0.00517112 0.280289 -1.28479 -0.14563 1.58953 0.67322 -1.21879 -0.541748 2.4244 -0.168827 -0.357035 -0.539391 1.03629
internal_weight=0 13414 2145 11269 364 1689 1587 200 10905 10790 4271 4231 3123 2442 234 168 2208 859 708 151 6519 86 331 456 66 59 6433 3066 2419 162
internal_count=7321633 13414 2145 11269 364 1689 1587 200 10905 10790 4271 4231 3123 2442 234 168 2208 859 708 151 6519 86 331 456 66 59 6433 3066 2419 162
is_linear=0
shrinkage=0.1


Tree=248
num_leaves=31
num_cat=0
split_feature=12 8 21 18 14 2 12 8 2 8 3 1 16 13 14 25 1 19 18 17 9 1 13 8 8 21 8 0 3 15
split_gain=4452.44 18920 27603.2 48200.8 164048 219086 57399.7 140384 49940 82042.5 80625.1 52245.3 85233.3 48792 56592.8 142666 72437.3 46580.7 56272.3 45684.3 47407 40859.3 61451.4 52067.1 40626.4 39797.7 59517.1 39494.5 36905.5 34635.3
threshold=16.697500000000002 195.50000000000003 25.921826227355329 35.705000000000005 751.73500000000013 27.500000000000004 49.360000000000007 536.50000000000011 26.500000000000004 417.50000000000006 9.4373083938065125 -23.499999999999996 122.86 38.95000000000001 286.27500000000003 3.5000000000000004 -25.499999999999996 1.0000000180025095e-35 28.705000000000002 2.5850000000000004 1.0000000180025095e-35 -26.499999999999996 128.35500000000005 390.50000000000006 1552.0000000000002 36.995128987870253 359.50000000000006 13.500000000000002 14.160271209001479 2.2697546549835712
decision_type=2 2 2 2 2 2 2 2 2 2 2 2 2 2 2 2 2 2 2 2 2 2 2 2 2 2 2 2 2 2
left_child=-1 -2 3 4 6 -6 29 17 9 -5 -11 12 13 14 -10 16 -16 18 19 20 -8 23 -23 -15 -13 26 -4 -26 -27 -3
right_child=1 2 25 8 5 -7 7 -9 11 10 -12 24 -14 21 15 -17 -18 -19 -20 -21 -22 22 -24 -25 27 28 -28 -29 -30 -31
leaf_value=-0.00032577433367349251 -0.0073633522825693569 -0.18670550216287926 0.1325545576260248 -0.034577355058649166 9.1705094641965381 -2.3138713873349706 -0.34053109201621873 3.1581646272995201 -0.093145292185157366 7.1061147842407228 1.2558023710716881 -0.83570225632884831 4.9164190305982318 -1.2267592818840691 4.6254160410479495 -0.70534431291288802 1.1842211267713345 0.68191425975515907 4.3546086476399344 -3.2672689802506394 3.7216793759663904 -1.0305722113408096 2.4937759418785572 -5.6687930777266224 2.4626627839569535 0.57313704386145259 -0.24122700570035335 -0.94375121710730392 -1.1907202912378125 0.23086116327300146
leaf_weight=7196048 86625 2642 8389 1085 46 26 678 203 2204 25 408 1507 35 92 114 225 132 2118 26 51 30 282 60 37 77 1619 8655 61 128 8005
leaf_count=7196048 86625 2642 8389 1085 46 26 678 203 2204 25 408 1507 35 92 114 225 132 2118 26 51 30 282 60 37 77 1619 8655 61 128 8005
internal_value=0 0.0186669 0.0765436 0.15779 0.262511 5.02337 0.237587 0.615828 -0.070421 0.429844 1.59358 -0.227778 0.00883137 -0.0457667 0.119484 1.11446 2.77892 0.438048 -0.219924 -0.376628 -0.168404 -0.984293 -0.412266 -2.50083 -0.685317 -0.0106606 -0.057253 0.956929 0.443902 0.127244
internal_weight=0 125585 38960 20169 13825 72 13753 3106 6344 1518 433 4826 3181 3146 2675 471 246 2903 785 759 708 471 342 129 1645 18791 17044 138 1747 10647
internal_count=7321633 125585 38960 20169 13825 72 13753 3106 6344 1518 433 4826 3181 3146 2675 471 246 2903 785 759 708 471 342 129 1645 18791 17044 138 1747 10647
is_linear=0
shrinkage=0.1


Tree=249
num_leaves=31
num_cat=0
split_feature=8 12 5 11 15 2 26 26 1 8 3 1 11 19 15 15 26 11 14 2 1 15 1 8 14 13 1 7 14 3
split_gain=4246.9 18253.7 17431.1 108791 46265.9 37750.9 37214.4 35555.2 32924.8 28576.2 27681.6 25368.4 23371.6 199762 384012 93931.3 22264.4 98041.2 31762.8 22924.6 32252.7 25254.8 32350.1 23193.2 22890.7 20781.8 49332 20723 23246.2 19528.4
threshold=3715.5000000000005 1.2925000000000002 1.0000000180025095e-35 12.669509803921573 1.2395566996643994 27.500000000000004 12.735000000000001 6.6350000000000007 -22.499999999999996 8551.5000000000018 12.899320999803189 -23.499999999999996 5.5540927108566409 1.0000000180025095e-35 0.68251671239439082 0.34268380268380277 10.955000000000002 7.2922110575007748 541.41500000000008 27.500000000000004 -21.499999999999996 1.3456173533083648 -26.499999999999996 4209.5000000000009 470.11500000000007 0.21500000000000002 -25.499999999999996 95472.500000000015 68.795000000000016 9.7661048689138585
decision_type=2 2 2 2 2 2 2 2 2 2 2 2 2 2 2 2 2 2 2 2 2 2 2 2 2 2 2 2 2 2
left_child=-1 2 16 4 7 8 -6 12 10 -9 -5 -12 27 15 -15 -14 -2 24 19 20 21 22 -19 -21 -18 -16 -27 28 -4 -17
right_child=1 -3 3 5 6 -7 -8 9 -10 -11 11 -13 13 14 25 29 17 18 -20 23 -22 -23 -24 -25 -26 26 -28 -29 -30 -31
leaf_value=-0.0013752102856986563 0.0033455589191826412 0.037416871260191963 -0.063576296327239976 -0.40590570264350662 1.9723759279371453 -1.715086892602157 0.04946561267742744 -0.20894347953290052 -1.2833176610286146 -0.97564288816713507 3.2003177551428479 -0.042513260302635345 -1.825264122612833 3.6557551118860419 -0.021518553201748745 -0.49026049069769972 -0.073757487308354672 3.5745301134884357 4.4575571060180668 -0.088151194651921602 2.3674132007663533 -1.9762699961662293 0.39251159782141026 3.4892871647267727 -2.1623911892284045 3.489892925887272 -0.36109933830224555 -0.018099894605466415 -0.49384382680997851 0.82164445163226896
leaf_weight=5521417 1548340 151663 3466 436 208 424 195 2063 381 636 45 52 508 393 1229 231 1142 36 32 24 118 38 284 74 55 58 78 85815 1969 223
leaf_count=5521417 1548340 151663 3466 436 208 424 195 2063 381 636 45 52 508 393 1229 231 1142 36 32 24 118 38 284 74 55 58 78 85815 1969 223
internal_value=0 0.00421789 0.00116366 -0.0396473 -0.0273032 -0.935211 1.04194 -0.0317607 -0.57343 -0.389611 -0.0659874 1.46189 -0.0214826 0.267373 0.901316 -0.89112 0.00375452 0.354955 1.39133 1.22039 0.93364 0.461056 0.750489 2.61318 -0.169726 0.10828 1.28124 -0.0300929 -0.219454 0.154133
internal_weight=0 1.80022e+06 1.64855e+06 98410 97072 1338 403 96669 914 2699 533 97 93970 2720 1758 962 1.55014e+06 1803 606 574 476 358 320 98 1197 1365 136 91250 5435 454
internal_count=7321633 1800216 1648553 98410 97072 1338 403 96669 914 2699 533 97 93970 2720 1758 962 1550143 1803 606 574 476 358 320 98 1197 1365 136 91250 5435 454
is_linear=0
shrinkage=0.1


Tree=250
num_leaves=31
num_cat=0
split_feature=26 12 18 15 17 18 8 8 21 2 14 1 3 8 1 15 3 26 12 7 21 16 14 16 8 13 14 16 19 18
split_gain=4299.84 18509 30714.2 26675.4 36845.8 38722.3 24837.3 37168.1 68424.4 30748.1 46356.5 42627.7 142629 38004.8 37748.8 29526.2 29244.9 27142 25641.3 48368.5 41346.9 66116.1 44349.5 36076.7 31751.4 29010 38424.2 27085.3 26197.1 24483
threshold=10.205000000000002 51.042500000000011 44.240000000000009 5.4919345238095243 0.10500000000000002 24.365000000000006 108.50000000000001 156.50000000000003 31.281939121279969 27.500000000000004 405.02000000000004 -25.499999999999996 10.001976284584982 282.50000000000006 -23.499999999999996 3.8734282700421945 12.593775947739127 10.955000000000002 200.10000000000002 1020841.5000000001 24.488251813304284 6.8025000000000011 405.02000000000004 13.050000000000002 50.500000000000007 202.99500000000003 325.42000000000002 13.562500000000002 1.0000000180025095e-35 59.515000000000008
decision_type=2 2 2 2 2 2 2 2 2 2 2 2 2 2 2 2 2 2 2 2 2 2 2 2 2 2 2 2 2 2
left_child=-1 3 6 4 -2 -6 18 8 17 10 11 12 -9 16 -12 -10 -11 -8 -3 23 25 24 -23 -20 -22 26 -21 -27 -24 -4
right_child=1 2 29 -5 5 -7 7 9 15 13 14 -13 -14 -15 -16 -17 -18 -19 19 20 21 22 28 -25 -26 27 -28 -29 -30 -31
leaf_value=0.0002449876600477053 -0.029029150635434955 0.17416999819411247 -0.46771699532258576 -0.16834157754973267 0.17411333870145329 1.2565641060039368 -2.8292107683640939 5.2645638003945354 -0.10420151478300493 1.4102588569883396 6.4485434792258518 0.13241122284926038 0.17757814729034349 -1.7976516123546262 1.4295566787110998 3.3196426432223838 -1.3287398806605184 0.5733532913782623 -5.2780361584491207 -0.45422228355796967 0.65957373380661011 -0.22992170540297907 6.1443591864903766 0.019097597002983094 -2.960635467529297 2.8199173539876941 -4.3569056341281307 -1.6716165032880062 2.2137659027026251 0.024129944726774662
leaf_weight=7247564 45008 3779 1244 14007 1417 431 27 74 30 108 22 1275 216 142 47 157 61 178 36 49 47 41 30 20 50 25 52 29 39 5428
leaf_count=7247564 45008 3779 1244 14007 1417 431 27 74 30 108 22 1275 216 142 47 157 61 178 36 49 47 41 30 20 50 25 52 29 39 5428
internal_value=0 -0.0239718 0.0833442 -0.0472571 -0.0110604 0.426568 0.237451 0.498729 1.38706 0.319694 0.493155 0.381316 1.47564 -0.591678 3.02981 2.77036 0.421626 0.125211 0.0919645 -0.651228 -0.228138 0.696662 2.37492 -3.3862 -1.20651 -1.46319 -2.46352 0.407797 3.92272 -0.0675753
internal_weight=0 74069 13206 60863 46856 1848 6534 2337 392 1945 1634 1565 290 311 69 187 169 205 4197 418 362 207 110 56 97 155 101 54 69 6672
internal_count=7321633 74069 13206 60863 46856 1848 6534 2337 392 1945 1634 1565 290 311 69 187 169 205 4197 418 362 207 110 56 97 155 101 54 69 6672
is_linear=0
shrinkage=0.1


Tree=251
num_leaves=31
num_cat=0
split_feature=26 12 26 16 16 2 6 14 12 13 12 12 1 7 12 13 8 8 14 14 7 8 26 13 15 19 18 19 18 3
split_gain=3868.97 6570.16 6173.45 21261.8 25062.1 27453.9 20658.1 28326.9 80287.3 127794 145503 88958.1 90183.5 88059.1 81275.8 80679.2 76608.2 108902 77964.1 77258.9 75727.3 64191.9 63493.8 63447.7 63173.4 62698 53544.5 82405.6 95174.3 74098.7
threshold=0.015000000000000001 62.007500000000007 0.03500000000000001 62.100000000000009 152.40500000000003 26.500000000000004 1.0000000180025095e-35 210.87500000000003 3.2750000000000004 0.21500000000000002 1.2625000000000004 51.042500000000011 -26.499999999999996 1619415.5000000002 1.2375 1.7450000000000003 17.500000000000004 45.500000000000007 470.11500000000007 230.54500000000004 1919260.5000000002 3390.5000000000005 0.025000000000000005 1.5450000000000002 3.074890243902439 1.0000000180025095e-35 18.685000000000006 1.0000000180025095e-35 13.025 7.9645232746197463
decision_type=2 2 2 2 2 2 2 2 2 2 2 2 2 2 2 2 2 2 2 2 2 2 2 2 2 2 2 2 2 2
left_child=1 -1 3 6 5 -5 -2 -8 9 10 14 -10 13 22 26 21 -14 18 -18 -19 -20 -11 24 -21 -13 -26 27 -9 -29 -28
right_child=2 -3 -4 4 -6 -7 7 8 11 15 -12 12 16 -15 -16 -17 17 19 20 23 -22 -23 -24 -25 25 -27 29 28 -30 -31
leaf_value=-0.0070901117389767405 0.0021968980690154727 -1.5123038867424274 -0.0018932269663848704 0.31345962117756571 -1.5389607071876528 4.3732831074131857 0.02720285905868805 -0.50325015976180543 -0.72414438133803616 1.1190761257204993 -2.1269729840425633 0.61672352010553544 1.4839235139955389 0.3133619488700104 3.3647926805348236 7.3313577608628711 -1.0175229090236433 1.9179607326202857 -7.6643299312126345 1.4616498658035555 -1.5486217212677003 6.0475200185069333 0.48810173750475605 -0.24667676031563388 8.847963699272702 3.5756624965575234 4.1319141411781315 0.53567331202432222 2.2806659648197289 -0.21879742709036731
leaf_weight=685214 2681183 29 3803891 31 20 36 138746 547 1537 1247 253 55 303 532 87 22 221 196 41 234 40 27 108 3066 28 116 40 1558 391 1834
leaf_count=685214 2681183 29 3803891 31 20 36 138746 547 1537 1247 253 55 303 532 87 22 221 196 41 234 40 27 108 3066 28 116 40 1558 391 1834
internal_value=0 -0.00715381 0.00073867 0.00427316 1.56754 2.49486 0.00422515 0.0401845 0.184473 0.447838 0.205872 -0.0597402 0.146978 1.09161 0.338295 1.32721 -0.0462791 -0.168357 -1.99025 -0.0109738 -4.64423 1.22353 2.44024 -0.125541 3.4997 4.60083 0.278042 0.581347 0.885746 -0.125933
internal_weight=0 685243 6.63639e+06 2.8325e+06 87 67 2.83241e+06 151229 12483 6006 4710 6477 4940 839 4457 1296 4101 3798 302 3496 81 1274 307 3300 199 144 4370 2496 1949 1874
internal_count=7321633 685243 6636390 2832499 87 67 2832412 151229 12483 6006 4710 6477 4940 839 4457 1296 4101 3798 302 3496 81 1274 307 3300 199 144 4370 2496 1949 1874
is_linear=0
shrinkage=0.1


Tree=252
num_leaves=31
num_cat=0
split_feature=14 8 14 26 26 12 13 6 14 12 22 14 26 26 13 26 21 14 18 15 17 16 13 21 14 5 0 14 0 11
split_gain=4068.02 11311.3 46398.9 91247.9 73967.4 30597.3 25638.1 67831 43452.9 22869.1 20145.2 26297.5 19360.2 13526.6 18112.9 12305.7 28273.7 24165.3 23375.1 35722.8 51881.5 46769.1 35508.8 51279.4 48060 39977.9 38067.7 35488.4 36930.4 33705.2
threshold=76.545000000000016 5.5000000000000009 541.41500000000008 19.960000000000004 5.6350000000000007 327.12750000000005 20.675000000000004 1.0000000180025095e-35 139.87500000000003 200.10000000000002 4.2886294595537882 300.30000000000007 0.045000000000000005 5.535000000000001 3.3050000000000002 3.6950000000000007 10.487127586999657 80.085000000000022 13.735000000000001 0.94303353658536593 0.075000000000000025 0.40250000000000008 1.0150000000000003 28.872821175412202 366.89500000000004 1.0000000180025095e-35 11.500000000000002 210.87500000000003 13.500000000000002 2.4991639575205902
decision_type=2 2 2 2 2 2 2 2 2 2 2 2 2 2 2 2 2 2 2 2 2 2 2 2 2 2 2 2 2 2
left_child=-1 2 5 4 -4 6 7 10 -9 12 11 13 -10 -2 -15 -3 -17 -18 19 20 21 29 23 -21 -24 -26 -27 -25 -29 -19
right_child=1 15 3 -5 -6 -7 -8 8 9 -11 -12 -13 -14 14 -16 16 17 18 -20 22 -22 -23 24 27 25 26 -28 28 -30 -31
leaf_value=0.0014261521540991312 -0.01880371797128293 -0.0020267045935039234 0.69095134899534028 -2.6986380176544191 7.5202666187286384 -2.2270225585048848 -0.077534278323429559 0.49830093488193539 4.7714006628308985 -0.33023490031560265 -0.51085753166057335 3.0361447728531701 2.221987621456385 0.0033164286031955627 3.10055264881679 -0.53026615774554064 0.14339311824606402 -0.2707620481385466 -0.013267579481207731 -0.46446791884711391 1.2480843158572679 1.4585402706754957 -0.10079747224561937 0.12666520714146345 3.9119648950750179 -3.11163194287907 2.40473230779171 0.20007276237010957 4.5246463677822018 0.031430661724263127
leaf_weight=5359657 425 1817576 29 25 35 55 2117 290 35 30 470 35 200 41 35 1133 7709 5123 96414 6946 320 207 8415 923 55 22 29 40 39 13203
leaf_count=5359657 425 1817576 29 25 35 55 2117 290 35 30 470 35 200 41 35 1133 7709 5123 96414 6946 320 207 8415 923 55 22 29 40 39 13203
internal_value=0 -0.00389591 0.167969 2.42451 4.42573 0.11417 0.14918 0.456645 1.34414 2.26977 -0.0329764 0.386061 2.60169 0.200926 1.42968 -0.00423136 -0.0327361 -0.0286936 -0.0387639 -0.108358 -0.0143654 -0.0361634 -0.215957 -0.367994 -0.0741429 2.04188 0.0251242 0.300775 2.33499 -0.0530468
internal_weight=0 1.96198e+06 3822 89 64 3733 3678 1561 555 265 1006 536 235 501 76 1.95815e+06 140578 139445 131736 35322 18853 18533 16469 7948 8521 106 51 1002 79 18326
internal_count=7321633 1961976 3822 89 64 3733 3678 1561 555 265 1006 536 235 501 76 1958154 140578 139445 131736 35322 18853 18533 16469 7948 8521 106 51 1002 79 18326
is_linear=0
shrinkage=0.1


Tree=253
num_leaves=31
num_cat=0
split_feature=18 14 1 0 14 5 2 1 4 21 21 4 20 0 7 12 3 0 1 15 0 1 11 4 0 0 0 0 8 4
split_gain=3894.46 10768.2 51161.1 54034.4 52655.3 46030.7 92539.5 39225.8 65597.7 61099.5 33919 66797.3 26278 25281.1 21616.8 19865.9 19048.2 18853.9 17705.7 51333.1 17614.6 30109.2 20554.2 16307.7 12215.4 20767.5 10234.2 12759.1 13626.3 9431.18
threshold=0.45500000000000007 260.97500000000008 -22.499999999999996 7.5000000000000009 470.11500000000007 1.0000000180025095e-35 26.500000000000004 -21.499999999999996 1.0000000180025095e-35 25.921826227355329 25.921826227355329 1.0000000180025095e-35 1.0000000180025095e-35 12.500000000000002 1919260.5000000002 110.17000000000002 14.160271209001479 19.500000000000004 -25.499999999999996 0.029997773820124671 16.500000000000004 -23.499999999999996 97.595652173913066 1.0000000180025095e-35 13.500000000000002 7.5000000000000009 18.500000000000004 16.500000000000004 40.500000000000007 1.0000000180025095e-35
decision_type=2 2 2 2 2 2 2 2 2 2 2 2 2 2 2 2 2 2 2 2 2 2 2 2 2 2 2 2 2 2
left_child=1 15 4 -4 5 12 13 8 9 -5 11 14 20 -7 -6 -1 -9 -15 19 -8 22 -22 29 -14 25 -24 27 -17 -29 -3
right_child=-2 2 3 7 10 6 18 16 -10 -11 -12 -13 23 17 -16 26 -18 -19 -20 -21 21 -23 24 -25 -26 -27 -28 28 -30 -31
leaf_value=-0.011575780461756044 0.00046793088315629812 -1.4128897287319473 5.788477463192411 7.5320121380590628 -6.3004574131321265 5.9175663843387518 4.9936601193054866 -2.8485331477790048 0.041513806995418338 1.5496771931648254 0.78898297553374019 -0.21311093695016942 2.0985083887146581 0.49428957648899252 -2.5790827927766027 -0.69534750067462492 0.46781224490598189 4.6924219965934757 -0.66419346029108217 -1.7629659219221638 -0.56125512062399474 -3.8028882998686573 2.4331170030214171 -0.1768012690465964 3.4261241041478656 -1.6560153930083565 -0.0085033022511152578 -0.9852082044847551 -4.1590352187554043 -0.11465924221466589
leaf_weight=287725 7032157 81 27 31 37 41 23 29 81 38 44 67 72 23 27 263 43 20 110 22 108 39 27 56 21 23 162 31 24 181
leaf_count=287725 7032157 81 27 31 37 41 23 29 81 38 44 67 72 23 27 263 43 20 110 22 108 39 27 56 21 23 162 31 24 181
internal_value=0 -0.0113673 0.279064 1.56442 -0.0340996 0.292167 1.46797 1.05068 1.97162 4.23739 -1.61323 -2.42008 -0.170032 4.14092 -4.7305 -0.0126481 -0.867938 2.44691 0.0194042 1.69042 -0.509523 -1.42128 -0.107036 1.10306 1.40217 0.552116 -0.655442 -0.985015 -2.37015 -0.516021
internal_weight=0 289476 1271 249 1022 847 239 222 150 69 175 131 608 84 64 288205 72 43 155 45 480 147 333 128 71 50 480 318 55 262
internal_count=7321633 289476 1271 249 1022 847 239 222 150 69 175 131 608 84 64 288205 72 43 155 45 480 147 333 128 71 50 480 318 55 262
is_linear=0
shrinkage=0.1


Tree=254
num_leaves=31
num_cat=0
split_feature=3 21 8 13 14 16 25 18 26 26 1 14 26 14 26 14 15 14 14 14 18 13 5 18 18 14 5 0 0 26
split_gain=3805.85 12045 15259.1 16644.6 9419.68 8896.91 8881.84 9179.23 15879.9 9073.68 11224.7 10850.2 7579.47 19335 7376.64 23933.9 8105.33 17137.9 7437.9 7165.58 16963.2 12953.5 9903.14 18224.3 9936.38 6469.4 5669.62 4862.8 4738.65 37619.6
threshold=21.817693059628546 10.487127586999657 36.500000000000007 1.155 25.010000000000002 0.027500000000000004 3.5000000000000004 13.605000000000002 3.7450000000000006 0.055000000000000007 -26.499999999999996 76.545000000000016 3.4550000000000005 150.04000000000005 7.1950000000000012 300.30000000000007 5.4919345238095243 145.51500000000001 250.17500000000004 150.04000000000005 5.7550000000000008 70.780000000000015 1.0000000180025095e-35 8.3250000000000011 7.9750000000000005 60.005000000000003 1.0000000180025095e-35 22.500000000000004 21.500000000000004 1.3050000000000004
decision_type=2 2 2 2 2 2 2 2 2 2 2 2 2 2 2 2 2 2 2 2 2 2 2 2 2 2 2 2 2 2
left_child=28 12 14 4 -4 -5 9 26 -9 -6 -11 -12 -2 -14 16 18 19 -18 25 -3 21 -21 23 -22 -24 -16 -8 -7 -1 -30
right_child=1 2 3 5 6 27 7 8 -10 10 11 -13 13 -15 15 -17 17 -19 -20 20 22 -23 24 -25 -26 -27 -28 -29 29 -31
leaf_value=0.00062347118136904837 0.0084872527325518237 -0.02340078765892176 0.12605235847457311 0.08020940268861837 0.85362480344404856 2.6495467850041612 0.95626113074903307 4.2039290744066236 0.90533756271556587 0.98471858325967754 0.23409897622962794 -1.1254898251088199 -0.051216319678168677 -2.8048265246783988 -0.029216283007845872 3.4246380860606829 -0.23223001650881533 -2.7769712276756766 -1.5957873078909788 3.6167559240545546 -0.9503576660156251 0.3312416950861613 0.33502734433049741 2.9500716122596162 -2.604415954714236 0.57839351168455244 0.32164297567768457 0.88577830791473389 -0.0014497677568336318 -0.093189570339984082
leaf_weight=6643270 32270 3193 1523 29 133 54 260 20 54 69 114 121 102 34 354 24 153 32 22 28 25 21 23 23 23 347 307 22 590624 48359
leaf_count=6643270 32270 3193 1523 29 133 54 260 20 54 69 114 121 102 34 354 24 153 32 22 28 25 21 23 23 23 347 307 22 590624 48359
internal_value=0 0.0310039 0.150221 0.335989 0.286158 1.57037 0.512356 0.749359 1.79685 0.164716 -0.136682 -0.465945 0.00534764 -0.739619 0.0324398 0.317863 -0.0281144 -0.672401 0.214734 0.0076149 0.700154 2.20868 -0.0862046 0.918598 -1.13469 0.271555 0.61265 2.13898 -0.000167659 -0.00839275
internal_weight=0 39380 6974 2706 2601 105 1078 641 74 437 304 235 32406 136 4268 747 3521 185 723 3336 143 49 94 48 46 701 567 76 7.28225e+06 638983
internal_count=7321633 39380 6974 2706 2601 105 1078 641 74 437 304 235 32406 136 4268 747 3521 185 723 3336 143 49 94 48 46 701 567 76 7282253 638983
is_linear=0
shrinkage=0.1


Tree=255
num_leaves=31
num_cat=0
split_feature=12 13 17 14 24 26 1 14 13 12 16 1 14 0 26 12 5 26 26 13 0 3 26 8 0 18 16 16 3 14
split_gain=3823.73 17737.8 31234.6 26872.8 34694.9 58261.9 48467.7 31428.5 35610.6 28768.9 29023.3 25290.3 54188.2 61823.3 60931.4 58434.9 116855 71842.4 78789.2 76740.6 62091.1 58759.1 46784.9 42513.1 38692.6 37722.8 35391.7 68089.8 65835 160461
threshold=15.765000000000002 10.995000000000003 0.025000000000000005 158.11500000000004 70.000000000000014 0.32500000000000007 -25.499999999999996 276.74500000000006 3.5500000000000003 41.440000000000005 3.3050000000000002 -26.499999999999996 230.54500000000004 1.5000000000000002 7.8250000000000011 327.12750000000005 1.0000000180025095e-35 26.060000000000006 40.945000000000007 156.215 14.500000000000002 13.927599199259866 0.025000000000000005 82.500000000000014 13.500000000000002 35.285000000000004 11.520000000000001 9.0125000000000011 11.653513862024502 541.41500000000008
decision_type=2 2 2 2 2 2 2 2 2 2 2 2 2 2 2 2 2 2 2 2 2 2 2 2 2 2 2 2 2 2
left_child=-1 2 -2 -4 -5 9 -7 -8 -9 -6 -11 12 -3 14 22 26 17 19 -19 21 -18 -17 23 -14 -20 -16 27 -15 -28 -30
right_child=1 11 3 4 5 6 7 8 -10 10 -12 -13 13 15 25 16 20 18 24 -21 -22 -23 -24 -25 -26 -27 28 -29 29 -31
leaf_value=-0.00030609458833110207 0.014068563960101125 -0.0058920558900652171 0.11240407713825087 -0.25834511194916815 3.5860411511148729 1.2607220988973975 0.37488227757906112 -1.1309352096770646 1.4478143785091548 1.679921220687788 -1.4629923341852247 -0.046700374793631268 -1.3721948992122304 0.61339752865909736 1.6819766211509706 8.4538418292999271 -6.0140644780227115 -7.439506471157074 -2.5279777966163781 -0.27499513060183212 -0.49218402951955798 1.5921673407921426 -0.53858121872603248 3.5599140086594754 3.1216350566257134 6.6835903920625386 -1.3556667926732966 3.3176493976116177 0.16156943062235257 9.3569575511273886
leaf_weight=7192595 48297 7585 13002 574 70 500 1237 304 65 268 33 54659 22 1351 25 24 56 20 27 68 32 26 91 85 22 38 239 100 197 21
leaf_count=7192595 48297 7585 13002 574 70 500 1237 304 65 268 33 54659 22 1351 25 24 56 20 27 68 32 26 91 85 22 38 239 100 197 21
internal_value=0 0.0170618 0.0542349 0.175079 0.442172 0.604504 0.400947 0.133271 -0.676684 1.76001 1.33535 -0.0199171 0.126054 0.535551 1.99011 0.361643 -1.00116 0.412938 -2.15028 1.91177 -4.00611 4.88577 1.12825 2.54584 0.00858308 4.69882 0.558064 0.799769 -0.209363 1.04736
internal_weight=0 129038 64350 16053 3051 2477 2106 1606 369 371 301 64688 10029 2444 261 2183 275 187 69 118 88 50 198 107 49 63 1908 1451 457 218
internal_count=7321633 129038 64350 16053 3051 2477 2106 1606 369 371 301 64688 10029 2444 261 2183 275 187 69 118 88 50 198 107 49 63 1908 1451 457 218
is_linear=0
shrinkage=0.1


Tree=256
num_leaves=31
num_cat=0
split_feature=12 8 13 17 14 0 26 21 16 1 15 26 5 0 0 13 13 1 2 15 0 18 1 0 19 17 0 8 0 21
split_gain=3838.16 27701.1 28183.5 28169.4 34956.4 52798 29321.1 25228.8 22174 42397.4 90709.5 76943.7 139603 73529 72789.8 175991 57392 68455.7 50497.6 47781.2 48836.7 48258.9 47604.5 41321.3 293037 83784.7 512579 38862.9 42765.6 79077.3
threshold=200.10000000000002 28.500000000000004 58.57500000000001 3.5700000000000007 541.41500000000008 4.5000000000000009 19.960000000000004 36.995128987870253 0.027500000000000004 -23.499999999999996 4.6414118639980719 0.025000000000000005 1.0000000180025095e-35 1.0000000180025095e-35 1.5000000000000002 128.35500000000005 118.00000000000001 -21.499999999999996 27.500000000000004 4.6414118639980719 5.5000000000000009 25.605000000000004 -21.499999999999996 3.5000000000000004 1.0000000180025095e-35 6.8400000000000007 14.500000000000002 50.500000000000007 21.500000000000004 36.995128987870253
decision_type=2 2 2 2 2 2 2 2 2 2 2 2 2 2 2 2 2 2 2 2 2 2 2 2 2 2 2 2 2 2
left_child=-1 3 -3 7 -5 -6 -7 -2 -4 18 11 -11 -13 16 15 -15 17 -12 19 20 -10 -21 -17 24 -16 -25 -27 -20 29 -29
right_child=1 2 8 4 5 6 -8 -9 9 10 13 12 -14 14 23 22 -18 -19 27 21 -22 -23 -24 25 -26 26 -28 28 -30 -31
leaf_value=7.4900264810613017e-05 -0.78715767581266571 0.42943686922637925 -0.64216061453747608 -0.26867106780409816 -1.0090854615904392 6.6143547363281243 1.7711254520416262 1.4877373101664526 -6.8605883940406471 8.3646936615308132 -9.3216708886623376 5.5966077214962731 -4.0766571960449225 9.7366128070013858 -11.428907773892085 -1.2024103153634955 -0.54256882043111898 -1.4001119653383891 -2.2955293925908897 2.9075759944461641 -1.3099855377101433 -0.52260278448869302 3.6650362670421601 0.22162968672301311 0.96496465103600615 16.150150072006952 -4.8553533719136164 0.53894433034004163 -1.6544210028448483 5.6142807722091677
leaf_weight=7313806 1105 1329 632 212 32 25 25 51 23 24 20 37 25 28 24 54 84 24 52 42 51 1749 32 1138 93 21 26 755 82 32
leaf_count=7313806 1105 1329 632 212 32 25 25 51 23 24 20 37 25 28 24 54 84 24 52 42 51 1749 32 1138 93 21 26 755 82 32
internal_value=0 -0.0699893 0.0197178 -0.464515 0.409483 2.16276 4.19274 -0.686795 -0.08815 -0.00886221 0.396228 3.5571 1.6961 0.220169 0.42765 2.85067 -2.07509 -5.00082 -0.245868 -0.545049 -3.03517 -0.442163 0.608733 0.215497 -1.57737 0.392514 4.53008 0.359967 0.518869 0.745311
internal_weight=0 7827 6377 1450 294 82 50 1156 5048 4416 1630 86 62 1544 1416 114 128 44 2786 1865 74 1791 86 1302 117 1185 47 921 869 787
internal_count=7321633 7827 6377 1450 294 82 50 1156 5048 4416 1630 86 62 1544 1416 114 128 44 2786 1865 74 1791 86 1302 117 1185 47 921 869 787
is_linear=0
shrinkage=0.1


Tree=257
num_leaves=31
num_cat=0
split_feature=3 21 18 15 26 8 5 14 8 14 5 3 19 13 12 21 8 26 18 21 14 3 8 26 2 16 14 13 2 18
split_gain=3805.18 19173.8 32264.8 144374 59285.3 43200.9 60692 38472.2 29598.2 22402.7 61429.6 71926.4 42037.8 18826.3 26865.9 15568.4 22643.3 39812.5 22630.5 17061.6 34526.9 27279.1 28611.6 26178.2 23665.5 29809.5 20471.5 15162.5 26606.8 24906.4
threshold=4.0350864893115279 4.6875534757621171 33.140000000000008 3.8734282700421945 3.6450000000000005 108.50000000000001 1.0000000180025095e-35 240.00500000000002 319.50000000000006 541.41500000000008 1.0000000180025095e-35 2.1503649056005081 1.0000000180025095e-35 0.28500000000000009 0.96250000000000024 33.228507133152185 9.5000000000000018 8.0650000000000031 55.675000000000004 27.676095370189646 541.41500000000008 1.4514106583072104 40.500000000000007 33.435000000000009 26.500000000000004 4.9475000000000007 158.11500000000004 58.57500000000001 26.500000000000004 108.36000000000001
decision_type=2 2 2 2 2 2 2 2 2 2 2 2 2 2 2 2 2 2 2 2 2 2 2 2 2 2 2 2 2 2
left_child=1 -1 9 4 8 6 7 -6 -4 -3 11 -11 -12 -5 -15 19 -17 18 -18 20 27 -21 24 -22 26 -26 -23 29 -29 -16
right_child=-2 2 3 13 5 -7 -8 -9 -10 10 12 -13 -14 14 15 16 17 -19 -20 21 23 22 -24 -25 25 -27 -28 28 -30 -31
leaf_value=-0.0024283117186371188 -0.00036825740893655273 0.062532141672484887 3.3798128979197188 1.9741455184916656 3.0772759442146009 0.41660724303183649 -0.10852489491303763 8.8320203508649566 7.203938939653594 4.5054668426513675 -1.3608679121190852 -2.079854481719261 -7.6954530906677254 -3.3579457620779674 0.24372258119123136 0.91573088052796159 2.310356815294786 -4.4161243464495685 -2.0103174810056337 -0.62174518695776015 -5.2069076874039393 0.83964277420080069 4.3311616098617804 -0.38186405119688616 -3.2429237871066388 2.0358416223526001 4.8941795879602434 -1.7562194070395301 0.62427744718975031 3.7552771114167713
leaf_weight=147105 7135443 37488 67 48 26 130 30 21 29 27 22 43 20 24 529 41 22 37 27 69 22 33 34 23 23 20 20 102 87 21
leaf_count=147105 7135443 37488 67 48 26 130 30 21 29 27 22 43 20 24 529 41 22 37 27 69 22 33 34 23 23 20 20 102 87 21
internal_value=0 0.0141129 0.0763694 0.533553 2.48101 1.52843 3.40553 5.64854 4.53502 0.058313 -1.35388 0.460198 -4.37734 0.0343311 -0.0477774 0.0237938 -1.01813 -1.94009 -0.0704229 0.158406 -0.0514885 0.985329 1.83831 -2.74077 0.955431 -0.787684 2.36966 0.11227 -0.660435 0.3778
internal_weight=0 186190 39085 1485 303 207 77 47 96 37600 112 70 42 1182 1134 1110 127 86 49 983 784 199 130 45 96 43 53 739 189 550
internal_count=7321633 186190 39085 1485 303 207 77 47 96 37600 112 70 42 1182 1134 1110 127 86 49 983 784 199 130 45 96 43 53 739 189 550
is_linear=0
shrinkage=0.1


Tree=258
num_leaves=31
num_cat=0
split_feature=0 10 16 19 0 1 1 2 21 1 1 21 26 16 7 2 22 17 2 17 0 24 0 14 19 14 0 0 21 13
split_gain=3803.38 12321.2 18353.7 37415.3 226300 342479 159174 103475 67638 20257.5 48330.1 33468.5 30445.3 29413.6 26386.2 31348.2 22080.2 19556.3 29084.8 43348 16404.9 24107.2 43548.2 59545.1 60616.2 149456 87716 140616 115271 69705.3
threshold=4.5000000000000009 1.0000000180025095e-35 50.882500000000007 1.0000000180025095e-35 7.5000000000000009 -22.499999999999996 -23.499999999999996 26.500000000000004 32.102631101271896 -22.499999999999996 -23.499999999999996 24.488251813304284 40.945000000000007 84.570000000000007 1919260.5000000002 26.500000000000004 4.541972752559345 3.0500000000000003 27.500000000000004 12.670000000000002 20.500000000000004 400.00000000000006 10.500000000000002 196.70000000000002 1.0000000180025095e-35 470.11500000000007 15.500000000000002 14.500000000000002 32.102631101271896 61.165000000000006
decision_type=2 2 2 2 2 2 2 2 2 2 2 2 2 2 2 2 2 2 2 2 2 2 2 2 2 2 2 2 2 2
left_child=-1 -2 20 4 -4 6 7 -6 -9 10 11 17 -13 -12 15 -11 -17 -5 19 -19 21 -3 -23 -24 25 -25 27 28 -27 -28
right_child=1 2 3 9 5 -7 -8 8 -10 14 13 12 -14 -15 -16 16 -18 18 -20 -21 -22 22 23 24 -26 26 29 -29 -30 -31
leaf_value=-0.0041572969051798647 -0.0020995654524868404 0.0068104564799894313 10.3799915937277 1.0685492404421468 -3.8186750637518396 -10.146132776370415 8.0755164729224305 -0.6440757621418346 7.1117224340853484 -0.55827057918287681 -1.1790361170807193 0.73546468756108918 -2.2919484873166245 -6.0978844070434572 4.4252313628792761 0.88694505999165207 4.1916965246200562 -5.1054493627548219 1.9624923449296219 0.78338932442665099 -0.0096098096335935201 -0.029978793271615803 0.037080820230973144 -0.13182039651235752 0.25523799665952807 0.48140799923681882 1.6057083409151127 7.9228102714457407 6.7481586275873955 -1.245595218942446
leaf_weight=1692058 3722069 1226408 26 266 37 26 36 22 23 106 31 53 89 20 20 62 30 25 26 25 430409 64357 148160 9300 27355 142 232 47 37 136
leaf_count=1692058 3722069 1226408 26 266 37 26 36 22 23 106 31 53 89 20 20 62 30 25 26 25 430409 64357 148160 9300 27355 142 232 47 37 136
internal_value=0 0.00124954 0.00778457 0.4536 1.79358 0.243251 2.53244 0.0988899 3.32 0.151083 -0.180008 0.12852 -1.162 -3.108 0.963621 0.613964 1.96458 0.664349 -0.750351 -2.16103 0.00756875 0.0125775 0.040895 0.0654959 0.178519 -0.0335954 1.50427 3.05493 1.77677 0.551966
internal_weight=0 5.62958e+06 1.90751e+06 923 170 144 118 82 45 753 535 484 142 51 218 198 92 342 76 50 1.90658e+06 1.47617e+06 249766 185409 37249 9894 594 226 179 368
internal_count=7321633 5629575 1907506 923 170 144 118 82 45 753 535 484 142 51 218 198 92 342 76 50 1906583 1476174 249766 185409 37249 9894 594 226 179 368
is_linear=0
shrinkage=0.1


Tree=259
num_leaves=31
num_cat=0
split_feature=14 12 13 14 8 21 7 13 5 10 15 0 23 16 12 26 6 16 16 2 18 8 26 12 0 18 14 14 3 2
split_gain=4507.11 46912.4 40408.4 33856.9 18536.3 18479.4 21170.6 18171.4 21826.1 34780.7 24441 19976.9 17518.8 16228 32054 38373.5 34367.4 146919 133121 78409 50209 54265.5 119493 61057.9 93493.5 93551.1 74431.9 59738.5 60474 55735.4
threshold=209.56500000000003 110.17000000000002 61.165000000000006 158.11500000000004 20.500000000000004 32.102631101271896 1619415.5000000002 29.075000000000006 1.0000000180025095e-35 1.0000000180025095e-35 3.8734282700421945 18.500000000000004 896.00000000000011 0.85250000000000015 71.13000000000001 7.6550000000000011 1.0000000180025095e-35 1.2575000000000001 1.2575000000000001 26.500000000000004 44.240000000000009 165.50000000000003 15.165000000000001 171.39000000000001 22.500000000000004 30.755000000000003 405.02000000000004 260.97500000000008 7.2842413236481045 26.500000000000004
decision_type=2 2 2 2 2 2 2 2 2 2 2 2 2 2 2 2 2 2 2 2 2 2 2 2 2 2 2 2 2 2
left_child=1 -1 7 -4 -5 6 -6 -3 10 -10 -9 -12 13 -2 15 -15 18 -18 19 -16 21 23 29 27 25 -25 -27 -19 -29 -23
right_child=12 2 3 4 5 -7 -8 8 9 -11 11 -13 -14 14 16 -17 17 20 -20 -21 -22 22 -24 24 -26 26 -28 28 -30 -31
leaf_value=0.00078240536862703213 -0.0053781235793912835 -0.27102639499389464 -0.86645348267473654 -0.17328173256516458 -1.3026602644031331 2.3605715332360102 0.72332094495252874 0.64286126669715438 -3.7887795790382053 -1.0072592117498782 -0.75514697977341716 -2.1927251544006232 -2.7116618020615233 -0.10448825510058171 8.6162283420562744 -0.54971982325059521 -4.1053566700054542 0.87149354529889989 -0.31726929877875465 1.1133200432360173 -0.062897503820404585 0.82349831529524653 2.1346074259827534 -0.39357838608377937 -4.5267323793434517 0.43185498439904424 3.6743236192772466 0.30937416680157187 3.6282466316223143 -0.70012756774975005
leaf_weight=6892354 405427 450 358 500 59 58 410 102 69 129 515 119 24 6776 26 2710 81 995 3535 30 4174 311 225 558 41 165 124 80 175 1053
leaf_count=6892354 405427 450 358 500 59 58 410 102 69 129 515 119 24 6776 26 2710 81 995 3535 30 4174 311 225 558 41 165 124 80 175 1053
internal_value=0 0.000617076 -0.410907 -0.029035 0.262879 0.676694 0.468453 -0.793054 -1.04457 -1.97658 -0.793836 -1.02498 -0.00997588 -0.00982385 -0.0954128 -0.231684 0.0162841 0.131869 -0.240636 4.59681 0.175309 0.442084 -0.000528434 0.771042 0.137004 0.362757 1.82309 1.22146 2.58703 -0.352732
internal_weight=0 6.89512e+06 2769 1385 1027 527 469 1384 934 198 736 634 426510 426486 21059 9486 11573 7982 3591 56 7901 3727 1589 2138 888 847 289 1250 255 1364
internal_count=7321633 6895123 2769 1385 1027 527 469 1384 934 198 736 634 426510 426486 21059 9486 11573 7982 3591 56 7901 3727 1589 2138 888 847 289 1250 255 1364
is_linear=0
shrinkage=0.1


Tree=260
num_leaves=31
num_cat=0
split_feature=14 26 14 12 18 18 5 12 11 14 0 14 26 18 2 14 26 0 8 14 26 24 18 15 14 14 0 3 25 14
split_gain=3792.33 14524.3 18261.5 10925 10847.1 9691.44 26223.9 52637.1 32092.4 63423.2 31014.5 40816.2 74393.1 38563.5 40326.2 34950.3 41461.9 33951 37777.1 31309.2 49727.4 23489.2 33179.9 32032.1 28043.8 56458.3 60671.1 51095 38450.3 36792.8
threshold=50.005000000000003 5.8750000000000009 24.155000000000005 7.6850000000000014 23.015000000000004 9.1950000000000021 1.0000000180025095e-35 327.12750000000005 56.445755494505498 111.52000000000002 11.500000000000002 286.27500000000003 0.025000000000000005 0.025000000000000005 26.500000000000004 541.41500000000008 0.13500000000000004 1.5000000000000002 270.50000000000006 541.41500000000008 0.65500000000000014 400.00000000000006 0.065000000000000016 0.020029585798816574 246.57500000000002 366.89500000000004 11.500000000000002 13.972787856349504 3.5000000000000004 195.87000000000003
decision_type=2 2 2 2 2 2 2 2 2 2 2 2 2 2 2 2 2 2 2 2 2 2 2 2 2 2 2 2 2 2
left_child=1 3 -3 -1 -4 6 8 10 -2 -10 11 -8 13 14 -13 16 -14 -15 -19 -12 -21 -11 23 -23 29 -26 28 -28 -27 -24
right_child=5 2 4 -5 -6 -7 7 -9 9 21 19 12 15 17 -16 -17 -18 18 -20 20 -22 22 24 -25 25 26 27 -29 -30 -31
leaf_value=0.0017194679524716015 -0.0093263685709086275 -0.21289618833449697 -0.010440880145650179 0.045960039088273633 -0.24537876257973545 0.00026913618672611564 -0.0078671887939175487 -2.689620352255834 -0.55952816461722354 -0.15680331088805755 -0.12977238793485155 5.9940753959757949 -0.71312635512579059 -2.0679173500307146 0.45108395985194616 1.0403161345301448 -5.5806240272521981 4.3606043194469661 1.0151256559725037 -6.2362237203688853 -0.7386993129786692 0.47931783774167513 0.59493072158332794 -0.68763640945086069 -0.95784400223937505 1.9066013849142829 -4.9103126668930059 0.79466845340108216 6.4469089251298177 1.5800706723528986
leaf_weight=4462651 558208 6545 26596 56526 2122 2144518 24759 77 777 566 34568 35 42 31 21 37 30 38 302 21 76 705 991 353 239 66 20 73 26 614
leaf_count=4462651 558208 6545 26596 56526 2122 2144518 24759 77 777 566 34568 35 42 31 21 37 30 38 302 21 76 705 991 353 239 66 20 73 26 614
internal_value=0 0.00177399 -0.0621554 0.00227283 -0.0278007 -0.00291976 -0.0139024 -0.0767261 -0.00719877 0.260893 -0.0733707 0.010823 0.874165 1.46939 3.91545 -1.4576 -2.74125 1.10018 1.38903 -0.134807 -1.92889 0.435398 0.543977 0.0899654 0.780717 0.0573942 1.36897 -0.432209 3.18973 0.9718
internal_weight=0 4.55444e+06 35263 4.51918e+06 28718 2.76719e+06 622675 60037 562638 4430 59960 25295 536 427 56 109 72 371 340 34665 97 3653 3087 1058 2029 424 185 93 92 1605
internal_count=7321633 4554440 35263 4519177 28718 2767193 622675 60037 562638 4430 59960 25295 536 427 56 109 72 371 340 34665 97 3653 3087 1058 2029 424 185 93 92 1605
is_linear=0
shrinkage=0.1


Tree=261
num_leaves=31
num_cat=0
split_feature=15 26 26 26 8 14 21 18 15 17 14 0 13 14 15 14 5 14 18 14 14 18 14 26 0 3 21 1 1 1
split_gain=3730.33 17039 18017.6 13961.3 16718.5 36010.8 33871.8 27738.9 21711.3 24397.7 22576.5 22265.4 21353.7 26804.6 34457.4 21805 50316.2 16528 14961.4 24857.1 15013.5 14895.3 12839.7 47053 24878.7 37436.2 52248.3 27174.1 35473.4 21583.7
threshold=0.45365403753314187 33.435000000000009 23.575000000000003 0.39500000000000007 641.00000000000011 20.115000000000006 10.487127586999657 3.8050000000000002 0.16845505438259759 0.015000000000000001 117.53500000000001 2.5000000000000004 6.5850000000000009 260.97500000000008 0.40076706862255301 248.75000000000003 1.0000000180025095e-35 72.205000000000013 1.7850000000000004 97.145000000000024 158.11500000000004 15.665000000000001 216.98500000000004 4.6350000000000007 14.500000000000002 9.3746486722232998 14.222470423884381 -22.499999999999996 -24.499999999999996 -22.499999999999996
decision_type=2 2 2 2 2 2 2 2 2 2 2 2 2 2 2 2 2 2 2 2 2 2 2 2 2 2 2 2 2 2
left_child=1 2 3 -1 5 -5 -7 8 18 10 -10 -12 13 15 -15 17 -17 -9 20 -20 -8 -14 -6 29 25 26 -25 28 -28 -24
right_child=-2 -3 -4 4 22 6 7 12 9 -11 11 -13 21 14 -16 16 -18 -19 19 -21 -22 -23 23 24 -26 -27 27 -29 -30 -31
leaf_value=-8.3748086792408843e-05 -0.003281098522063223 2.5615182725282817 -1.4898906985182823 0.0097200403160126944 0.010963143240886195 -0.047425826398132226 0.15685105232332283 0.24825322600808045 -0.10298888169120457 0.17188774613505398 1.1871651433981383 -2.0814911456335161 -0.33676589441460536 4.555474523703257 -0.55373858972029255 -2.9788058533750732 2.1227229985697518 0.52398223468020866 0.4097498447493223 1.9133543452405828 -1.9009718692964979 -2.9189437931403521 0.094908444645606993 -2.0218439715249197 -1.2521447332605484 -0.82511507947726737 1.1447787357446475 0.081048028968101329 5.4978768205477131 -0.34707648730865026
leaf_weight=4531746 2351955 26 81 62379 333753 7766 2338 9652 5032 5084 26 105 74 33 22 58 29 2806 1611 118 36 32 4359 42 504 368 39 43 36 1480
leaf_count=4531746 2351955 26 81 62379 333753 7766 2338 9652 5032 5084 26 105 74 33 22 58 29 2806 1611 118 36 32 4359 42 504 368 39 43 36 1480
internal_value=0 0.00155282 0.00153942 0.00156373 0.0186161 0.0551967 0.136662 0.189502 0.0942239 0.0163899 -0.136729 -1.43275 0.297107 0.308998 2.51179 0.29934 -1.2783 0.310358 0.28861 0.512367 0.125646 -1.11629 0.00817743 -0.127136 -0.749599 -0.269895 1.00711 2.08521 3.23427 -0.0171206
internal_weight=0 4.96968e+06 4.96965e+06 4.96957e+06 437825 97201 34822 27056 14350 10247 5163 131 12706 12600 55 12545 87 12458 4103 1729 2374 106 340624 6871 1032 528 160 118 75 5839
internal_count=7321633 4969678 4969652 4969571 437825 97201 34822 27056 14350 10247 5163 131 12706 12600 55 12545 87 12458 4103 1729 2374 106 340624 6871 1032 528 160 118 75 5839
is_linear=0
shrinkage=0.1


Tree=262
num_leaves=31
num_cat=0
split_feature=2 13 15 0 14 22 16 21 21 14 1 12 3 13 11 15 15 14 0 3 15 17 14 0 3 3 14 12 8 15
split_gain=3716.34 23188.6 28363.1 31803.7 37750.8 54594.5 30406.2 28179.2 25276.7 56278.9 65637 69681.7 62126.7 103581 95040.5 48346 101542 96002.4 113241 91628 71179.4 51941.2 53528.8 75266.5 50744.5 109837 103898 124377 95108.8 108135
threshold=27.500000000000004 128.35500000000005 10.066381131341933 21.500000000000004 405.02000000000004 4.541972752559345 0.027500000000000004 32.102631101271896 8.8124601451640547 222.31500000000003 -25.499999999999996 0.12250000000000001 7.0835724366271542 0.10500000000000002 14.572858851674644 0.55860867423892646 0.80103644328676304 230.54500000000004 12.500000000000002 11.471449056603776 0.46174360357583238 0.025000000000000005 286.27500000000003 14.500000000000002 7.4869932432432442 8.684004561854298 541.41500000000008 141.31500000000003 334.50000000000006 6.8370836019772199
decision_type=2 2 2 2 2 2 2 2 2 2 2 2 2 2 2 2 2 2 2 2 2 2 2 2 2 2 2 2 2 2
left_child=-1 8 -3 4 -4 6 -6 -5 -2 -10 15 -12 13 -13 -15 19 17 18 -17 20 -11 -21 23 -23 26 28 -18 -28 29 -26
right_child=1 2 3 7 5 -7 -8 -9 9 10 11 12 -14 14 -16 16 24 -19 -20 21 -22 22 -24 -25 25 -27 27 -29 -30 -31
leaf_value=0.00099892813291558875 0.0025543354082289945 -0.29814491745875144 0.045175314213285286 0.68860550721486413 -0.89529351087716913 -1.734240649036459 2.6992520016768289 -3.7133643113649812 -0.022097021540998837 -0.71221398222777577 -5.9313253139456119 4.5491205172549041 -0.6550627170770712 -2.3630777658316595 1.1069274993077947 1.000717786947886 -0.53479074204474852 0.8719278369537341 10.017426057962272 -0.023561004438123104 -3.0712602382539012 4.4597943153787165 6.3706445590309482 -0.41602294033335663 9.7758880253495857 -0.082316158747284707 0.56177211261930926 -9.5434541899582452 0.79881644665886087 2.1002985476255418
leaf_weight=6118750 921592 278 178 33 26 37 248 26 268065 1377 24 58 3812 116 247 30 541 650 26 936 141 47 23 97 29 3953 21 29 193 50
leaf_count=6118750 921592 278 178 33 26 37 248 26 268065 1377 24 58 3812 116 247 30 541 650 26 936 141 47 23 97 29 3953 21 29 193 50
internal_value=0 -0.00508129 0.52458 0.941948 1.20657 1.87129 2.35816 -1.25125 -0.00544525 -0.0317314 -0.240009 -0.558212 -0.527748 0.625043 -0.00194471 -0.0736589 0.0942112 1.2142 5.18705 -0.427333 -0.931335 0.266299 1.8909 1.17539 -0.0699737 0.0514299 -0.937876 -5.29926 1.99517 4.91792
internal_weight=0 1.20288e+06 826 548 489 311 274 59 1.20206e+06 280465 12400 4257 4233 421 363 8143 5522 706 56 2621 1518 1103 167 144 4816 4225 591 50 272 79
internal_count=7321633 1202883 826 548 489 311 274 59 1202057 280465 12400 4257 4233 421 363 8143 5522 706 56 2621 1518 1103 167 144 4816 4225 591 50 272 79
is_linear=0
shrinkage=0.1


Tree=263
num_leaves=31
num_cat=0
split_feature=1 15 13 19 26 21 5 3 21 17 14 21 15 0 13 13 26 2 3 3 14 14 8 26 7 23 8 13 14 8
split_gain=3789.68 18911.3 46830.9 92970.2 71448.6 81318.6 31957.2 41621.6 30646.3 43416.9 35428.8 53817.1 55245 107890 135403 56925 57682.5 52477.7 81706.3 54269.3 51999.7 76639.9 64327.8 92962.1 58518.6 38409.4 38165.8 44761 68874.6 70652.2
threshold=-22.499999999999996 5.4919345238095243 118.00000000000001 1.0000000180025095e-35 0.025000000000000005 32.102631101271896 1.0000000180025095e-35 13.792961376874837 21.806458357887127 0.015000000000000001 195.87000000000003 32.102631101271896 10.066381131341933 2.5000000000000004 2.4450000000000007 0.15500000000000003 7.8250000000000011 26.500000000000004 10.194659678793778 11.616538561509044 751.73500000000013 405.02000000000004 148.50000000000003 13.035000000000002 1919260.5000000002 748.00000000000011 9.5000000000000018 61.165000000000006 300.30000000000007 76.500000000000014
decision_type=2 2 2 2 2 2 2 2 2 2 2 2 2 2 2 2 2 2 2 2 2 2 2 2 2 2 2 2 2 2
left_child=-1 2 -2 4 -4 -6 7 -5 -3 -10 -11 12 15 14 -14 16 -12 18 25 -20 21 24 23 -22 -19 -13 -15 28 -28 -30
right_child=1 8 3 6 5 -7 -8 -9 9 10 11 17 13 26 -16 -17 -18 20 19 -21 22 -23 -24 -25 -26 -27 27 -29 29 -31
leaf_value=0.0013546312302142015 -0.0029653153996851127 0.0060875298413630187 8.1522626712404449 -0.20028837434947491 -2.1197323932647705 5.9459296417236338 -1.8498936015923146 4.6113645199537272 -4.4037507927417758 -0.05928546970627771 -0.45381717415566136 -0.19633005934376871 8.966655574798585 -4.2619664093543745 0.88830122307675785 -1.4373808266781101 5.7503879926421426 -0.59418613282858812 3.9824680450521868 1.0140397179915284 -5.6802304094487974 -2.0445302981025573 4.5527221202850345 2.3440642538524812 1.7932522583188435 -3.8982506779107187 0.20562232065039715 0.39453257941560355 -6.6703881191484857 -1.6670933945668052
leaf_weight=5405311 1895806 11640 29 64 25 25 59 25 25 5036 47 186 25 29 122 1091 22 462 81 257 22 291 44 42 132 33 185 289 33 195
leaf_count=5405311 1895806 11640 29 64 25 25 59 25 25 5036 47 186 25 29 122 1091 22 462 81 257 22 291 44 42 132 33 185 289 33 195
internal_value=0 -0.00382097 -0.00279334 1.43345 4.20342 1.9131 -0.0451221 1.1513 -0.0998538 -0.242432 -0.230369 -0.470495 -0.808247 -0.209799 2.26217 -1.26121 1.52434 -0.0264059 0.7505 1.72541 -0.462193 -0.714986 1.60931 -0.414287 -0.0636443 -0.754154 -0.706899 -0.560037 -1.228 -2.39125
internal_weight=0 1.91632e+06 1.89603e+06 227 79 50 148 89 20289 8649 8624 3588 2038 878 147 1160 69 1550 557 338 993 885 108 64 594 219 731 702 413 228
internal_count=7321633 1916322 1896033 227 79 50 148 89 20289 8649 8624 3588 2038 878 147 1160 69 1550 557 338 993 885 108 64 594 219 731 702 413 228
is_linear=0
shrinkage=0.1


Tree=264
num_leaves=31
num_cat=0
split_feature=12 8 21 18 14 2 12 8 2 8 3 1 19 18 17 7 21 8 11 26 16 2 18 13 12 14 10 26 20 0
split_gain=3972.98 16644.2 23123.7 35876.8 133733 175545 46196.7 115036 40163.9 65161.4 60162.1 39767.5 36413.5 44022.3 36274 38996.6 32907.8 42539.2 32476.8 31499.2 30811.3 45516.4 43738.6 63637.5 49179.4 33892.9 30808.4 29488 28913.7 32687.3
threshold=16.697500000000002 195.50000000000003 25.921826227355329 35.705000000000005 751.73500000000013 27.500000000000004 49.360000000000007 536.50000000000011 26.500000000000004 417.50000000000006 9.4373083938065125 -21.499999999999996 1.0000000180025095e-35 28.705000000000002 2.5850000000000004 1619415.5000000002 36.995128987870253 359.50000000000006 97.595652173913066 10.775 50.882500000000007 27.500000000000004 39.430000000000007 81.300000000000011 78.065000000000012 405.02000000000004 1.0000000180025095e-35 11.495000000000003 1.0000000180025095e-35 21.500000000000004
decision_type=2 2 2 2 2 2 2 2 2 2 2 2 2 2 2 2 2 2 2 2 2 2 2 2 2 2 2 2 2 2
left_child=-1 -2 3 4 6 -6 -3 12 9 -5 -11 -10 13 14 15 -8 17 20 -13 28 22 -22 24 -24 25 -4 -26 -28 29 -12
right_child=1 2 16 8 5 -7 7 -9 11 10 19 18 -14 -15 -16 -17 -18 -19 -20 -21 21 -23 23 -25 26 -27 27 -29 -30 -31
leaf_value=-0.00030773432197777907 -0.0067813858651861562 0.11513241345797712 0.14426190821668688 -0.015864132379743909 8.24738879877588 -2.0326427019559423 2.4937225227172561 2.8548447773466119 -0.08646174388561971 6.1970254850387576 3.6693445416597221 -0.44732811071444306 0.60813539835726194 3.8568603176337022 -2.9036087668409536 -0.35123937012508466 0.40544819456930842 -0.20580147906796495 -2.0514608390153724 0.4339823017960136 -2.7185872151093053 1.2205684831873937 0.50317886351774554 3.4759554193391433 0.93030803946245999 2.204719134907664 -0.77078009186837448 0.97664725672631048 -0.82196304981525137 -0.030290228320706276
leaf_weight=7196048 86625 10647 5540 1085 46 26 52 203 4254 25 104 384 2118 26 51 656 1747 8655 188 247 88 44 1111 77 140 81 1203 105 26 31
leaf_count=7196048 86625 10647 5540 1085 46 26 52 203 4254 25 104 384 2118 26 51 656 1747 8655 188 247 88 44 1111 77 140 81 1203 105 26 31
internal_value=0 0.0176332 0.0719176 0.14628 0.236627 4.53516 0.214123 0.553451 -0.0506066 0.398029 1.43515 -0.191723 0.39252 -0.189229 -0.327831 -0.142287 -0.00789784 -0.0502656 -0.974561 1.14337 0.110202 -1.40554 0.134433 0.695859 0.0400815 0.173954 -0.479598 -0.630505 2.23169 2.8198
internal_weight=0 125585 38960 20169 13825 72 13753 3106 6344 1518 433 4826 2903 785 759 708 18791 17044 572 408 8389 132 8257 1188 7069 5621 1448 1308 161 135
internal_count=7321633 125585 38960 20169 13825 72 13753 3106 6344 1518 433 4826 2903 785 759 708 18791 17044 572 408 8389 132 8257 1188 7069 5621 1448 1308 161 135
is_linear=0
shrinkage=0.1


Tree=265
num_leaves=31
num_cat=0
split_feature=18 24 21 12 13 11 19 21 3 14 3 1 3 15 15 2 1 2 11 14 3 1 14 1 14 0 8 26 18 2
split_gain=3712.38 32833 54408.4 36855 67893.3 52861 54049.8 54376.2 49238.5 47618.6 55558.7 57135.7 60893.9 46358 153915 134569 84668.4 55618.2 46325.9 45702.1 69833.4 44660.4 40019 39871.2 39514.3 37602.1 37417.1 54452.2 37117.1 36644.4
threshold=13.735000000000001 400.00000000000006 25.921826227355329 0.99250000000000005 0.17500000000000002 7.2922110575007748 1.0000000180025095e-35 14.222470423884381 2.8387395736793333 158.11500000000004 10.681127163868281 -22.499999999999996 3.7654511281005019 0.15717495881383856 0.176613889425243 27.500000000000004 -24.499999999999996 27.500000000000004 56.445755494505498 201.28500000000003 8.7851636363636381 -25.499999999999996 248.75000000000003 -23.499999999999996 300.30000000000007 18.500000000000004 771.50000000000011 2.0250000000000004 13.965000000000002 27.500000000000004
decision_type=2 2 2 2 2 2 2 2 2 2 2 2 2 2 2 2 2 2 2 2 2 2 2 2 2 2 2 2 2 2
left_child=-1 -2 3 4 18 19 22 8 -8 -9 11 12 -11 17 15 16 -15 -5 29 -6 23 -10 -7 -21 -13 -12 27 -24 -16 -3
right_child=1 2 -4 13 5 6 7 9 21 10 25 24 -14 14 28 -17 -18 -19 -20 20 -22 -23 26 -25 -26 -27 -28 -29 -30 -31
leaf_value=-0.0012360379436678417 -0.0023570371072733094 0.11296257539217941 -0.034635849485381211 -1.310413845321186 0.2954053186988283 0.3964601879156916 -2.6840586779164335 0.61011877479736665 1.3594187132630153 5.4061901728312174 3.6799773635362323 0.77677860588820513 1.4113398953021574 10.949048261289244 0.48385417901379724 -1.8293783971896538 3.4958838496889388 2.786324395032393 -2.3118207062008205 1.4285432628604273 -1.0629614389528323 0.030115384841787402 1.9438786723921375 -0.57658615956997739 -2.2650404780200035 1.4130637623682745 0.49082283355972989 -2.67354028471585 0.019113653237332481 -0.057354631236348153
leaf_weight=5626339 1394818 66996 83277 417 4866 931 51 682 388 42 190 121 417 27 1743 26 35 36 81 240 660 725 31 169 66 119 110 145 122317 15568
leaf_count=5626339 1394818 66996 83277 417 4866 931 51 682 388 42 190 121 417 27 1743 26 35 36 81 240 660 725 31 169 66 119 110 145 122317 15568
internal_value=0 0.00410216 0.0340859 0.0604348 0.108218 0.354961 0.63505 0.876808 0.354296 1.24834 1.70412 1.1766 1.77688 0.0249241 0.0286086 4.20928 6.74162 -0.984845 0.0785031 0.16534 -0.426705 0.49352 0.0786293 0.600018 -0.296805 2.80696 -0.955988 -1.86024 0.0256431 0.0808481
internal_weight=0 1.69529e+06 300476 217199 92598 9953 4018 2801 1164 1637 955 646 459 124601 124148 88 62 453 82645 5935 1069 1113 1217 409 187 309 286 176 124060 82564
internal_count=7321633 1695294 300476 217199 92598 9953 4018 2801 1164 1637 955 646 459 124601 124148 88 62 453 82645 5935 1069 1113 1217 409 187 309 286 176 124060 82564
is_linear=0
shrinkage=0.1


Tree=266
num_leaves=31
num_cat=0
split_feature=26 21 8 7 14 16 11 8 23 16 11 13 3 15 14 8 14 12 13 21 18 15 12 17 14 12 12 11 15 12
split_gain=3785.12 18493 25498.6 27161.5 44863.9 58300.1 34315.1 42533.7 25977.3 30855.4 29185.7 40166.3 20612.3 20256.9 19489.9 18141.8 27323.8 42033.3 63358.1 41619.4 69588.9 55307.2 34261.5 42932.7 30313.6 27165.7 26054.4 23434.4 23298.2 31127.1
threshold=10.205000000000002 14.222470423884381 8551.5000000000018 1619415.5000000002 541.41500000000008 0.13750000000000004 33.912511961722494 227.50000000000003 748.00000000000011 0.067500000000000018 24.628928571428577 0.77500000000000013 15.698251337993481 2.758695826645265 204.54500000000004 55.500000000000007 180.33500000000004 10.165000000000001 2.2150000000000003 20.361829940509359 19.645000000000003 2.2697546549835712 2.2625000000000006 0.025000000000000005 199.57000000000002 2.9125000000000005 20.422500000000003 56.445755494505498 2.2697546549835712 1.1025000000000003
decision_type=2 2 2 2 2 2 2 2 2 2 2 2 2 2 2 2 2 2 2 2 2 2 2 2 2 2 2 2 2 2
left_child=-1 2 3 4 -2 -6 8 12 9 10 13 -12 -8 -5 -10 16 -3 18 19 20 24 -22 27 -24 -18 -25 -19 28 29 -21
right_child=1 15 -4 6 5 -7 7 -9 14 -11 11 -13 -14 -15 -16 -17 17 26 -20 22 21 -23 23 25 -26 -27 -28 -29 -30 -31
leaf_value=0.00022985708597290954 -0.27621269990027597 0.013088393530405732 -1.1222675822066017 -0.46834185639524073 -7.4642515611648568 0.079749668212164018 -0.10597189400462113 3.2319156491238141 0.1295046097232864 0.15145240656358749 -4.1389575247861901 -0.089957686346404414 1.850423529803753 0.63531368587304049 1.4184562920767645 -0.028585184038382606 1.2253117341995239 -2.924320913244177 4.7107300958850171 0.24537084549665453 5.2129470405907474 0.38326444222376899 -1.9826811059757514 -0.44514641629325019 -2.6678594644069675 3.1887969058007002 0.19858804442258499 3.6458796712913015 0.6200719527971178 4.8454733271347852
leaf_weight=7247564 4200 8315 266 1385 20 21 191 69 290 1866 49 49 75 189 197 53616 25 27 44 24 29 130 54 36 100 48 2535 76 105 38
leaf_count=7247564 4200 8315 266 1385 20 21 191 69 290 1866 49 49 75 189 197 53616 25 27 44 24 29 130 54 36 100 48 2535 76 105 38
internal_value=0 -0.0224912 -0.157988 -0.128166 -0.308348 -3.60025 0.0470986 1.01953 -0.0338369 -0.128091 -0.440069 -2.11446 0.445643 -0.335819 0.650908 -0.00406471 0.109408 0.354254 1.03569 0.792527 -0.123779 1.26415 1.47555 0.21719 -1.88923 1.63139 0.165677 2.19017 1.52769 3.06479
internal_weight=0 74069 8867 8601 4241 41 4360 335 4025 3538 1672 98 266 1574 487 65202 11586 3271 709 665 284 159 381 138 125 84 2562 243 167 62
internal_count=7321633 74069 8867 8601 4241 41 4360 335 4025 3538 1672 98 266 1574 487 65202 11586 3271 709 665 284 159 381 138 125 84 2562 243 167 62
is_linear=0
shrinkage=0.1


Tree=267
num_leaves=31
num_cat=0
split_feature=26 8 8 8 2 1 0 3 1 8 14 7 0 3 1 3 2 15 14 7 13 12 3 13 18 3 0 26 18 14
split_gain=3831.38 23668.1 43517.2 29771 36108.6 35137.4 31946.1 25948.6 24849 50465 28706.1 24147.8 21865.1 21566.4 42251.5 21470.8 17999.4 17892.9 23967.8 28015.7 32434.7 48418.5 29634.4 29270.1 31621.2 29055.1 39764.5 71119.8 27286.2 26571.8
threshold=29.215000000000003 1179.5000000000002 1552.0000000000002 1126.5000000000002 26.500000000000004 -21.499999999999996 16.500000000000004 9.31735420335872 -22.499999999999996 2381.5000000000005 260.97500000000008 1619415.5000000002 22.500000000000004 9.0070026479175009 -22.499999999999996 13.102534418022531 26.500000000000004 10.066381131341933 115.93500000000002 6570.0000000000009 0.54500000000000015 2.5050000000000003 4.0350864893115279 0.115 55.675000000000004 9.471832431292615 1.0000000180025095e-35 40.945000000000007 64.200000000000017 541.41500000000008
decision_type=2 2 2 2 2 2 2 2 2 2 2 2 2 2 2 2 2 2 2 2 2 2 2 2 2 2 2 2 2 2
left_child=-1 3 -3 17 -5 6 -6 13 11 15 -11 -9 -8 16 -15 -10 -4 18 -2 -20 21 22 28 -24 -25 -22 27 -27 -21 -28
right_child=1 2 7 4 5 -7 12 8 9 10 -12 -13 -14 14 -16 -17 -18 -19 19 20 25 -23 23 24 -26 26 29 -29 -30 -31
leaf_value=8.9522808133496266e-05 -0.34759666041000997 -1.343391119272221 1.2659857462895545 -1.3495357733964921 3.7785425173608882 5.9394418001174927 -0.80675930253097006 -0.98731759403967989 2.7078709954895626 -0.15214247554540636 -2.5613397131302609 0.3115069036054261 2.9138842496004975 0.84207533098171261 5.82877012363502 -0.96565158275457541 -0.68550187629312287 -0.12839035682980424 -1.8999531218880101 0.46466053601573498 0.058924068718534867 -3.3685419733567934 0.65867797930924488 -1.1979369601325973 0.083663316892937517 0.478038057914147 1.0228580065963193 8.4098489356040957 4.1219227408661565 -1.9214925564825536
leaf_weight=7310437 739 381 76 40 38 20 56 199 41 71 163 510 22 89 21 26 125 5831 57 51 437 41 448 286 589 26 727 20 34 32
leaf_count=7310437 739 381 76 40 38 20 56 199 41 71 163 510 22 89 21 26 125 5831 57 51 437 41 448 286 589 26 727 20 34 32
internal_value=0 -0.058454 -0.40185 0.00310697 1.29158 2.06839 1.40096 -0.130292 -0.37623 -1.13749 -1.83034 -0.0530433 0.242653 0.668412 1.79408 1.28232 0.052374 -0.02123 0.157965 0.293922 0.340392 0.0189705 0.117613 0.00132688 -0.335237 0.715383 1.07175 3.92665 1.92757 0.898722
internal_weight=0 11196 1702 9494 176 136 116 1321 1010 301 234 709 78 311 110 67 201 9318 3487 2748 2691 1449 1408 1323 875 1242 805 46 85 759
internal_count=7321633 11196 1702 9494 176 136 116 1321 1010 301 234 709 78 311 110 67 201 9318 3487 2748 2691 1449 1408 1323 875 1242 805 46 85 759
is_linear=0
shrinkage=0.1


Tree=268
num_leaves=31
num_cat=0
split_feature=3 16 3 4 13 14 14 14 15 14 26 16 14 5 16 14 26 1 0 0 18 3 11 0 8 21 3 7 8 12
split_gain=3600.61 17865.9 18228.4 12100.4 17469.2 41816 23062 18233.8 35516 34450.3 37093.7 30515.1 36422.9 52975.6 82760.9 32742.1 65665.8 88929.5 65661 64169.5 42893 39963.3 32492.7 27987.8 27463.1 43070.6 56852.2 52538.1 27096.1 26149.3
threshold=6.554514610642646 84.570000000000007 4.8050334168755233 1.0000000180025095e-35 0.045000000000000005 230.54500000000004 106.49000000000002 25.010000000000002 1.3456173533083648 541.41500000000008 0.85500000000000009 0.41250000000000009 196.99000000000004 1.0000000180025095e-35 0.61250000000000016 276.74500000000006 0.055000000000000007 -22.499999999999996 1.0000000180025095e-35 1.5000000000000002 59.515000000000008 2.8387395736793333 13.744946153846156 3.5000000000000004 227.50000000000003 14.78430661152403 5.8962438864673512 1020841.5000000001 195.50000000000003 0.47250000000000009
decision_type=2 2 2 2 2 2 2 2 2 2 2 2 2 2 2 2 2 2 2 2 2 2 2 2 2 2 2 2 2 2
left_child=1 3 -3 4 5 6 -1 -6 9 11 -11 15 -13 14 -14 20 17 21 -18 -20 29 -17 -15 -22 28 26 -26 -27 -10 -9
right_child=-2 2 -4 -5 7 -7 -8 8 24 10 -12 12 13 22 -16 16 18 -19 19 -21 23 -23 -24 -25 25 27 -28 -29 -30 -31
leaf_value=0.0066417647067235942 -0.00062867985738282396 -0.63375526785850533 -3.9441499920118428 0.0003042822664150954 0.0027166051130194119 -3.8765270641871861 -0.3137475532205205 0.50801225917876269 0.045643825648432744 0.23675981382044353 -4.0435075569152827 0.48986442930493601 0.46262934933538019 2.8747122057552996 8.6975600004196174 5.7535379614148825 -4.7640669394422464 -1.3395346687465419 3.4835979651591993 -0.25701345633175493 -4.1152672987717853 2.314773789513318 -1.7133858023267807 0.28302501595538593 -0.34243515300604244 3.7858728374753685 -2.2160559171691854 -0.11674665055408757 1.6888055706986844 0.1192422750625253
leaf_weight=41279 6776972 80 21 428338 27557 28 2376 1879 15754 41 40 1341 23 29 26 42 27 61 55 276 39 173 33 23 521 35 235 2393 101 21835
leaf_count=41279 6776972 80 21 428338 27557 28 2376 1879 15754 41 40 1341 23 29 26 42 27 61 55 276 39 173 33 23 521 35 235 2393 101 21835
internal_value=0 0.00782238 -1.32206 0.00806903 0.0366861 -0.0132738 -0.010796 0.0667721 0.106014 0.182135 -1.87695 0.188584 0.63396 2.37479 4.83218 0.162091 0.871333 2.03041 -0.022256 0.364538 0.143179 2.98653 0.43266 -2.48364 0.00228957 -0.26572 -0.924844 -0.0604898 0.0561111 0.150047
internal_weight=0 544661 101 544560 116222 43683 43655 72539 44982 25943 81 25862 1452 111 49 24410 634 276 358 331 23776 215 62 62 19039 3184 756 2428 15855 23714
internal_count=7321633 544661 101 544560 116222 43683 43655 72539 44982 25943 81 25862 1452 111 49 24410 634 276 358 331 23776 215 62 62 19039 3184 756 2428 15855 23714
is_linear=0
shrinkage=0.1


Tree=269
num_leaves=31
num_cat=0
split_feature=21 22 13 12 11 14 14 3 12 11 15 3 2 3 8 14 14 18 0 19 3 18 26 11 17 5 14 5 14 14
split_gain=3640.76 41874.7 35725.8 28032.2 64423.1 38797.2 32622.1 39247.5 48427.8 44675.6 33148.7 55339 60290.8 39927 27921.7 55781.3 33138.5 27852.7 27398.6 26775 26133.4 36657.3 26030.3 25199.7 37459.7 59104.1 36917 36823.2 103775 51057.6
threshold=12.066169858953876 4.541972752559345 1.4950000000000003 0.89250000000000018 2.3810438948306598 54.080000000000005 61.615000000000002 14.160271209001479 0.75250000000000006 4.3908384113811509 0.75773392608721968 13.475242255603986 27.500000000000004 14.006894853484365 376.50000000000006 230.54500000000004 150.04000000000005 9.3550000000000022 21.500000000000004 1.0000000180025095e-35 7.0835724366271542 18.245000000000001 6.3550000000000013 3.0530415107678563 0.025000000000000005 1.0000000180025095e-35 168.34000000000003 1.0000000180025095e-35 405.02000000000004 300.30000000000007
decision_type=2 2 2 2 2 2 2 2 2 2 2 2 2 2 2 2 2 2 2 2 2 2 2 2 2 2 2 2 2 2
left_child=2 -2 -1 4 5 -3 -6 10 9 -9 11 -8 -13 -14 -5 16 -16 -12 -11 -17 21 -7 -10 -19 27 -26 -27 29 -29 -25
right_child=1 3 -4 14 6 20 7 8 22 18 17 12 13 -15 15 19 -18 23 -20 -21 -22 -23 -24 24 25 26 -28 28 -30 -31
leaf_value=0.00038532087543563395 -0.014860511657610667 0.04916314770641575 0.1011480676348166 0.010096700083363868 0.068889217813590559 0.3006743157841627 0.47333393836178178 0.89625713921955819 1.7931002530772813 0.29294041020001438 -0.45129041557613103 -0.016789250617059128 0.19500244195046634 -3.4004571742199836 -0.051342587576457224 0.22592083740234378 -0.45330966717578591 -0.18735011673862767 -0.41767826267358032 -3.5938216444374862 -0.10377995306756367 2.9311128908190236 0.68589545363659854 0.19906517440840799 0.34056734298552344 0.030149698146981315 -0.76920152786305218 0.60351151449428697 7.5057660850611603 -2.3067573936212633
leaf_weight=6134913 914770 76009 35390 68751 25391 612 5530 1117 357 3564 970 1109 46 94 10108 25 2573 2340 640 69 27279 58 524 2542 2228 1123 1190 2205 22 84
leaf_count=6134913 914770 76009 35390 68751 25391 612 5530 1117 357 3564 970 1109 46 94 10108 25 2573 2340 640 69 27279 58 524 2542 2228 1123 1190 2205 22 84
internal_value=0 -0.00516233 0.000963249 0.0323403 0.057303 0.0121188 0.149269 0.228729 0.447822 0.334119 0.158985 0.337549 -0.263645 -2.21909 -0.0151302 -0.150893 -0.132903 0.0637018 0.184759 -2.57793 -0.0886256 0.528384 1.13456 0.106274 0.179414 -0.0270222 -0.381103 0.372579 0.671697 0.118909
internal_weight=0 1.15133e+06 6.1703e+06 236560 155034 103958 51076 25685 6202 5321 19483 6779 1249 140 81526 12775 12681 12704 4204 94 27949 670 881 11734 9394 4541 2313 4853 2227 2626
internal_count=7321633 1151330 6170303 236560 155034 103958 51076 25685 6202 5321 19483 6779 1249 140 81526 12775 12681 12704 4204 94 27949 670 881 11734 9394 4541 2313 4853 2227 2626
is_linear=0
shrinkage=0.1


Tree=270
num_leaves=31
num_cat=0
split_feature=15 26 11 25 14 11 21 18 15 15 14 5 26 13 18 21 14 21 12 8 13 12 8 10 26 14 3 14 15 15
split_gain=3752.45 15334.3 22348.1 17516.7 15973.8 15919.7 24444.6 19186.1 16671 17342.4 13250.8 16082.8 14401.1 19678.9 12580.5 18603.1 25538.5 28684.3 41500.5 43892.9 21576.1 21960.1 39361.6 19092.9 27580.6 25828.1 21556 68598.8 22925.3 26735.8
threshold=0.25548548518067404 0.30500000000000005 0.72323587410459944 3.5000000000000004 30.175000000000004 5.6372523284679694 10.487127586999657 13.445000000000002 0.25167983781929665 0.076771910159006945 168.34000000000003 1.0000000180025095e-35 4.7250000000000005 0.88500000000000012 8.5050000000000008 12.066169858953876 54.080000000000005 29.797532032099511 62.007500000000007 17.500000000000004 202.99500000000003 327.12750000000005 40.500000000000007 1.0000000180025095e-35 0.83500000000000008 541.41500000000008 11.899605238452986 240.00500000000002 0.2999651959734419 0.29282019423961625
decision_type=2 2 2 2 2 2 2 2 2 2 2 2 2 2 2 2 2 2 2 2 2 2 2 2 2 2 2 2 2 2
left_child=1 -1 4 10 -3 -5 -7 8 9 -8 -4 12 -12 -14 15 -2 -17 20 -19 -20 21 23 -23 24 -18 -25 27 -26 29 -28
right_child=14 2 3 5 -6 6 7 -9 -10 -11 11 -13 13 -15 -16 16 17 18 19 -21 -22 22 -24 25 26 -27 28 -29 -30 -31
leaf_value=0.00043665709518706913 -0.0047537781558852875 0.0078362924192894572 -0.0011517351079219174 0.062920596207298729 -0.093467228536596281 -0.12544789541450313 3.1567070762316387 2.4856870311394075 2.8689554760532996 0.42919407829133677 -0.028122911962660105 -1.2135834574699402 -0.63146502546987493 -3.9436310652643445 0.00083055007791252441 -0.021743439169880155 -0.32808233185064983 0.0052768283887643097 0.20733834707254648 2.0344259109452505 2.9829294540665368 -5.1428126335144047 0.64635077766750171 0.0071516795327798248 -0.021400905619198801 -3.1502538974468526 -0.016212826346499714 5.5692914626815107 -0.30740339906434028 1.3792518246750678
leaf_weight=3229389 624752 96202 33387 122936 18570 567 24 57 31 813 958 176 174 20 2999510 154165 9036 5601 341 214 22 24 23 7308 9202 26 1202 22 6726 155
leaf_count=3229389 624752 96202 33387 122936 18570 567 24 57 31 813 958 176 174 20 2999510 154165 9036 5601 341 214 22 24 23 7308 9202 26 1202 22 6726 155
internal_value=0 0.00236348 0.0250802 0.0493371 -0.00855452 0.0668611 0.391547 0.708451 0.591744 0.507402 -0.0134735 -0.323253 -0.18723 -0.972925 -0.00216848 -0.0131546 -0.0401989 -0.111503 0.0870086 0.911837 -0.147716 -0.149759 -2.30982 -0.146744 -0.186473 -0.00404174 -0.112539 -0.00806664 -0.231758 0.143181
internal_weight=0 3.5033e+06 273915 159143 114772 124428 1492 925 868 837 34715 1328 1152 194 3.81833e+06 818819 194067 39902 6156 555 33746 33724 47 33677 26343 7334 17307 9224 8083 1357
internal_count=7321633 3503304 273915 159143 114772 124428 1492 925 868 837 34715 1328 1152 194 3818329 818819 194067 39902 6156 555 33746 33724 47 33677 26343 7334 17307 9224 8083 1357
is_linear=0
shrinkage=0.1


Tree=271
num_leaves=31
num_cat=0
split_feature=12 21 12 13 14 1 18 15 18 5 14 14 9 26 21 11 12 18 3 21 26 14 16 0 1 15 14 0 17 13
split_gain=3885.28 31325.9 26484 42710 42645.6 127669 63202 57345.4 61918.8 68988.2 52844.6 49446.5 33312.5 29338.3 29309.1 27443.9 31537.8 32990.5 26401.1 24532.3 24229.9 79525.9 44242.1 279576 25614.9 23777.9 21406.1 59363.6 56015.6 66120.1
threshold=2.6525000000000007 14.102594559223187 7.0750000000000011 1.7450000000000003 325.42000000000002 -25.499999999999996 64.200000000000017 6.8370836019772199 40.985000000000007 1.0000000180025095e-35 509.5750000000001 30.175000000000004 1.0000000180025095e-35 1.905 14.222470423884381 56.445755494505498 2.9925000000000006 15.515000000000002 4.36451048951049 31.281939121279969 26.060000000000006 751.73500000000013 18.355000000000004 3.5000000000000004 -25.499999999999996 1.3456173533083648 200.01000000000002 5.5000000000000009 0.025000000000000005 1.5050000000000001
decision_type=2 2 2 2 2 2 2 2 2 2 2 2 2 2 2 2 2 2 2 2 2 2 2 2 2 2 2 2 2 2
left_child=19 -2 4 12 11 6 -6 8 9 10 -7 -3 20 -12 -13 18 17 -17 25 -1 22 -22 -4 -24 -25 -16 -20 -28 29 -29
right_child=1 2 3 -5 5 7 -8 -9 -10 -11 13 14 -14 -15 15 16 -18 -19 26 -21 21 -23 23 24 -26 -27 27 28 -30 -31
leaf_value=-6.5559211191638437e-05 0.051186349949125326 0.0029305219874387806 0.055730825540819554 -0.013538131775862994 8.3152366004884239 1.3834678921434616 1.6775332029049215 -2.8244454915706929 3.5859484407057369 3.4040940439378895 -1.5847567240397136 -1.0189055911804501 0.27013599002457606 -5.9931000526134781 1.2912229482718951 1.2344025266931413 2.3921504311429129 -3.1016781885709084 -0.15651095264352305 -0.074143184521518357 -0.36652368834351795 -6.3225955188274385 12.202119515623366 -4.3889548444747923 0.33274664393177744 0.0080750889561670217 -1.4327880224020062 -0.016241503672541253 1.5462456404465683 -2.2694786823913455
leaf_weight=6886584 124145 41174 27978 157936 32 36 26 52 60 37 36 399 9223 26 229 47 90 28 26141 44998 340 24 21 20 27 391 502 700 171 160
leaf_count=6886584 124145 41174 27978 157936 32 36 26 52 60 37 36 399 9223 26 229 47 90 28 26141 44998 340 24 21 20 27 391 502 700 171 160
internal_value=0 0.00971097 -0.00965287 0.00927362 -0.0622771 1.11762 5.33971 0.126195 0.913033 -0.27493 -1.66395 -0.0674158 0.105009 -3.43342 -0.167784 -0.155852 1.13008 -0.384401 -0.163351 -0.000546452 0.0514018 -0.759232 0.0619228 2.60955 -1.67649 0.482012 -0.177809 -0.54099 -0.106768 -0.435448
internal_weight=0 390051 265906 195569 70337 305 58 247 195 135 98 70032 37633 62 28858 28459 165 75 28294 6.93158e+06 28410 364 28046 68 47 620 27674 1533 1031 860
internal_count=7321633 390051 265906 195569 70337 305 58 247 195 135 98 70032 37633 62 28858 28459 165 75 28294 6931582 28410 364 28046 68 47 620 27674 1533 1031 860
is_linear=0
shrinkage=0.1


Tree=272
num_leaves=31
num_cat=0
split_feature=17 17 1 17 14 25 14 26 26 1 2 8 3 0 0 1 21 1 0 14 12 0 1 1 0 0 1 3 16 0
split_gain=3761.59 12658.5 11765.1 48323.4 36899.2 14775.6 26580.9 53528.7 51569.1 51382.4 42481.6 21731.6 36111.8 21446.1 18475.8 15716.1 15642.6 19335.1 14255 104267 77402.8 329688 617322 21656.6 22712 15486.8 34768.5 23504.4 18280 45018.2
threshold=2.5850000000000004 1.7250000000000003 -26.499999999999996 2.6350000000000002 541.41500000000008 3.5000000000000004 276.74500000000006 13.645000000000001 40.945000000000007 -25.499999999999996 26.500000000000004 447.50000000000006 9.6956717531205125 10.500000000000002 15.500000000000002 -24.499999999999996 27.676095370189646 -22.499999999999996 4.5000000000000009 751.73500000000013 327.12750000000005 13.500000000000002 -22.499999999999996 -22.499999999999996 6.5000000000000009 10.500000000000002 -25.499999999999996 11.653513862024502 84.570000000000007 18.500000000000004
decision_type=2 2 2 2 2 2 2 2 2 2 2 2 2 2 2 2 2 2 2 2 2 2 2 2 2 2 2 2 2 2
left_child=1 -1 3 -2 -5 6 -4 16 9 14 -11 18 -13 -12 -9 -14 17 -8 19 -7 23 -22 -23 24 -20 26 27 -26 -27 -30
right_child=2 -3 5 4 -6 11 7 8 -10 10 13 12 15 -15 -16 -17 -18 -19 20 -21 21 22 -24 -25 25 28 -28 -29 29 -31
leaf_value=2.5023888354393503e-06 3.6217198959616734 -0.20624537580353444 0.057094655406671281 0.16031016941394502 4.2863325476646423 -0.1730430074729693 0.58998157147205244 5.7388389875059547 -2.5804529964923861 4.1113206235373898 1.3513110320828856 -2.55274526036448 0.7282473387648758 -1.4392070781616937 2.2154092496091669 -0.69984079100727259 1.6083099112791175 -1.6066421833692812 -1.3316297312601819 -6.5749230751624488 13.291320106257565 8.0798308428596055 -12.38958763892834 0.48618313577891137 0.65486236378550533 -0.052158110854510213 -0.085193713355037559 5.2542023887634279 -3.7122827417996462 0.033120235448242517
leaf_weight=7309210 43 2977 3487 1466 22 1183 66 46 24 41 80 90 103 42 22 306 34 102 160 26 23 34 26 646 20 1076 111 25 49 93
leaf_count=7309210 43 2977 3487 1466 22 1183 66 46 24 41 80 90 103 42 22 306 34 102 160 26 23 34 26 646 20 1076 111 25 49 93
internal_value=0 -8.1467e-05 0.0630639 0.316818 0.221313 0.0139803 0.151078 0.868186 1.83144 2.28982 1.32652 -0.122185 -0.739256 0.390641 4.59891 -0.3402 -0.347803 -0.743683 -0.0334986 -0.310718 0.114605 3.11187 -0.79025 0.000488786 -0.204047 -0.0727424 0.865358 3.21005 -0.192893 -1.25931
internal_weight=0 7.31219e+06 9446 1531 1488 7915 3944 457 255 231 163 3971 499 122 68 409 202 168 3472 1209 2263 83 60 2180 1534 1374 156 45 1218 142
internal_count=7321633 7312187 9446 1531 1488 7915 3944 457 255 231 163 3971 499 122 68 409 202 168 3472 1209 2263 83 60 2180 1534 1374 156 45 1218 142
is_linear=0
shrinkage=0.1


Tree=273
num_leaves=31
num_cat=0
split_feature=17 26 15 11 14 21 8 15 3 11 16 18 15 11 21 7 13 14 14 26 25 8 26 7 5 11 18 0 1 2
split_gain=3576.5 15086.1 56124.9 57819.4 39120.5 23675.4 21880.8 21215.4 22012.6 17901.3 17854.3 30213.8 40483.1 56899.9 33861.2 58081.7 33696.2 34359.9 23464.2 55285.2 21797.5 21365.9 54541 19972.3 18830.9 18329 18065.3 18001.2 42105.3 27809.3
threshold=0.065000000000000016 1.9950000000000003 0.87996356696738387 6.5860176779742003 117.53500000000001 16.460509296098724 2939.5000000000005 0.83444751237301384 14.835510140460675 2.2736362156527403 1.2425000000000004 24.990000000000006 6.8370836019772199 7.9678711167878218 14.222470423884381 1919260.5000000002 0.79500000000000015 195.87000000000003 210.87500000000003 40.945000000000007 3.5000000000000004 174.50000000000003 13.645000000000001 1619415.5000000002 1.0000000180025095e-35 11.453212068034558 93.940000000000012 16.500000000000004 -25.499999999999996 26.500000000000004
decision_type=2 2 2 2 2 2 2 2 2 2 2 2 2 2 2 2 2 2 2 2 2 2 2 2 2 2 2 2 2 2
left_child=-1 -2 3 9 -5 7 10 8 -6 -3 11 -4 13 -13 25 18 17 -17 -16 -20 21 -12 -23 26 -25 -15 -14 28 -24 -30
right_child=1 2 6 4 5 -7 -8 -9 -10 -11 20 12 23 14 15 16 -18 -19 19 -21 -22 22 27 24 -26 -27 -28 -29 29 -31
leaf_value=-0.0003844337982874303 -0.0012997890253978088 0.031262797478298236 0.060297083065618651 0.82978761716855365 4.0678981293737895 5.4075661692126049 -0.89559314665587064 -0.43575319399436313 0.96659075593626176 0.51413377938847749 0.040298018419173416 -0.091097827233112272 -0.16834141609034961 1.4566369323565285 0.65719611209009499 2.8910180090974595 -0.017056953631065512 6.5460628482273648 3.5924715403506635 -0.30494794320251983 -0.072254428428794829 0.19787836063130065 4.4743438627760295 -0.046215241926687738 4.0022287750244141 0.066372809291676771 -1.6385855193566181 0.41388051281236626 4.306945504496495 0.52711059873543897
leaf_weight=7106624 168029 1394 8905 272 60 29 253 24 37 1709 11402 626 395 129 422 97 27 35 95 59 18337 1903 59 27 20 358 106 73 24 103
leaf_count=7106624 168029 1394 8905 272 60 29 253 24 37 1709 11402 626 395 129 422 97 27 35 95 59 18337 1903 59 27 20 358 106 73 24 103
internal_value=0 0.0127066 0.0628018 0.446563 1.54479 2.84133 0.0316717 2.22628 2.88493 0.297208 0.0371019 0.145112 0.460335 0.684172 1.08132 1.50981 3.20176 3.86016 1.04276 2.0993 -0.00116079 0.0949498 0.383174 -0.294504 1.67653 0.434636 -0.479411 1.74463 2.26691 1.24141
internal_weight=0 215009 46980 3525 422 150 43455 121 97 3103 43202 11301 2396 1848 1222 735 159 132 576 154 31901 13564 2162 548 47 487 501 259 186 127
internal_count=7321633 215009 46980 3525 422 150 43455 121 97 3103 43202 11301 2396 1848 1222 735 159 132 576 154 31901 13564 2162 548 47 487 501 259 186 127
is_linear=0
shrinkage=0.1


Tree=274
num_leaves=31
num_cat=0
split_feature=8 5 11 14 11 1 11 11 2 1 0 15 26 11 26 1 0 2 3 3 11 1 2 2 22 11 12 25 11 14
split_gain=3638.68 14774.6 48772.1 39699.3 82694.9 49744.4 96296.4 76341.7 36514.8 51443 36176.1 35588.1 40311.6 52698.4 29420.4 28558.1 23747.1 39560.8 22145.7 21395.4 26986.7 36319.3 31546.3 21363.5 18651.5 17515.2 136872 45211.4 163940 75441
threshold=3715.5000000000005 1.0000000180025095e-35 15.247429966617927 541.41500000000008 10.493977542540565 -23.499999999999996 11.453212068034558 11.453212068034558 27.500000000000004 -23.499999999999996 16.500000000000004 1.2395566996643994 2.3350000000000004 7.8744310015222867 16.025000000000002 -21.499999999999996 2.5000000000000004 27.500000000000004 13.317969413763807 8.6101518824518894 5.7038888888888897 -22.499999999999996 26.500000000000004 27.500000000000004 4.541972752559345 3.6050605739073069 0.4825000000000001 3.5000000000000004 7.9678711167878218 206.09500000000003
decision_type=2 2 2 2 2 2 2 2 2 2 2 2 2 2 2 2 2 2 2 2 2 2 2 2 2 2 2 2 2 2
left_child=-1 -2 3 4 11 7 10 -6 9 -5 -7 12 25 19 23 18 17 -15 -8 20 24 22 -22 -13 -14 -3 -27 29 -29 -28
right_child=1 2 -4 8 5 6 15 -9 -10 -11 -12 14 13 16 -16 -17 -18 -19 -20 -21 21 -23 -24 -25 -26 26 27 28 -30 -31
leaf_value=-0.001272931774361863 0.0061574664815881586 -0.013898863603226114 -0.74351678619075523 2.8683670940498516 -2.1882283943823015 6.6309454129292424 0.86487542958930141 1.2753071640331282 -2.0630777637489506 -0.97509853421867665 2.2702522277832031 1.9986902194700524 -0.20083851549246298 -0.99789708719721859 -0.18323284405119278 -0.61035282644065658 -1.7019553672725665 2.9394240759313108 3.9651738169706534 -0.16681843328466872 -0.53547141169890378 4.1085504521162077 3.1528718009139554 -0.45086048068695289 0.50097336926528513 2.9990949627864794 0.078185201472605298 0.15560653888999101 3.3606090982637462 -1.2610565947892403
leaf_weight=5521417 1695336 77007 956 45 87 52 64 237 183 154 30 207 947 126 153 74 316 32 36 17912 78 39 33 43 631 166 1672 2869 169 562
leaf_count=5521417 1695336 77007 956 45 87 52 64 237 183 154 30 207 947 126 153 74 316 32 36 17912 78 39 33 43 631 166 1672 2869 169 562
internal_value=0 0.00390419 -0.032519 -0.0259785 -0.0222243 1.16848 2.21035 0.345284 -1.04354 -0.105973 5.03557 -0.0289318 -0.0326171 -0.159546 0.908951 0.878921 -1.20146 -0.200465 1.98098 -0.1344 0.201639 1.48341 0.561063 1.57737 0.0797973 -0.00165043 0.171798 0.082775 0.333897 -0.258723
internal_weight=0 1.80022e+06 104880 103924 103542 580 256 324 382 199 82 102962 102559 20114 403 174 474 158 100 19640 1728 150 111 250 1578 82445 5438 5272 3038 2234
internal_count=7321633 1800216 104880 103924 103542 580 256 324 382 199 82 102962 102559 20114 403 174 474 158 100 19640 1728 150 111 250 1578 82445 5438 5272 3038 2234
is_linear=0
shrinkage=0.1


Tree=275
num_leaves=31
num_cat=0
split_feature=12 24 13 8 2 8 13 18 3 1 1 13 2 18 21 11 13 13 13 9 15 1 0 0 3 26 16 15 14 0
split_gain=3475.15 16796.8 28880.4 15265.9 18986.6 54308.4 44322.2 31654.4 37319.1 42888.7 24192 56758.5 29160.7 71399.1 51699.8 49116.7 32329.6 44443.9 32367.8 69220.4 31280 27940.2 31313.3 26080.9 42001.7 26717.3 22289.3 32048.9 29037.3 27755.2
threshold=18.390000000000004 70.000000000000014 2.0550000000000002 195.50000000000003 26.500000000000004 753.50000000000011 156.215 16.645000000000003 7.9224826675470466 -26.499999999999996 -22.499999999999996 156.215 27.500000000000004 83.420000000000016 20.361829940509359 97.595652173913066 156.215 128.35500000000005 26.860000000000003 1.0000000180025095e-35 2.0798201438848927 -26.499999999999996 22.500000000000004 17.500000000000004 11.616538561509044 29.215000000000003 2.6225000000000005 3.4360934744268081 192.90000000000001 14.500000000000002
decision_type=2 2 2 2 2 2 2 2 2 2 2 2 2 2 2 2 2 2 2 2 2 2 2 2 2 2 2 2 2 2
left_child=-1 -2 -3 -4 5 6 -5 8 9 -6 12 26 16 15 -15 -14 17 18 20 -20 -9 -19 -23 24 -16 -25 27 29 -28 -12
right_child=1 2 3 4 7 -7 -8 10 -10 -11 11 -13 13 14 23 -17 -18 21 19 -21 -22 22 -24 25 -26 -27 28 -29 -30 -31
leaf_value=-0.00028207351275977109 -0.16206349726359306 0.13088528320697509 -0.026569422087510144 0.12518912769434284 4.0440901537304343 1.7714222540125324 3.1407742044147184 1.3581792722395178 0.10979211897574728 0.73528468169088512 0.16888450391992343 -4.8415616273880007 -0.32330294840793378 4.0907087596451364 -0.60877108249157375 -1.5078882223661614 2.6008280553069771 -3.1866906868486571 0.77314838356756166 -3.0321503272056578 -0.029322054677777543 0.0087762962068830223 -3.3744843225268761 1.8480815352454329 1.944180942054202 -1.4927439043564457 0.032456020983880847 0.98309842665418457 -0.81420535757626089 -1.2505028667499294
leaf_weight=7200922 5030 20940 64203 9156 46 209 49 168 8744 264 408 28 1775 41 301 436 51 58 1088 50 4945 140 34 165 82 28 621 278 1165 208
leaf_count=7200922 5030 20940 64203 9156 46 209 49 168 8744 264 408 28 1775 41 301 436 51 58 1088 50 4945 140 34 165 82 28 621 278 1165 208
internal_value=0 0.0168269 0.0246053 0.00111494 0.0593185 0.177433 0.141242 0.00668012 0.148019 1.22627 -0.0993417 -0.362576 -0.0232 -0.291465 0.659706 -0.556898 0.0929086 0.0731795 0.123621 0.605956 0.0162677 -1.28591 -0.652321 0.415485 -0.0621861 1.3634 -0.315781 0.0918363 -0.519817 -0.310389
internal_weight=0 120711 115681 94741 30538 9414 9205 21124 9054 310 12070 2708 9362 2828 617 2211 6534 6483 6251 1138 5113 232 174 576 383 193 2680 894 1786 616
internal_count=7321633 120711 115681 94741 30538 9414 9205 21124 9054 310 12070 2708 9362 2828 617 2211 6534 6483 6251 1138 5113 232 174 576 383 193 2680 894 1786 616
is_linear=0
shrinkage=0.1


Tree=276
num_leaves=31
num_cat=0
split_feature=26 12 12 14 11 14 13 14 18 15 2 15 3 18 18 18 21 12 19 11 14 0 6 3 3 3 8 18 17 15
split_gain=3553.05 16123.1 27770.3 35618.1 26836.2 40705.1 76554.2 53084.8 42963.7 36676.6 36031.6 41318.7 48298.6 33002.5 54236.6 43499.2 35601.1 32746 47834.6 32685.5 32470.6 49680.8 32391.5 77326.2 187225 86503 63778.5 80747.9 30149.7 34579
threshold=10.205000000000002 41.440000000000005 10.165000000000001 248.75000000000003 10.904732543479069 248.75000000000003 2.6650000000000005 206.62500000000003 83.420000000000016 0.68889976734252112 27.500000000000004 2.2697546549835712 13.642756915675532 13.025 15.295000000000002 16.025000000000002 20.361829940509359 1.9925000000000004 1.0000000180025095e-35 13.744946153846156 276.74500000000006 4.5000000000000009 1.0000000180025095e-35 7.6179452201358808 6.8933563948253811 11.799773202527382 376.50000000000006 38.32500000000001 0.025000000000000005 1.538260950259837
decision_type=2 2 2 2 2 2 2 2 2 2 2 2 2 2 2 2 2 2 2 2 2 2 2 2 2 2 2 2 2 2
left_child=-1 2 4 -4 -2 7 13 9 10 -6 17 19 -13 20 16 -16 -15 18 -9 -12 -7 -22 26 24 -24 -25 -17 -28 -20 -30
right_child=1 -3 3 -5 5 6 -8 8 -10 -11 11 12 -14 14 15 22 -18 -19 28 -21 21 -23 23 25 -26 -27 27 -29 29 -31
leaf_value=0.00022269921902802611 -0.072198013293517951 0.067911383415671753 -0.18068302656922208 -2.1902547493409577 1.5835899252375092 0.22345423601111591 4.5384543585777282 -0.27863000652998776 -0.4911659505863985 0.061339499622921206 4.3235636129379271 -2.0522938097622379 1.8110064097813199 0.68644521236419687 -4.582136311314323 -1.2593306216134565 6.5159309267997747 1.7683653745208219 0.80779093163118232 0.42703685609563707 -0.50430188307891022 -5.6864313795759873 0.47082113691904548 -0.59067502935867811 6.1916079048067338 0.41708235907365909 2.4655655904062863 -0.30202122878695753 4.83926516532898 1.5436076220793602
leaf_weight=7247564 30390 15771 9799 89 161 49 35 337 300 9357 25 141 42 22 22 663 20 409 677 155 37 37 539 1944 64 1516 116 1156 40 156
leaf_count=7247564 30390 15771 9799 89 161 49 35 337 300 9357 25 141 42 22 22 663 20 409 677 155 37 37 539 1944 64 1516 116 1156 40 156
internal_value=0 -0.0217909 -0.0460575 -0.198771 -0.0148649 0.081825 -0.125186 0.190944 0.624115 0.0870889 0.792926 -0.107524 -1.16563 -0.151577 -0.118673 -0.143657 3.46239 0.994818 0.733347 0.968221 -1.77323 -3.09537 -0.127377 0.0329953 1.078 -0.149126 -0.464117 -0.0496312 1.124 2.21619
internal_weight=0 74069 58298 9888 48410 18020 6220 11800 2282 9518 1982 363 183 6185 6062 6020 42 1619 1210 180 123 74 5998 4063 603 3460 1935 1272 873 196
internal_count=7321633 74069 58298 9888 48410 18020 6220 11800 2282 9518 1982 363 183 6185 6062 6020 42 1619 1210 180 123 74 5998 4063 603 3460 1935 1272 873 196
is_linear=0
shrinkage=0.1


Tree=277
num_leaves=31
num_cat=0
split_feature=12 14 13 13 26 0 2 1 3 18 12 1 21 10 2 14 1 9 0 7 26 21 19 18 8 18 26 26 14 14
split_gain=3492.03 21870.2 18285.3 24556.9 83801.4 57459.9 41902.6 26825.2 34714.4 56371.7 78134.9 103783 56868.2 52607.4 74187.3 50518 47656.2 83599.1 83358.9 70885.5 61605 53043.7 117168 65928.2 56213.2 51271.7 46755.6 79441.8 46643.3 43802.7
threshold=200.10000000000002 214.71500000000003 19.365000000000006 61.165000000000006 0.025000000000000005 10.500000000000002 26.500000000000004 -24.499999999999996 13.766652261596084 30.755000000000003 327.12750000000005 -25.499999999999996 32.102631101271896 1.0000000180025095e-35 27.500000000000004 366.89500000000004 -25.499999999999996 1.0000000180025095e-35 1.0000000180025095e-35 95472.500000000015 53.555000000000007 32.102631101271896 1.0000000180025095e-35 33.140000000000008 216.50000000000003 115.04000000000001 8.0650000000000031 7.3650000000000011 751.73500000000013 541.41500000000008
decision_type=2 2 2 2 2 2 2 2 2 2 2 2 2 2 2 2 2 2 2 2 2 2 2 2 2 2 2 2 2 2
left_child=-1 -2 -3 4 5 6 -4 8 16 12 -11 -12 15 14 -13 -10 18 21 25 -20 -19 24 28 -24 -18 -5 27 29 -23 -21
right_child=1 2 3 7 -6 -7 -8 -9 9 10 11 13 -14 -15 -16 -17 17 20 19 26 -22 22 23 -25 -26 -27 -28 -29 -30 -31
leaf_value=7.1443196739697301e-05 -1.305394093617797 0.24371438309117771 5.2721828154542232 1.1670495788256328 -7.13565528960455 -1.7304804443220299 0.2231060571395434 0.12792996091949058 -0.16562692366148299 -0.13154435485601426 0.35011260456615884 6.2916644937851851 0.96066801468531304 8.3125363629439786 -0.65925124883651742 -4.8895326903888154 -0.45643273563264242 -2.1478522503817525 4.473495035171509 0.92650517234652063 -7.8619972031691976 -2.8444711208343509 2.915045938259218 -1.4622601294907456 3.1295429430171557 7.21140051095382 -1.0748621087470973 6.0818222322247246 -8.2437386512756348 -0.85000253672547199
leaf_weight=7313806 140 1714 22 36 21 150 65 2924 38 400 124 34 60 29 28 56 306 54 30 254 29 32 41 214 51 23 592 22 32 306
leaf_count=7313806 140 1714 22 36 21 150 65 2924 38 400 124 34 60 29 28 56 306 54 30 254 29 32 41 214 51 23 592 22 32 306
internal_value=0 -0.0667589 -0.0442001 -0.12682 -1.08113 -0.54465 1.49988 -0.0837379 -0.305492 0.266385 0.694825 2.23226 -1.44459 4.79694 3.15254 -2.97987 -0.522987 -1.14924 -0.14664 -0.32648 -4.14436 -0.781496 -1.71859 -0.758458 0.0558495 3.52332 -0.449137 0.18734 -5.5441 -0.0442294
internal_weight=0 7827 7687 5973 258 237 87 5715 2791 769 615 215 154 91 62 94 2022 759 1263 1204 83 676 319 255 357 59 1174 582 64 560
internal_count=7321633 7827 7687 5973 258 237 87 5715 2791 769 615 215 154 91 62 94 2022 759 1263 1204 83 676 319 255 357 59 1174 582 64 560
is_linear=0
shrinkage=0.1


Tree=278
num_leaves=31
num_cat=0
split_feature=0 12 0 19 17 16 8 0 26 2 0 8 2 10 26 2 0 1 26 26 2 13 21 21 26 2 21 16 7 2
split_gain=3374.27 13492.1 62752.8 206630 97917.8 55062.3 41832.4 60987.5 55764 52839.8 44459.6 57422.5 32996.7 32131.1 28778.1 25232.8 23952.3 21676.5 20892.5 33100.3 19589.1 17490.3 19097.8 13546.4 10924.4 12725 9312.96 8860.8 15796 17786
threshold=3.5000000000000004 327.12750000000005 2.5000000000000004 1.0000000180025095e-35 5.6000000000000005 28.660000000000004 108.50000000000001 1.0000000180025095e-35 40.945000000000007 26.500000000000004 1.0000000180025095e-35 50.500000000000007 27.500000000000004 1.0000000180025095e-35 3.4550000000000005 26.500000000000004 1.5000000000000002 -23.499999999999996 5.0250000000000012 8.8050000000000015 26.500000000000004 156.215 32.102631101271896 25.921826227355329 2.5550000000000002 26.500000000000004 32.102631101271896 50.882500000000007 1919260.5000000002 26.500000000000004
decision_type=2 2 2 2 2 2 2 2 2 2 2 2 2 2 2 2 2 2 2 2 2 2 2 2 2 2 2 2 2 2
left_child=1 27 4 -4 6 12 10 18 9 -9 11 -3 23 -12 16 26 -15 -16 20 -20 -8 22 -11 -5 -7 -26 -10 -1 29 -29
right_child=-2 2 3 5 -6 24 7 8 15 21 13 -13 -14 14 17 -17 -18 -19 19 -21 -22 -23 -24 -25 25 -27 -28 28 -30 -31
leaf_value=-0.0041159658625051386 0.0010316429085707845 -2.1055829246838886 -10.062369305999191 -1.7546301103407338 5.8978672589574543 -0.39501821857744029 -5.1320875120162972 5.995246201592523 -0.49565066461977758 -1.9108539516511174 0.90731712532043451 4.9674070098183378 0.79314186206230763 -2.3310685380299887 -3.213593533764715 1.89271997488462 -6.1817296491350451 1.230129791441418 3.1822458408095624 -1.4723884856700897 -1.2991003048419953 2.8009980996449788 2.2601905118851433 -4.4969159592029664 4.0436483907699587 0.88164892230715075 -3.2580801303570084 0.56054303516303339 -2.9037788116014922 -1.0605812738205762
leaf_weight=1372545 5948032 24 27 31 28 28 20 37 23 23 25 22 26 30 23 26 35 21 22 50 40 51 21 43 20 35 26 124 26 149
leaf_count=1372545 5948032 24 27 31 28 28 20 37 23 23 25 22 26 30 23 26 35 21 22 50 40 51 21 43 20 35 26 124 26 149
internal_value=0 -0.00446727 -0.426525 -1.89597 0.137612 -0.691088 -0.173153 0.481045 1.55213 2.78931 -1.40523 1.27715 -2.27139 -2.32604 -3.06764 -0.625324 -4.4045 -1.09273 -1.1986 -0.0501391 -2.57676 1.54069 0.0798718 -3.34812 1.21289 2.03147 -1.96143 -0.00423454 -0.548554 -0.324246
internal_weight=0 1.3736e+06 757 210 547 183 519 339 207 132 180 46 100 134 109 75 65 44 132 72 60 95 44 74 83 55 49 1.37284e+06 299 273
internal_count=7321633 1373601 757 210 547 183 519 339 207 132 180 46 100 134 109 75 65 44 132 72 60 95 44 74 83 55 49 1372844 299 273
is_linear=0
shrinkage=0.1


Tree=279
num_leaves=31
num_cat=0
split_feature=11 21 15 26 11 12 14 14 12 13 14 4 11 3 26 18 21 14 21 12 8 16 12 14 16 14 2 3 14 21
split_gain=3359.29 18815.9 5693.07 15023.1 15256.3 19783.2 22515.7 17961.1 13342.4 14306.3 28531.5 23562.4 11976.8 11263 16099.6 10292.7 14493.5 21005.8 24462 32215.8 35838.5 19738.6 39603.8 31007.7 22061.8 31677.3 24945.4 21141.6 18764.1 62276
threshold=0.35757972294081813 4.6875534757621171 0.25548548518067404 0.26500000000000007 0.91423716342520789 0.31250000000000006 248.75000000000003 31.615000000000006 0.022500000000000003 0.025000000000000005 48.205000000000005 1.0000000180025095e-35 9.6443558052434479 10.31914662416691 3.5950000000000002 8.5050000000000008 12.066169858953876 50.205000000000005 32.102631101271896 62.007500000000007 17.500000000000004 0.057500000000000016 141.31500000000003 76.545000000000016 0.077500000000000027 199.94500000000002 27.500000000000004 18.547854455874035 300.30000000000007 25.921826227355329
decision_type=2 2 2 2 2 2 2 2 2 2 2 2 2 2 2 2 2 2 2 2 2 2 2 2 2 2 2 2 2 2
left_child=1 -1 3 -2 7 6 8 -5 -6 12 -11 13 -10 -12 -15 16 -4 -18 21 -20 -21 22 23 -19 25 -23 -27 -26 -25 -30
right_child=2 -3 15 4 5 -7 -8 -9 9 10 11 -13 -14 14 -16 -17 17 18 19 20 -22 24 -24 28 27 26 -28 -29 29 -31
leaf_value=0.0012714250703259123 0.0015796423667685023 -0.046829455999814314 -0.0044701758088504257 0.018626600762853728 0.28571055976326448 0.0098447787489264263 3.441446668803692 -0.07732815974980245 0.057434167505029103 0.110851762737042 0.33298592899956975 -0.053370279442746783 -1.5746253508991668 1.134165403299856 -0.21455371367186307 0.0007645263162262911 -0.018315148761338836 -0.068960805061671362 0.013799169002377388 0.17224291314828327 1.8260276808290283 0.38799242525639421 -3.4361153941405451 -0.36085879434159673 -0.12712867613116233 -1.2682652867800819 1.1770215681395853 0.323477980990869 -0.5630095353493324 6.0031263184547434
leaf_weight=442034 2679154 99659 624130 125636 3185 63815 20 23093 56601 9090 391 466 45 770 100 2999510 151366 8287 5782 338 214 1853 38 7807 16804 211 52 1110 52 20
leaf_count=442034 2679154 99659 624130 125636 3185 63815 20 23093 56601 9090 391 466 45 770 100 2999510 151366 8287 5782 338 214 1853 38 7807 16804 211 52 1110 52 20
internal_value=0 -0.00757803 0.000605457 0.00389499 0.0257979 0.050206 0.0866532 0.0037278 0.0857035 0.076261 0.181642 0.554244 0.0561376 0.778786 0.97914 -0.00194716 -0.0118898 -0.0357682 -0.0978287 0.083482 0.813384 -0.129523 -0.211583 -0.204003 -0.0631382 0.242226 -0.784787 -0.0992079 -0.346039 1.26092
internal_weight=0 541693 6.77994e+06 2.96237e+06 283212 134483 70668 148729 70648 67463 10817 1727 56646 1261 870 3.81757e+06 818064 193934 42568 6334 552 36234 16204 16166 20030 2116 263 17914 7879 72
internal_count=7321633 541693 6779940 2962366 283212 134483 70668 148729 70648 67463 10817 1727 56646 1261 870 3817574 818064 193934 42568 6334 552 36234 16204 16166 20030 2116 263 17914 7879 72
is_linear=0
shrinkage=0.1


Tree=280
num_leaves=31
num_cat=0
split_feature=12 21 21 13 11 2 14 21 21 18 15 15 12 12 14 20 14 15 15 12 12 3 1 14 1 1 15 3 3 0
split_gain=3458.45 20439.2 19716.1 19192.1 18792.2 46966.1 19211.9 16436.3 43086.4 30396 54960.1 42072.8 36665.8 65463.7 99339.8 55718.2 48486 62929.6 47735.5 42190.9 33749.4 35241.1 31855.2 51273.8 30303.4 27449.5 27308.3 48446.3 54543.2 45057.1
threshold=2.9125000000000005 14.102594559223187 31.281939121279969 0.015000000000000001 97.595652173913066 26.500000000000004 405.02000000000004 28.872821175412202 31.281939121279969 17.890000000000004 0.57620969653864396 0.59641953207660825 62.007500000000007 141.31500000000003 147.21000000000001 1.0000000180025095e-35 541.41500000000008 4.6414118639980719 0.10015994545512207 78.065000000000012 327.12750000000005 10.997779701242917 -21.499999999999996 470.11500000000007 -22.499999999999996 -24.499999999999996 3.8734282700421945 10.118271604938274 10.31914662416691 10.500000000000002
decision_type=2 2 2 2 2 2 2 2 2 2 2 2 2 2 2 2 2 2 2 2 2 2 2 2 2 2 2 2 2 2
left_child=2 -2 -1 -4 6 -6 -5 -3 -9 12 -11 -12 -10 14 -14 16 17 19 24 -16 21 -15 23 -23 -17 -22 -13 -28 29 -29
right_child=1 7 3 4 5 -7 -8 8 9 10 11 26 13 20 15 18 -18 -19 -20 -21 25 22 -24 -25 -26 -27 27 28 -30 -31
leaf_value=-4.2402081207472833e-05 0.055392093198051343 -0.023287259607171918 0.11460901374641548 -0.08863470590007004 4.8141691843668619 -0.53160175893987927 -1.7467253049782343 0.3840055793729652 0.028628062703804663 -1.115600869179163 4.1198721756537759 -0.23949327391906894 -0.46792036363834422 -0.012891560591283444 1.6804378691231876 1.1454967799201861 3.9995689868927005 -0.57016601545599899 2.2728407043709473 0.48771755251883875 -0.97019300046174417 -1.1764015672501269 1.0065569909482166 -5.7100003736990468 -1.8129599960482849 3.2608637216298479 -0.21555344310738273 4.5267065155964632 0.13713434631441257 0.062505977153778078
leaf_weight=6940934 76336 159916 5238 40777 27 42 70 3298 69697 510 24 6453 724 739 418 118 41 410 425 1021 23 328 58 27 49 46 5664 52 8128 40
leaf_count=6940934 76336 159916 5238 40777 27 42 70 3298 69697 510 24 6453 724 739 418 118 41 410 425 1021 23 328 58 27 49 46 5664 52 8128 40
internal_value=0 0.00993248 -0.000475572 -0.0656184 -0.0886908 1.56022 -0.0914762 -0.00350704 0.028674 0.0163378 -0.0902644 -0.0645818 0.0463536 0.325417 0.56273 0.863371 0.598199 0.522777 1.70995 0.834178 -0.297699 -0.426368 -1.16622 -1.52121 0.277447 1.85051 -0.06952 0.00948014 0.16454 2.58575
internal_weight=0 334545 6.98709e+06 46154 40916 69 40847 258209 98293 94995 20871 20361 74124 4427 3206 2482 1890 1849 592 1439 1221 1152 413 355 167 69 20337 13884 8220 92
internal_count=7321633 334545 6987088 46154 40916 69 40847 258209 98293 94995 20871 20361 74124 4427 3206 2482 1890 1849 592 1439 1221 1152 413 355 167 69 20337 13884 8220 92
is_linear=0
shrinkage=0.1


Tree=281
num_leaves=31
num_cat=0
split_feature=12 4 21 13 26 14 26 1 1 0 3 1 2 0 9 13 18 14 8 14 26 25 12 21 14 11 21 18 12 18
split_gain=3428.63 13845.1 28680.1 20892 19781.5 27241.8 201753 56297.4 51076.7 41655.2 39733.7 34871.3 29458.7 30142 24488.3 17531.3 16275.7 58273.4 16132.2 16480.3 24751.6 23600.2 18980.5 18795 17787.5 62104 55028.2 86626.9 93604 76448.3
threshold=16.697500000000002 1.0000000180025095e-35 8.8124601451640547 1.7450000000000003 21.300000000000004 751.73500000000013 18.140000000000004 -22.499999999999996 -26.499999999999996 4.5000000000000009 9.6424795419193412 -25.499999999999996 26.500000000000004 3.5000000000000004 1.0000000180025095e-35 4.0150000000000006 147.99500000000003 751.73500000000013 185.50000000000003 78.445000000000007 2.3750000000000004 1.0000000180025095e-35 25.082500000000003 14.102594559223187 190.93000000000004 97.595652173913066 28.872821175412202 39.430000000000007 51.042500000000011 59.515000000000008
decision_type=2 2 2 2 2 2 2 2 2 2 2 2 2 2 2 2 2 2 2 2 2 2 2 2 2 2 2 2 2 2
left_child=-1 2 -2 4 5 14 7 8 10 -9 -7 -10 -13 -14 -4 -3 17 -6 19 20 -5 -21 -22 -23 25 -25 29 28 -28 -26
right_child=1 15 3 18 16 6 -8 9 11 -11 -12 12 13 -15 -16 -17 -18 -19 -20 21 22 23 -24 24 26 -27 27 -29 -30 -31
leaf_value=-0.00028587612679432586 0.58799647244140929 -0.16588151475487112 0.062242289537507503 -0.059413701696471623 -0.40722186724173925 1.4119158053398133 10.814469630420209 -6.2323660099506384 5.9689197778701786 -0.10948614501953124 -4.6825386005899183 3.1266738414764408 -2.3300230789184573 2.2755194593358925 0.34123242417053656 0.59143483292908694 0.20042965426204767 -4.9197439829508465 0.057598007966424794 0.66388256959102121 0.00092300390170582322 0.62963781580128664 0.24528796230452068 -0.094817032231448786 -0.2740758049910354 -0.71490536772374924 -0.22039785546249158 -0.26089406144724164 0.81692305868393156 0.31284691963783845
leaf_weight=7196048 895 6029 13966 13962 621 20 20 20 20 25 23 53 30 27 4061 322 392 30 33561 434 5876 372 6924 17157 9617 1783 1254 2366 2840 2885
leaf_count=7196048 895 6029 13966 13962 621 20 20 20 20 25 23 53 30 27 4061 322 392 30 33561 434 5876 372 6924 17157 9617 1783 1254 2366 2840 2885
internal_value=0 0.0163808 0.0240438 0.0197786 0.114936 0.139124 1.202 0.320119 1.13971 -2.83077 -1.84791 2.12793 1.42956 -0.14845 0.125091 -0.127485 -0.308637 -0.615172 0.0012258 -0.0276715 0.0326681 -0.0693892 0.133109 -0.077704 -0.0846464 -0.153192 -0.0161806 0.220806 0.49919 -0.138636
internal_weight=0 125585 119234 118339 19308 18265 238 218 173 45 43 130 110 57 18027 6351 1043 651 99031 65470 26762 38708 12800 38274 37902 18940 18962 6460 4094 12502
internal_count=7321633 125585 119234 118339 19308 18265 238 218 173 45 43 130 110 57 18027 6351 1043 651 99031 65470 26762 38708 12800 38274 37902 18940 18962 6460 4094 12502
is_linear=0
shrinkage=0.1


Tree=282
num_leaves=31
num_cat=0
split_feature=2 24 18 21 1 14 7 21 11 15 12 8 5 1 5 12 12 7 5 8 12 14 18 3 14 7 15 18 3 8
split_gain=3254.66 11838.2 55667.5 44281 98813.4 68584.9 39244.1 32360.8 48443.2 71964.3 56946.2 52777.3 77831 48358.8 39929.8 70159.5 38259.4 37688.2 32049.4 31835.6 52991.4 165369 57534.2 47221 61341.3 54402.9 32650.7 44561.3 39392.2 31135.6
threshold=26.500000000000004 400.00000000000006 13.735000000000001 16.460509296098724 -21.499999999999996 184.94000000000003 1919260.5000000002 16.460509296098724 3.1799595959595965 0.54181612620873632 1.2825000000000004 7427.5000000000009 1.0000000180025095e-35 -24.499999999999996 1.0000000180025095e-35 0.27250000000000008 0.57250000000000012 61423.000000000007 1.0000000180025095e-35 1073.5000000000002 1.0825000000000002 541.41500000000008 147.99500000000003 11.490710834915729 199.57000000000002 95472.500000000015 0.73608570633722203 31.650000000000002 9.1084879534754926 907.50000000000011
decision_type=2 2 2 2 2 2 2 2 2 2 2 2 2 2 2 2 2 2 2 2 2 2 2 2 2 2 2 2 2 2
left_child=1 3 -3 -1 5 -5 -6 8 -4 10 14 19 13 -13 15 -10 -16 -12 -8 29 21 26 23 24 -22 -25 27 -21 -28 -11
right_child=-2 2 7 4 6 -7 18 -9 9 11 17 12 -14 -15 16 -17 -18 -19 -20 20 22 -23 -24 25 -26 -27 28 -29 -30 -31
leaf_value=-0.00036861990947167434 -0.0016787049465165713 0.00042459622644388633 -0.0010786408572496648 0.17930464457534256 -0.32108952453359962 -1.985201625778898 5.97005983168079 0.034068978119561104 4.6776464979390839 0.20456620109768628 2.6302923033099912 5.2273482676347101 0.43673493857276463 1.6155287108470486 -0.10323906731805371 1.3600853063615608 1.2338590326347441 0.17282229986598852 1.4228600271286505 0.27028391385511386 -0.052366562328833959 8.9596980441700325 5.0858842354977414 5.2909730195999147 -0.88997570391141512 0.061694086695793661 -0.63553841053539484 1.6265343243207493 0.27992092308365024 0.83795376641008823
leaf_weight=2259614 4480955 470491 15204 225 40 419 31 64594 74 14191 65 60 489 97 343 460 569 1564 31 709 2004 22 21 20 1551 3781 596 368 2224 821
leaf_count=2259614 4480955 470491 15204 225 40 419 31 64594 74 14191 65 60 489 97 343 460 569 1564 31 709 2004 22 21 20 1551 3781 596 368 2224 821
internal_value=0 0.00264803 0.0153886 -0.000622935 -0.770937 -1.22897 2.12095 0.0794931 0.14436 0.217997 0.676326 0.16571 1.05869 2.99584 1.13308 1.81982 0.730981 0.27088 3.69646 0.143782 0.0169676 0.314129 -0.140898 -0.15582 -0.417804 0.0892094 0.265322 0.733701 0.0864409 0.239206
internal_weight=0 2.84068e+06 580318 2.26036e+06 746 644 102 109827 45233 30029 3075 26954 646 157 1446 534 912 1629 62 26308 11296 3919 7377 7356 3555 3801 3897 1077 2820 15012
internal_count=7321633 2840678 580318 2260360 746 644 102 109827 45233 30029 3075 26954 646 157 1446 534 912 1629 62 26308 11296 3919 7377 7356 3555 3801 3897 1077 2820 15012
is_linear=0
shrinkage=0.1


Tree=283
num_leaves=31
num_cat=0
split_feature=26 21 18 0 11 14 7 12 0 12 19 8 13 14 3 11 8 11 11 12 14 14 17 26 12 7 7 17 25 8
split_gain=4148.66 15430.9 21234.9 35201 37713.3 32583.4 50215.9 29587.2 20924.8 20498.7 18682.2 16563.5 19193.3 31641.5 33361.6 22959.7 22392.8 29787.9 41804.7 31815.3 26177.5 39725.6 20118.8 18209.5 17511 16927.8 16775.3 18290.7 16356.3 19299
threshold=10.205000000000002 14.222470423884381 147.99500000000003 8.5000000000000018 97.595652173913066 541.41500000000008 1919260.5000000002 2.0425000000000004 20.500000000000004 1.1225000000000003 1.0000000180025095e-35 8551.5000000000018 0.18500000000000003 286.27500000000003 11.616538561509044 24.628928571428577 165.50000000000003 33.912511961722494 24.628928571428577 1.9125000000000003 325.42000000000002 194.14000000000001 0.055000000000000007 17.025000000000002 1.2925000000000002 1619415.5000000002 1619415.5000000002 0.025000000000000005 3.5000000000000004 1322.5000000000002
decision_type=2 2 2 2 2 2 2 2 2 2 2 2 2 2 2 2 2 2 2 2 2 2 2 2 2 2 2 2 2 2
left_child=-1 2 5 28 7 10 -7 8 -5 -8 -2 12 13 15 23 26 20 18 19 24 21 -14 -23 -15 -18 -17 -12 -28 -4 -30
right_child=1 -3 3 4 -6 6 9 -9 -10 -11 11 -13 16 14 -16 25 17 -19 -20 -21 -22 22 -24 -25 -26 -27 27 -29 29 -31
leaf_value=0.0002406425010877243 -0.41058987054886631 -0.0067146152328969762 0.56974903058547244 -0.42928552845428736 3.907084704935551 -5.4391500690153674 -1.3938747248559629 -3.0226094374289882 2.7032885990738871 1.7394864467474129 -0.19993509920711175 -0.99498244529610036 -0.07963251932184498 -0.28349704134922765 4.2021012510572167 4.028865978240967 -0.36535690190239828 2.9502464752197266 -2.8485437625163312 0.38223172821799917 -1.9204562066151547 1.8912973774077242 -0.062392726971914891 1.9299349007472189 -1.1860815564354121 0.34888286352157594 0.067347147654014408 0.9785559956306028 4.0542894937554186 0.72467338420726646
leaf_weight=7247564 2093 65202 52 145 21 28 106 39 25 26 1439 186 1413 78 35 25 667 25 74 375 65 172 76 71 426 25 800 304 49 27
leaf_count=7247564 2093 65202 52 145 21 28 106 39 25 26 1439 186 1413 78 35 25 667 25 74 375 65 172 76 71 426 25 800 304 49 27
internal_value=0 -0.0235466 -0.147318 0.60714 -0.132596 -0.17906 -1.59263 -0.538497 0.0313871 -0.776698 -0.15197 -0.0654471 -0.0369638 0.156673 1.42384 0.0667551 -0.200259 -0.473939 -0.529455 -0.412552 0.0482103 0.12525 1.29259 0.771226 -0.685237 2.18887 0.0250303 0.31826 1.93635 2.8714
internal_weight=0 74069 8867 358 230 8509 160 209 170 132 8349 6256 6070 2777 184 2593 3293 1567 1542 1468 1726 1661 248 149 1093 50 2543 1104 128 76
internal_count=7321633 74069 8867 358 230 8509 160 209 170 132 8349 6256 6070 2777 184 2593 3293 1567 1542 1468 1726 1661 248 149 1093 50 2543 1104 128 76
is_linear=0
shrinkage=0.1


Tree=284
num_leaves=31
num_cat=0
split_feature=26 11 12 14 14 13 18 14 11 12 13 16 0 1 1 11 8 14 0 8 8 13 16 13 0 8 13 0 15 6
split_gain=3614.47 32471 33776.6 45878.7 31562.3 26865.2 32419.9 29168.5 38310.9 32007 35661.7 37687.6 48223.1 52883.6 60929.4 30604 82333.5 54395.1 53907.9 46953 60602.7 45531.3 54993.7 41101 51548.1 46982.2 36643.3 35659.9 28900.4 28473.8
threshold=5.535000000000001 28.835726227795195 6.4625000000000012 89.180000000000021 80.085000000000022 1.0050000000000001 147.99500000000003 127.95500000000001 3.649708646616542 3.7450000000000006 0.70500000000000007 0.15750000000000006 1.0000000180025095e-35 -23.499999999999996 -25.499999999999996 19.909737973662995 165.50000000000003 286.27500000000003 2.5000000000000004 1775.5000000000002 1697.5000000000002 0.68500000000000016 0.037500000000000012 0.67500000000000016 10.500000000000002 841.50000000000011 0.14500000000000005 16.500000000000004 1.6544514443044476 1.0000000180025095e-35
decision_type=2 2 2 2 2 2 2 2 2 2 2 2 2 2 2 2 2 2 2 2 2 2 2 2 2 2 2 2 2 2
left_child=-1 2 5 -4 -3 7 -7 8 -2 10 15 12 13 14 -12 19 17 28 -19 20 21 22 -9 24 25 -18 -21 -20 -17 -28
right_child=1 4 3 -5 -6 6 -8 9 -10 -11 11 -13 -14 -15 -16 16 23 18 27 26 -22 -23 -24 -25 -26 -27 29 -29 -30 -31
leaf_value=0.00034032082150804862 -0.061777444338293436 0.30964092723240366 -0.078007985746807951 -0.46150322303729574 0.032256838492720895 0.20124449404414421 3.3475771302526649 -0.41666436221197484 0.088225578729692888 1.7167042370002297 -0.72696970076788048 0.4326049689763769 -0.77910325438317818 -0.79541129114335041 6.0864294590268821 1.8140260369030399 2.6585245131879707 1.84385311126709 -5.9056801739193148 -0.091220117629334629 -1.4801328711073343 1.476111208939034 -0.033613044079803943 -3.0352172264685997 0.45281218320586297 0.24979685809877186 -0.1023135777228304 -1.3915827536582948 -0.37413292470875953 0.35038583365430703
leaf_weight=7153800 35124 4656 13137 4091 34481 4312 33 7103 33045 97 21 379 1850 57 35 67 263 20 42 12782 377 161 7935 26 655 117 2060 30 609 4268
leaf_count=7153800 35124 4656 13137 4091 34481 4312 33 7103 33045 97 21 379 1850 57 35 67 263 20 42 12782 377 161 7935 26 655 117 2060 30 609 4268
internal_value=0 -0.014506 -0.0387621 -0.169074 0.0652563 -0.0186217 0.225141 -0.0285089 0.0109367 -0.0975382 -0.102067 -0.480343 -0.656608 1.34885 3.5314 -0.0778053 0.320874 -0.467729 -2.74901 -0.0988277 -0.227699 -0.196633 -0.214542 0.891701 0.990348 1.91689 0.00621168 -4.02481 -0.157259 0.203015
internal_weight=0 167833 128696 17228 39137 111468 4345 107123 68169 38954 38857 2342 1963 113 56 36515 1829 768 92 34686 15576 15199 15038 1061 1035 380 19110 72 676 6328
internal_count=7321633 167833 128696 17228 39137 111468 4345 107123 68169 38954 38857 2342 1963 113 56 36515 1829 768 92 34686 15576 15199 15038 1061 1035 380 19110 72 676 6328
is_linear=0
shrinkage=0.1


Tree=285
num_leaves=31
num_cat=0
split_feature=15 12 21 18 14 15 11 18 17 1 7 25 8 3 12 26 26 1 3 16 19 16 14 1 25 2 1 2 18 26
split_gain=3691.72 10987.2 15618.6 29698.8 81126.8 80591.6 74310.3 75739.8 58026.8 55027.8 111177 204197 91331 62479.1 71255.7 68569.4 58454.2 49141.5 48161 47351.1 44607.5 59417.1 42557.5 100422 114929 76397.1 73942.5 42115.5 44973 53717.1
threshold=1.6544514443044476 13.195000000000002 12.066169858953876 64.200000000000017 248.75000000000003 1.9107239583333335 39.961155172413804 16.275000000000002 0.015000000000000001 -25.499999999999996 1919260.5000000002 3.5000000000000004 491.50000000000006 9.4373083938065125 1.3025000000000004 0.025000000000000005 17.025000000000002 -21.499999999999996 8.4036031081020148 0.60250000000000015 1.0000000180025095e-35 0.047500000000000007 246.57500000000002 -26.499999999999996 3.5000000000000004 26.500000000000004 -21.499999999999996 27.500000000000004 115.04000000000001 40.945000000000007
decision_type=2 2 2 2 2 2 2 2 2 2 2 2 2 2 2 2 2 2 2 2 2 2 2 2 2 2 2 2 2 2
left_child=-1 2 -2 4 22 -5 -6 -8 -9 13 17 16 -13 15 -15 -7 20 19 -17 -11 -12 -22 -4 -24 25 -25 -27 28 29 -14
right_child=1 -3 3 5 6 9 7 8 -10 10 11 12 27 14 -16 18 -18 -19 -20 -21 21 -23 23 24 -26 26 -28 -29 -30 -31
leaf_value=0.00049653005891971429 -0.0040277909238849094 0.016067747009253123 -0.062977588060048315 2.3310445869386927 -1.0176456569244074 6.45038306145441 -1.9272793899588034 5.7483193261282786 0.41009764114697361 0.40839029590815668 1.3402105785396001 2.6916113723096231 0.46037353846938872 -0.072354102542794771 -1.3829236702125751 -0.13661405340647598 0.88323926637912631 -0.8460637119196367 2.8136632439162996 -0.65706673107338665 2.8403603523340024 6.013243705034256 -1.755031668681365 0.65151794398272489 -0.9197352499689585 6.6069239755471543 -0.027332929202488494 -1.2032231191461555 3.0643002020228995 -1.7961734494686128
leaf_weight=6980325 154559 108834 68296 164 1685 21 147 21 671 1618 73 139 676 1079 674 239 116 669 72 562 142 101 91 54 81 84 21 239 55 125
leaf_count=6980325 154559 108834 68296 164 1685 21 147 21 671 1618 73 139 676 1079 674 239 116 669 72 562 142 101 91 54 81 84 21 239 55 125
internal_value=0 -0.0101549 -0.0224311 -0.0589376 -0.0779734 0.141301 -0.634767 0.134184 0.572096 0.0868892 0.283109 0.932023 0.276978 -0.338019 -0.576247 0.919853 2.80315 -0.096354 0.546408 0.133717 3.50792 4.15913 -0.0574954 1.07367 2.14621 3.70811 5.28007 -0.029537 0.298163 0.108228
internal_weight=0 341308 232474 77915 71151 6764 2524 839 692 6600 4515 1666 1234 2085 1753 332 432 2849 311 2180 316 243 68627 331 240 159 105 1095 856 801
internal_count=7321633 341308 232474 77915 71151 6764 2524 839 692 6600 4515 1666 1234 2085 1753 332 432 2849 311 2180 316 243 68627 331 240 159 105 1095 856 801
is_linear=0
shrinkage=0.1


Tree=286
num_leaves=31
num_cat=0
split_feature=26 8 3 8 2 1 0 26 21 0 3 1 15 18 1 14 14 0 18 13 14 7 7 26 18 0 1 12 14 14
split_gain=3711.06 17493.5 30428.4 23465.5 28458.3 28996.1 27310.8 31358.8 21205 20014.3 17821 33033 17455.4 24906.8 16570.5 38785.3 35298.1 15569.8 15197.1 13938.1 17902.3 20060.7 30453.9 34501.6 46973.1 29808.6 54366.5 51556.4 45149.5 41880.3
threshold=29.215000000000003 1179.5000000000002 9.31735420335872 1126.5000000000002 26.500000000000004 -21.499999999999996 17.500000000000004 53.555000000000007 20.361829940509359 1.0000000180025095e-35 9.0070026479175009 -22.499999999999996 0.77460743935659626 85.175000000000011 -26.499999999999996 366.89500000000004 366.89500000000004 16.500000000000004 108.36000000000001 118.00000000000001 108.26500000000001 1020841.5000000001 7687.5000000000009 33.435000000000009 115.04000000000001 17.500000000000004 -23.499999999999996 200.10000000000002 541.41500000000008 230.54500000000004
decision_type=2 2 2 2 2 2 2 2 2 2 2 2 2 2 2 2 2 2 2 2 2 2 2 2 2 2 2 2 2 2
left_child=-1 3 10 19 -5 6 -6 -8 9 -4 -3 -12 13 -11 15 -14 -16 -10 -18 20 -2 22 -22 24 -24 27 -27 28 29 -25
right_child=1 2 8 4 5 -7 7 -9 17 12 11 -13 14 -15 16 -17 18 -19 -20 -21 21 -23 23 25 -26 26 -28 -29 -30 -31
leaf_value=8.8105832767418227e-05 -0.34170487762053708 -0.018001739931578685 2.1675825838247937 -1.205387724004686 3.221877268857734 5.3454660588502882 2.0894152228896683 -2.0562024308575526 -1.9370038437556074 -0.016335190787459864 0.72210266313023785 5.1313642711866478 -0.42994144311491045 4.0119584484025834 -0.49195479881708271 3.6428227655092877 -1.0373478418046778 -0.033746059598593878 -3.4841254297892257 -0.32967852658796742 -1.2676537384277689 0.020119209416124578 0.15711577088647599 0.39506151282819374 -4.6121612876653675 -1.3228036189298018 2.659790048837662 4.6209226764738558 -2.878700315952301 2.5566476103198323
leaf_weight=7310437 1152 202 30 40 43 20 37 36 166 66 89 21 106 20 810 30 44 58 60 1302 84 6016 148 186 24 109 50 48 26 173
leaf_count=7310437 1152 202 30 40 43 20 37 36 166 66 89 21 106 20 810 30 44 58 60 1302 84 6016 148 186 24 109 50 48 26 173
internal_value=0 -0.0575288 -0.352753 -0.00460363 1.13932 1.82893 1.22264 0.045001 -0.553075 -0.381882 0.53971 1.56387 -0.44921 0.920477 -0.561394 0.468462 -0.714633 -1.4442 -2.44895 -0.0262102 0.0230807 0.0843035 0.539648 0.738357 -0.508365 1.10058 -0.0704157 1.53058 1.14529 1.43672
internal_weight=0 11196 1702 9494 176 136 116 73 1390 1166 312 110 1136 86 1050 136 914 224 104 9318 8016 6864 848 764 172 592 159 433 385 359
internal_count=7321633 11196 1702 9494 176 136 116 73 1390 1166 312 110 1136 86 1050 136 914 224 104 9318 8016 6864 848 764 172 592 159 433 385 359
is_linear=0
shrinkage=0.1


Tree=287
num_leaves=31
num_cat=0
split_feature=11 14 6 14 13 23 19 14 7 13 13 13 13 21 16 3 21 1 25 1 3 21 13 21 26 8 14 13 2 1
split_gain=3249.32 76625.7 29565.6 66047.4 85412.3 81150.4 73232.7 66414.2 65594.5 57525.3 49983.4 57884.5 80773.2 47734.2 58321.7 89304.6 48507.8 44376.5 63597.9 41447.6 55786.5 43792.3 41065.6 47342.7 112320 104079 38721.7 63318.7 78652.2 54284.3
threshold=97.595652173913066 158.11500000000004 1.0000000180025095e-35 300.30000000000007 65.455000000000013 748.00000000000011 1.0000000180025095e-35 541.41500000000008 30268.000000000004 6.4350000000000014 31.510000000000002 1.5050000000000001 1.4550000000000003 10.487127586999657 0.057500000000000016 12.953987588301315 23.266330780877443 -24.499999999999996 3.5000000000000004 -22.499999999999996 11.219925589086401 23.266330780877443 36.675000000000004 23.266330780877443 4.8950000000000005 9.5000000000000018 260.97500000000008 1.8250000000000004 27.500000000000004 -23.499999999999996
decision_type=2 2 2 2 2 2 2 2 2 2 2 2 2 2 2 2 2 2 2 2 2 2 2 2 2 2 2 2 2 2
left_child=-1 -2 3 4 6 10 19 -7 9 -8 11 12 -5 -13 17 -16 -17 -15 -19 20 -3 -21 -12 24 -24 -25 -10 -28 29 -29
right_child=1 2 -4 5 -6 7 8 -9 26 -11 22 13 -14 14 15 16 -18 18 -20 21 -22 -23 23 25 -26 -27 27 28 -30 -31
leaf_value=0.00012164656942287339 -0.86634661187242745 0.41529640055522715 0.087946059588791689 0.021839311019679824 0.36384374249319706 3.9744660441795094 -0.37348502278327944 -2.2775797616867792 -0.76070250941708517 5.4927281200885778 -3.0775787680756812 -0.43478626436787793 -4.9276935128604666 1.4135457972383318 1.455108753753745 1.56441406976609 7.4059406808831474 -1.0033667211012065 4.2252534402104525 -0.41126865104834237 -1.6340180127512689 -3.2316489538708746 -0.48469961737141465 -4.1564105578643433 6.5901375377879425 -0.18765379880779337 -1.027751305447175 -1.0696302939349642 5.0165466219186783 2.2461765652680969
leaf_weight=7297301 1064 189 14647 1090 934 89 32 21 1355 35 51 219 34 263 322 21 44 221 26 75 447 207 66 68 34 2337 195 104 48 94
leaf_count=7297301 1064 189 14647 1090 934 89 32 21 1355 35 51 219 34 263 322 21 44 221 26 75 447 207 66 68 34 2337 195 104 48 94
internal_value=0 -0.0364825 0.00146558 -0.145464 -0.463542 0.095396 -0.74142 2.78089 -0.3812 2.69095 0.033802 0.378651 -0.12788 0.888814 1.21197 2.13762 5.51868 0.509559 -0.452986 -1.47245 -1.02502 -2.48155 -0.268413 -0.211221 1.92075 -0.299868 -0.495807 0.318099 1.38493 0.504541
internal_weight=0 24332 23268 8621 3715 4906 2781 110 1863 67 4796 2240 1124 1116 897 387 65 510 247 918 636 282 2556 2505 100 2405 1796 441 246 198
internal_count=7321633 24332 23268 8621 3715 4906 2781 110 1863 67 4796 2240 1124 1116 897 387 65 510 247 918 636 282 2556 2505 100 2405 1796 441 246 198
is_linear=0
shrinkage=0.1


Tree=288
num_leaves=31
num_cat=0
split_feature=12 13 8 13 17 26 18 13 26 14 16 14 0 21 0 8 0 21 0 1 0 8 1 8 21 7 2 2 7 19
split_gain=3703.77 19383.5 17573.7 20844.6 20038.7 23549.3 28718.5 21145.6 18555.9 98723.4 31876.2 99904.7 29311.9 17762.3 56627.4 54181.5 29457.2 65589.6 220323 61287.1 28439.9 48126.8 23020.8 50409.3 25524.6 22329.8 20979.8 20038.7 52392.1 28223.9
threshold=200.10000000000002 70.780000000000015 28.500000000000004 58.57500000000001 7.8850000000000007 21.300000000000004 17.535000000000004 202.99500000000003 17.025000000000002 751.73500000000013 13.562500000000002 509.5750000000001 2.5000000000000004 32.102631101271896 5.5000000000000009 165.50000000000003 2.5000000000000004 24.488251813304284 1.5000000000000002 -24.499999999999996 19.500000000000004 165.50000000000003 -22.499999999999996 82.500000000000014 23.266330780877443 1919260.5000000002 26.500000000000004 26.500000000000004 1919260.5000000002 1.0000000180025095e-35
decision_type=2 2 2 2 2 2 2 2 2 2 2 2 2 2 2 2 2 2 2 2 2 2 2 2 2 2 2 2 2 2
left_child=1 -1 4 13 8 6 -6 -7 10 -10 -2 12 -12 16 15 26 17 19 -19 -4 21 -16 27 -24 -25 -26 -15 28 29 -18
right_child=2 -3 3 -5 5 7 -8 -9 9 -11 11 -13 -14 14 20 -17 22 18 -20 -21 -22 -23 23 24 25 -27 -28 -29 -30 -31
leaf_value=-4.2617959364642607e-05 -0.5103851468140852 0.22816084793913843 3.2658874246809222 -0.090068485387327923 -0.54688673902440954 -2.3036778807640075 3.5959882920438595 0.6447446131507556 -0.61392004733940342 -6.7594853023002885 -3.5447537573901089 6.7095341095557588 0.774163184599443 -0.84838104248046875 6.9703875223795579 1.2898941936592261 0.15920935017721993 -0.65808514005997609 12.569259906560184 -1.8499250579236159 0.8348970666716371 1.9475547967965785 -4.2274598717689518 1.1054936328491607 0.46722472875546189 -2.6729539273513687 -4.6544372177124025 0.68261698173691143 0.98203147465168539 -2.8119489809741145
leaf_weight=7310082 871 3724 36 5048 27 36 44 75 265 29 22 26 55 28 27 72 49 34 20 67 79 65 39 77 39 54 30 387 134 92
leaf_count=7310082 871 3724 36 5048 27 36 44 75 265 29 22 26 55 28 27 72 49 34 20 67 79 65 39 77 39 54 30 387 134 92
internal_value=0 7.35773e-05 -0.0687531 0.0026981 -0.38299 0.598247 2.02053 -0.311501 -0.52383 -1.22012 -0.313658 1.34993 -0.459813 0.355058 1.03067 -0.542426 0.157236 1.41807 4.24093 -0.0618741 2.2266 3.42165 -0.070033 -0.985003 -0.241146 -1.3561 -2.81703 0.218832 -0.433839 -1.77942
internal_weight=0 7.31381e+06 7827 6377 1450 182 71 111 1268 294 974 103 77 1329 301 130 1028 157 54 103 171 92 871 209 170 93 58 662 275 141
internal_count=7321633 7313806 7827 6377 1450 182 71 111 1268 294 974 103 77 1329 301 130 1028 157 54 103 171 92 871 209 170 93 58 662 275 141
is_linear=0
shrinkage=0.1


Tree=289
num_leaves=31
num_cat=0
split_feature=26 3 0 1 17 14 14 8 0 1 14 17 14 0 14 0 1 3 3 2 14 18 3 21 2 18 1 8 26 0
split_gain=3166.09 15924.1 22810.2 53565.6 263265 244049 78924.8 39565.8 49795.8 71224.3 63948.7 27876.1 47087.6 98085.3 37394.4 89051.7 33637.2 20270.8 19995.3 18649.1 20851.1 18119 18065.2 33984.4 43977.8 26239 22121.6 17708.1 21762.9 16576.2
threshold=29.215000000000003 11.653513862024502 9.5000000000000018 -21.499999999999996 6.8400000000000007 366.89500000000004 751.73500000000013 156.50000000000003 1.0000000180025095e-35 -23.499999999999996 325.42000000000002 2.8950000000000005 751.73500000000013 18.500000000000004 751.73500000000013 16.500000000000004 -22.499999999999996 12.098617176128096 14.098061660561662 26.500000000000004 541.41500000000008 70.430000000000021 9.6424795419193412 33.883288290323883 27.500000000000004 183.14000000000001 -24.499999999999996 1179.5000000000002 86.485000000000014 6.5000000000000009
decision_type=2 2 2 2 2 2 2 2 2 2 2 2 2 2 2 2 2 2 2 2 2 2 2 2 2 2 2 2 2 2
left_child=-1 22 3 4 6 17 7 18 9 10 -9 12 27 -14 16 -16 19 -5 -3 21 -21 -13 23 -2 25 26 -25 -4 -29 -10
right_child=1 2 11 5 -6 -7 -8 8 29 -11 -12 14 13 -15 15 -17 -18 -19 -20 20 -22 -23 -24 24 -26 -27 -28 28 -30 -31
leaf_value=8.1379917490550678e-05 0.055379934878956587 0.36793070561782332 0.11953780554855864 2.8156494701216963 9.003402862194422 -11.586702103614808 -4.403583306977243 2.7007393236513493 0.33797186644596544 -0.24109243634156885 10.161238200068475 0.26361500355932449 6.7908415067195893 -1.8890718457491502 -6.9403040392645483 1.4968491771004417 1.8035799038307421 -0.4132330577252275 -1.2859819376927157 -0.71410282717810736 1.6007540929986506 -2.3268963515758516 -0.36054042036573913 -3.9074415779113774 -5.2423881530761722 1.3421175119353503 -0.40176698618465001 -0.63113470098091162 1.9753343750448789 1.6494930061878581
leaf_weight=7310437 3238 167 3012 29 37 20 33 27 357 32 20 36 30 23 29 22 58 59 130 189 49 108 2629 30 26 41 45 554 34 132
leaf_count=7310437 3238 167 3012 29 37 20 33 27 357 32 20 36 30 23 29 22 58 59 130 189 49 108 2629 30 26 41 45 554 34 132
internal_value=0 -0.0531371 0.0752257 0.493224 0.736784 -1.61538 0.396177 0.57929 1.06834 3.39785 5.87542 -0.0299798 0.0651074 3.02409 -0.737421 -3.30075 -0.440308 0.650831 -0.356004 -0.781003 -0.237515 -1.67927 -0.163941 -0.011023 -1.5252 -0.692034 -1.80404 0.0215446 -0.480421 0.692002
internal_weight=0 11196 5187 1043 935 108 898 865 568 79 47 4144 3653 53 491 51 440 88 297 382 238 144 6009 3380 142 116 75 3600 588 489
internal_count=7321633 11196 5187 1043 935 108 898 865 568 79 47 4144 3653 53 491 51 440 88 297 382 238 144 6009 3380 142 116 75 3600 588 489
is_linear=0
shrinkage=0.1


Tree=290
num_leaves=31
num_cat=0
split_feature=1 13 3 0 0 14 16 12 26 0 8 0 3 21 2 3 0 2 14 0 0 15 13 18 1 8 10 0 13 15
split_gain=3157.77 15034.1 39930.1 63477.6 156223 89104.9 153758 45613.1 31651.7 30901.8 40253.8 39222 28304.1 27681.5 44710.6 36615.1 33396 30558.8 27004.6 28688.8 76139 79123.5 41600.6 33142.5 26542.1 64196.8 54633.1 41970.9 69004.6 40614.6
threshold=-22.499999999999996 42.675000000000004 12.982401349642306 1.0000000180025095e-35 2.5000000000000004 751.73500000000013 15.305000000000001 327.12750000000005 13.035000000000002 11.500000000000002 156.50000000000003 14.500000000000002 7.6179452201358808 32.102631101271896 26.500000000000004 13.398414878410049 9.5000000000000018 26.500000000000004 206.62500000000003 19.500000000000004 17.500000000000004 5.4919345238095243 100.53500000000001 46.900000000000013 -21.499999999999996 417.50000000000006 1.0000000180025095e-35 12.500000000000002 81.300000000000011 10.066381131341933
decision_type=2 2 2 2 2 2 2 2 2 2 2 2 2 2 2 2 2 2 2 2 2 2 2 2 2 2 2 2 2 2
left_child=-1 -2 12 7 -5 9 8 -4 -7 13 -11 -12 -3 17 15 -15 -16 -6 -14 20 24 -22 -21 -24 25 -20 -26 29 -29 -28
right_child=1 2 3 4 5 6 -8 -9 -10 10 11 -13 18 14 16 -17 -18 -19 19 22 21 -23 23 -25 26 -27 27 28 -30 -31
leaf_value=0.0012365457511185956 -0.0038897694505842526 -0.024239566796073538 -1.2966536197223162 7.7612954878807079 -1.4160221176660237 -2.3660680839889929 -10.450089411302047 -7.0182505434209652 1.8442392046634968 0.12101871806393878 -2.8566857627630236 -0.34970042428158854 -0.03384760712219783 7.6129644166855588 2.4554921532499381 2.0891420704977857 -2.7113129366527904 1.4511429734346344 0.79077890110838833 0.63336295828914013 7.8854863036762586 1.2705248391628265 -5.1557397530629085 0.25890130639076231 -0.68907550101855186 -2.9285879656953635 3.2555643348044705 6.9905304217949897 1.0418373468976756 0.70968625758375437
leaf_weight=5405311 1912385 833 38 25 68 57 22 22 26 832 100 166 382 21 29 28 22 82 373 151 33 40 26 20 99 53 87 39 39 224
leaf_count=5405311 1912385 833 38 25 68 57 22 22 26 832 100 166 382 21 29 28 22 82 373 151 33 40 26 20 99 53 87 39 39 224
internal_value=0 -0.00348789 0.191725 -0.20602 -0.0765789 -0.211436 -3.01731 -3.39457 -1.04718 0.00712282 -0.22134 -1.29218 0.44672 1.01053 2.29929 4.45649 0.226674 0.151361 0.697236 0.93311 1.15302 4.26085 -0.168697 -2.80155 0.904806 0.328041 1.40829 1.94207 4.01618 1.42188
internal_weight=0 1.91632e+06 3937 1538 1478 1453 105 60 83 1348 1098 266 2399 250 100 49 51 150 1566 1184 987 73 197 46 914 426 488 389 78 311
internal_count=7321633 1916322 3937 1538 1478 1453 105 60 83 1348 1098 266 2399 250 100 49 51 150 1566 1184 987 73 197 46 914 426 488 389 78 311
is_linear=0
shrinkage=0.1


Tree=291
num_leaves=31
num_cat=0
split_feature=11 14 13 6 18 18 13 8 0 12 26 3 3 8 14 15 2 18 7 14 10 14 0 3 3 3 2 1 0 26
split_gain=3152.08 62691.6 24591.1 23985.2 55298.2 86134.1 89804.2 75014.8 57439.1 52553 129636 49729.8 79297.6 58005.7 55683.7 80319.8 53441.3 107789 144753 65836.9 49015.2 52601.2 37634 37000.8 65717.9 51141.7 106270 152891 278251 624820
threshold=97.595652173913066 158.11500000000004 34.520000000000003 1.0000000180025095e-35 64.200000000000017 93.940000000000012 70.780000000000015 174.50000000000003 12.500000000000002 54.522500000000008 7.0550000000000006 11.134276547403468 11.296477300917887 60.500000000000007 751.73500000000013 10.066381131341933 26.500000000000004 40.985000000000007 1919260.5000000002 286.27500000000003 1.0000000180025095e-35 366.89500000000004 13.500000000000002 13.431424606424608 13.50310975965891 12.953987588301315 26.500000000000004 -21.499999999999996 10.500000000000002 26.060000000000006
decision_type=2 2 2 2 2 2 2 2 2 2 2 2 2 2 2 2 2 2 2 2 2 2 2 2 2 2 2 2 2 2
left_child=2 -2 -1 4 7 6 -6 9 -8 10 -3 20 -13 14 -14 22 17 19 -19 -15 21 -11 -16 25 -25 -5 27 28 29 -27
right_child=1 3 -4 23 5 -7 8 -9 -10 11 -12 12 13 16 15 -17 -18 18 -20 -21 -22 -23 -24 24 -26 26 -28 -29 -30 -31
leaf_value=-4.1521252260603558e-05 -0.78655986579824799 0.10973840957327236 0.2089964664894689 0.056740419470528228 0.84149674951596287 -0.013960698167918445 7.214716520309449 0.27508843531270555 2.0590543543404722 -0.6780549915804035 7.1014523818575102 -4.0980863397185869 -0.48590502941413433 -2.1999952425914153 2.5284559637308122 6.9567499999999995 -0.81223886162924652 -1.8523276102158333 7.0370649181879488 -5.4671408685048419 0.078270769041297511 -3.8654136492360025 -3.3450277775526049 3.089369208447982 0.29059081572190743 1.3708304179798474 -1.3099972239263662 -5.3368872186115812 -0.26746294760145245 22.010919576883317
leaf_weight=7291669 1064 310 5632 10063 352 1751 40 1758 47 314 29 74 1280 196 24 25 718 62 26 90 1443 62 20 86 3431 55 757 35 200 20
leaf_count=7291669 1064 310 5632 10063 352 1751 40 1758 47 314 29 74 1280 196 24 25 718 62 26 90 1443 62 20 86 3431 55 757 35 200 20
internal_value=0 -0.0359325 0.000119813 -0.00160775 -0.133947 0.300057 1.55255 -0.281741 4.42947 -0.491223 0.70785 -0.585013 -0.873092 -0.775325 -0.336736 2.43045 -1.31713 -2.28642 0.774084 -3.22812 -0.186707 -1.20363 -0.141309 0.0762849 0.359028 -0.0130601 -0.671357 0.888163 1.68044 6.87485
internal_weight=0 24332 7.2973e+06 23268 8621 2190 439 6431 87 4673 339 4334 2515 2441 1349 69 1092 374 88 286 1819 376 44 14647 3517 11130 1067 310 275 75
internal_count=7321633 24332 7297301 23268 8621 2190 439 6431 87 4673 339 4334 2515 2441 1349 69 1092 374 88 286 1819 376 44 14647 3517 11130 1067 310 275 75
is_linear=0
shrinkage=0.1


Tree=292
num_leaves=31
num_cat=0
split_feature=26 3 0 0 14 12 15 11 14 0 26 1 3 17 14 1 1 22 19 8 12 2 2 1 0 26 8 3 21 2
split_gain=3203.15 12513.7 15638.1 47410.4 320601 260775 39231.7 42957.2 31065.8 30278.9 54980.8 25893.8 49139.2 21236.2 37712 80644.2 28376.9 310247 76973.1 20487.2 44462.7 18488.4 18492.9 20301 18077.5 17276.6 16785.5 14598 27596.7 35520.7
threshold=29.215000000000003 11.653513862024502 9.5000000000000018 4.5000000000000009 751.73500000000013 327.12750000000005 6.8370836019772199 10.493977542540565 197.49500000000003 1.0000000180025095e-35 40.945000000000007 -25.499999999999996 12.925670233658204 2.8950000000000005 751.73500000000013 -23.499999999999996 -22.499999999999996 4.541972752559345 1.0000000180025095e-35 5.5000000000000009 200.10000000000002 26.500000000000004 27.500000000000004 -23.499999999999996 16.500000000000004 40.945000000000007 101.50000000000001 9.6424795419193412 33.883288290323883 27.500000000000004
decision_type=2 2 2 2 2 2 2 2 2 2 2 2 2 2 2 2 2 2 2 2 2 2 2 2 2 2 2 2 2 2
left_child=-1 27 3 4 6 11 7 -3 -9 10 -10 12 -5 14 -4 -16 18 -18 24 25 21 -21 23 26 -15 -20 -23 28 -2 -30
right_child=1 2 13 5 -6 -7 -8 8 9 -11 -12 -13 -14 16 15 -17 17 -19 19 20 -22 22 -24 -25 -26 -27 -28 -29 29 -31
leaf_value=8.1854809527712245e-05 0.045628203839233918 -0.50973020435174865 0.017241402428571345 4.5241779145208145 -9.6930887728026427 10.988999072405008 -0.25694680141393472 -1.3844383781606502 1.3512071748574577 1.7673831847580996 8.1200542211532589 -0.036223844262686648 0.12215554798021913 5.5867907150931977 -0.71119302908579518 7.1592653588108393 1.7018994953632356 -13.034877835512162 2.8668769474029543 -1.8289161725579022 -5.2718496749798458 -0.73875044400875389 -1.542736923221558 -1.6476466405391694 1.4760035967826843 -0.42510171695189042 2.311000490592698 -0.32840050286388456 -0.62990147692376175 -4.7193932074766893
leaf_weight=7310437 3238 89 3600 42 33 26 378 22 24 121 24 220 64 23 30 23 50 20 25 107 24 26 63 30 20 44 59 2629 116 26
leaf_count=7310437 3238 89 3600 42 33 26 378 22 24 121 24 220 64 23 30 23 50 20 25 107 24 26 63 30 20 44 59 2629 116 26
internal_value=0 -0.0534472 0.060343 0.406443 -0.0747581 1.35107 0.40762 1.30479 2.15029 2.61044 4.73563 0.582405 1.86635 -0.0267667 0.0562268 2.70429 -0.644231 -2.50861 -0.33424 -0.790294 -1.13818 -0.790085 -0.16562 0.588801 3.6748 0.767644 1.37814 -0.151671 -0.0142097 -1.37868
internal_weight=0 11196 5187 1043 691 352 658 280 191 169 48 326 106 4144 3653 53 491 70 421 378 309 285 178 115 43 69 85 6009 3380 142
internal_count=7321633 11196 5187 1043 691 352 658 280 191 169 48 326 106 4144 3653 53 491 70 421 378 309 285 178 115 43 69 85 6009 3380 142
is_linear=0
shrinkage=0.1


Tree=293
num_leaves=31
num_cat=0
split_feature=26 12 21 26 21 17 11 14 9 3 3 3 15 12 11 11 12 12 8 1 16 12 12 3 11 12 8 8 25 8
split_gain=3133.06 5409.56 4681.45 4559.11 18404.8 49711.2 57492.2 81790.6 142484 44161.2 43093.6 103132 35359.1 33449.9 46279.3 32774.3 28002.2 27675.5 38436.4 58742 33436.2 33008.9 31876.8 27660 27383.8 110261 126829 63131.3 54256.4 36654.8
threshold=0.015000000000000001 62.007500000000007 9.3395517139861202 0.03500000000000001 10.487127586999657 0.025000000000000005 18.720427927927933 79.945000000000007 1.0000000180025095e-35 7.4296365914786984 17.915118766182598 17.006891333559384 0.15449965706447191 1.3025000000000004 1.1016087439865143 14.572858851674644 1.5725000000000005 3.0825000000000005 116.50000000000001 -26.499999999999996 9.2425000000000015 2.9925000000000006 32.492500000000007 18.71285296143251 17.262942467089228 1.2625000000000004 238.50000000000003 116.50000000000001 3.5000000000000004 521.50000000000011
decision_type=2 2 2 2 2 2 2 2 2 2 2 2 2 2 2 2 2 2 2 2 2 2 2 2 2 2 2 2 2 2
left_child=1 2 -1 4 -2 13 7 -7 9 16 11 12 -11 14 -6 -14 -9 21 20 22 -19 -8 -20 -12 -16 27 -27 28 -26 -29
right_child=3 -3 -4 -5 5 6 17 8 -10 10 23 -13 15 -15 24 -17 -18 18 19 -21 -22 -23 -24 -25 25 26 -28 29 -30 -31
leaf_value=-0.0053122702785223623 0.0008613444774015985 -1.3721924311128157 -0.070379235898995751 -0.0015970356373565177 -0.026906723947318564 0.11708255943856441 -0.70996689358093212 1.0334832429841516 8.0064832448959358 4.4694822390874229 6.0711641907691956 -4.1912554761436249 0.46744618996650023 -0.01809014174570334 0.074172528462098528 2.0058557139709592 2.9166028594010633 -0.079822060152433899 6.7695947495712474 0.20665730861897136 -2.1611878657713532 -4.8699696636199956 2.1415081299841403 1.8406017128159018 -0.15795114934444429 1.77217401880967 10.198321060700851 1.0439540754144792 -2.2925538688167637 0.25207371348611968
leaf_weight=673972 2519574 29 11242 3803891 55376 3007 412 168 28 24 20 45 1557 129250 116933 152 149 951 22 187 84 20 46 68 537 95 22 733 153 2886
leaf_count=673972 2519574 29 11242 3803891 55376 3007 412 168 28 24 20 45 1557 129250 116933 152 149 951 22 187 84 20 46 68 537 95 22 733 153 2886
internal_value=0 -0.0064376 -0.00637979 0.000664717 0.00370213 0.0265752 0.291229 0.456573 0.918286 0.82737 0.641988 0.535076 0.657802 0.0205726 0.0488475 0.604274 1.91861 -0.209797 0.0221975 1.1219 -0.248745 -0.90256 3.63883 2.80209 0.0834142 0.327574 3.35658 0.245329 -0.631276 0.412463
internal_weight=0 685243 685214 6.63639e+06 2.8325e+06 312925 6940 5218 2211 2183 1866 1778 1733 305985 176735 1709 317 1722 1290 255 1035 432 68 88 121359 4426 117 4309 690 3619
internal_count=7321633 685243 685214 6636390 2832499 312925 6940 5218 2211 2183 1866 1778 1733 305985 176735 1709 317 1722 1290 255 1035 432 68 88 121359 4426 117 4309 690 3619
is_linear=0
shrinkage=0.1


Tree=294
num_leaves=31
num_cat=0
split_feature=14 8 6 13 14 14 13 12 13 14 13 12 15 14 13 12 14 4 17 13 26 14 10 17 0 0 14 1 2 12
split_gain=3369.94 10996.8 25536.6 40238.7 51105.6 29373 31470.4 26118.9 24055.5 38022.1 21687.4 26523.4 20194.7 16455.8 57446.8 44434.4 31572.5 51355.5 35483.1 17499.6 23125.8 17197.8 13517.4 14820.2 12887.3 12091.4 11809.1 15687.8 11609 10846.7
threshold=76.545000000000016 5.5000000000000009 1.0000000180025095e-35 20.675000000000004 541.41500000000008 139.87500000000003 6.7700000000000005 200.10000000000002 118.00000000000001 184.94000000000003 156.215 327.12750000000005 0.45365403753314187 206.09500000000003 19.365000000000006 200.10000000000002 300.30000000000007 1.0000000180025095e-35 0.03500000000000001 3.0550000000000002 5.6350000000000007 198.17000000000004 1.0000000180025095e-35 0.70500000000000007 1.5000000000000002 13.500000000000002 286.27500000000003 -24.499999999999996 27.500000000000004 51.042500000000011
decision_type=2 2 2 2 2 2 2 2 2 2 2 2 2 2 2 2 2 2 2 2 2 2 2 2 2 2 2 2 2 2
left_child=-1 2 10 5 8 29 7 12 9 -5 13 26 -7 21 16 -16 19 18 -18 20 -15 -2 23 -11 -24 -6 -12 -28 -14 -4
right_child=1 -3 3 4 25 6 -8 -9 -10 22 11 -13 28 14 15 -17 17 -19 -20 -21 -22 -23 24 -25 -26 -27 27 -29 -30 -31
leaf_value=0.0012980316224366296 -0.14806410714503884 -0.0038766736568668116 1.1884233988167947 -0.039095369571357813 1.9781256327262291 4.499345295517533 4.9854202632246354 -0.8717829569792136 -0.74013046026924023 1.549332309082935 0.96458123612637614 -1.6149640101652878 1.1583539300080803 -0.30836357577850948 -1.3733185960899426 -5.7424793503501199 7.1736579179763797 -1.186325257923454 1.2882264091855005 1.362376987583497 -3.1262427080245248 0.95092168360948559 -1.2314365993846548 4.7234639386336008 1.4656034249525804 5.2486352062225343 5.169435596466065 1.3482836176048627 3.1233386438143884 -0.063675483915192829
leaf_weight=5359657 1294 1958154 114 782 26 27 29 39 322 38 51 26 144 95 79 33 20 32 21 34 42 160 22 24 91 20 21 22 38 176
leaf_count=5359657 1294 1958154 114 782 26 27 29 39 322 38 51 26 144 95 79 33 20 32 21 34 42 160 22 24 91 20 21 22 38 176
internal_value=0 -0.00354592 0.165913 0.426981 0.125302 1.13196 1.86841 1.50392 0.00752266 0.259084 -0.090015 1.21187 1.94724 -0.176328 -0.785692 -2.66066 0.0749491 1.81594 4.15917 -0.66828 -1.17224 -0.0271303 1.59152 2.77803 0.940516 3.40009 1.99377 3.21443 1.56863 0.428529
internal_weight=0 1.96198e+06 3822 1892 1325 567 277 248 1279 957 1930 120 209 1810 356 112 244 73 41 171 137 1454 175 62 113 46 94 43 182 290
internal_count=7321633 1961976 3822 1892 1325 567 277 248 1279 957 1930 120 209 1810 356 112 244 73 41 171 137 1454 175 62 113 46 94 43 182 290
is_linear=0
shrinkage=0.1


Tree=295
num_leaves=31
num_cat=0
split_feature=14 12 13 8 23 13 26 0 12 6 3 3 3 16 13 1 18 11 21 13 3 1 7 19 11 8 25 16 1 18
split_gain=3106.76 26030.2 30098.3 17880.3 13804 13695 11600.6 35007.6 22986.3 22021.8 52210.9 115964 70204.5 55136.7 38538 59276.8 61413.6 59124.2 81435.1 55322.9 63074.7 52686.8 50769.4 57233.1 87087.2 80401.1 44936.2 47470.7 34296.2 80143
threshold=209.56500000000003 110.17000000000002 61.165000000000006 20.500000000000004 896.00000000000011 29.075000000000006 0.94500000000000006 21.500000000000004 0.17250000000000004 1.0000000180025095e-35 15.120877008208369 14.160271209001479 15.899565928180847 0.057500000000000016 0.88500000000000012 -26.499999999999996 33.140000000000008 28.835726227795195 25.921826227355329 0.62500000000000011 10.624032625189683 -24.499999999999996 20780.000000000004 1.0000000180025095e-35 24.628928571428577 6682.5000000000009 3.5000000000000004 0.027500000000000004 -24.499999999999996 183.14000000000001
decision_type=2 2 2 2 2 2 2 2 2 2 2 2 2 2 2 2 2 2 2 2 2 2 2 2 2 2 2 2 2 2
left_child=1 -1 5 -4 6 -3 9 -8 -9 -2 11 13 -12 14 19 16 -16 -17 -19 22 -21 -20 26 24 -24 -25 27 -11 29 -15
right_child=4 2 3 -5 -6 -7 7 8 -10 10 12 -13 -14 28 15 17 -18 18 21 20 -22 -23 23 25 -26 -27 -28 -29 -30 -31
leaf_value=0.00063547555719635756 -0.0067749861885326714 -0.18265257347250979 -0.30228935567061666 0.41975701729774473 -2.4064806769291565 -0.85418753448566642 -0.023911779487888588 -2.5630529352209788 -0.26849910411925026 2.3713861245897756 2.435683271245022 -1.1645121136631431 0.38699056930713122 -0.55273925600193974 0.077683433051081913 3.4183442523945935 2.1182049551513047 -5.8776265579760079 -0.61390814900564439 4.5528241959171023 0.73461377361211289 0.22471856070315607 -0.75900790616869929 0.38973447727238786 2.932975885868073 2.5437277332112029 0.35803068088388995 7.825218698978424 0.15808249217594184 1.9469778189860176
leaf_weight=6892354 357201 450 760 625 24 934 48867 44 5632 79 210 725 822 2253 348 46 256 25 1345 69 116 1691 732 3621 70 182 87 20 1909 136
leaf_count=6892354 357201 450 760 625 24 934 48867 44 5632 79 210 725 822 2253 348 46 256 25 1345 69 116 1691 732 3621 70 182 87 20 1909 136
internal_value=0 0.000512322 -0.30603 0.0235438 -0.0082824 -0.635842 -0.00814744 -0.0512157 -0.286286 -0.00183177 0.117943 0.0663107 0.803876 0.135032 0.279975 0.0360793 0.94254 -0.140137 -0.193613 0.461868 2.1587 -0.146807 0.396346 0.330923 -0.436765 0.492818 2.01609 3.47317 -0.157923 -0.410436
internal_weight=0 6.89512e+06 2769 1385 426510 1384 426486 54543 5676 371943 14742 13710 1032 12985 8687 3711 604 3107 3061 4976 185 3036 4791 4605 802 3803 186 99 4298 2389
internal_count=7321633 6895123 2769 1385 426510 1384 426486 54543 5676 371943 14742 13710 1032 12985 8687 3711 604 3107 3061 4976 185 3036 4791 4605 802 3803 186 99 4298 2389
is_linear=0
shrinkage=0.1


Tree=296
num_leaves=31
num_cat=0
split_feature=12 21 21 8 12 13 11 14 13 18 9 14 7 18 2 5 0 2 0 26 16 11 21 5 1 18 2 26 0 1
split_gain=3196.78 16905.5 15713.1 26305.9 17510.3 15192.5 14055.8 31309.1 22830.2 20087.3 17472.9 17416.6 64334.4 96931.1 85547.4 217419 80686.6 83870.9 205961 54466.9 50342.8 41811.5 37343.8 36932.5 32131.3 28277.7 95697.7 27219.2 37340.8 23695.4
threshold=3.0325000000000002 31.281939121279969 8.8124601451640547 4350.5000000000009 62.007500000000007 0.015000000000000001 8.5450406677791815 30.175000000000004 1.6050000000000002 22.120000000000005 1.0000000180025095e-35 286.27500000000003 1919260.5000000002 108.36000000000001 26.500000000000004 1.0000000180025095e-35 6.5000000000000009 27.500000000000004 15.500000000000002 21.300000000000004 0.37250000000000005 97.595652173913066 25.921826227355329 1.0000000180025095e-35 -24.499999999999996 70.430000000000021 26.500000000000004 1.9350000000000003 1.5000000000000002 -21.499999999999996
decision_type=2 2 2 2 2 2 2 2 2 2 2 2 2 2 2 2 2 2 2 2 2 2 2 2 2 2 2 2 2 2
left_child=1 -1 4 6 -2 -3 7 -4 10 -9 11 25 13 14 15 -13 27 21 -19 -20 -16 23 -23 -18 -22 -8 -27 29 -29 -14
right_child=2 5 3 -5 -6 -7 8 9 -10 -11 -12 12 16 -15 20 -17 17 18 19 -21 24 22 -24 -25 -26 26 -28 28 -30 -31
leaf_value=-4.0436956052321075e-05 0.065012359004385636 0.10098748451803603 0.0056581650863680296 -0.66944466239092104 -0.2801628491648569 -0.079495464735721666 0.03592170643961743 -0.16436800773314555 -0.0036765188731481945 0.87482496624901662 0.20190309424604808 10.938995735733599 -2.334600944080985 7.9486127813657124 1.8565009623765947 -2.0029097695350648 3.2590432570014203 10.476337415802069 2.4440662343685444 -2.7675756955968924 -0.52907510841334315 0.67920527939909503 -1.3459772973160469 0.17744534902794418 -5.1389411029361547 1.3438840274153085 -4.4006109163165092 2.0492148268681305 -1.0686571060850913 1.2306453727540516
leaf_weight=6952185 57796 5238 41032 587 1508 42559 30555 17547 161947 188 9119 27 166 24 74 25 71 29 65 29 54 174 191 86 21 58 58 52 147 21
leaf_count=6952185 57796 5238 41032 587 1508 42559 30555 17547 161947 188 9119 27 166 24 74 25 71 29 65 29 54 174 191 86 21 58 58 52 147 21
internal_value=0 -0.000447915 0.00974783 -0.000760704 0.0562351 -0.0597166 0.000738827 -0.0423287 0.013207 -0.153352 0.0798209 0.0449518 0.409934 1.94196 1.22474 4.71693 0.0755938 0.759955 3.10909 0.836219 0.00599498 0.206422 -0.380548 1.57103 -1.81984 0.0300055 -1.52836 -1.06796 -0.253937 -1.93423
internal_weight=0 6.99998e+06 321651 262347 59304 47797 261760 58767 202993 17735 41046 31927 1256 225 201 52 1031 645 123 94 149 522 365 157 75 30671 116 386 199 187
internal_count=7321633 6999982 321651 262347 59304 47797 261760 58767 202993 17735 41046 31927 1256 225 201 52 1031 645 123 94 149 522 365 157 75 30671 116 386 199 187
is_linear=0
shrinkage=0.1


Tree=297
num_leaves=31
num_cat=0
split_feature=17 26 15 11 14 26 8 21 15 2 11 16 18 7 11 3 21 16 15 5 14 21 18 5 8 11 0 25 8 26
split_gain=3238.22 11463.1 46283.6 39163.9 20379.5 37347.4 16118.2 15824.2 21566.5 14740.2 14423.5 14394.6 23106.2 30792.5 37894.1 23525.9 22529.7 42621.5 22367.4 21565.6 18422.3 22363 16593.3 20944.6 17467.3 14628.6 16699.1 14406.8 17326.5 40722.4
threshold=0.065000000000000016 1.7850000000000004 0.87996356696738387 6.5860176779742003 117.53500000000001 2.4150000000000005 2939.5000000000005 16.460509296098724 0.83444751237301384 26.500000000000004 2.2736362156527403 1.2425000000000004 24.990000000000006 1619415.5000000002 8.5450406677791815 11.755687085502389 14.222470423884381 0.22250000000000003 6.8370836019772199 1.0000000180025095e-35 184.94000000000003 18.944137109817394 70.430000000000021 1.0000000180025095e-35 270.50000000000006 21.984252873563221 10.500000000000002 3.5000000000000004 174.50000000000003 13.645000000000001
decision_type=2 2 2 2 2 2 2 2 2 2 2 2 2 2 2 2 2 2 2 2 2 2 2 2 2 2 2 2 2 2
left_child=-1 -2 3 10 -5 -6 11 8 -7 -8 -3 12 -4 15 19 25 22 -18 20 -15 -17 -22 23 -16 -25 -14 -27 28 -13 -30
right_child=1 2 6 4 5 7 9 -9 -10 -11 -12 27 13 14 16 18 17 -19 -20 -21 21 -23 -24 24 -26 26 -28 -29 29 -31
leaf_value=-0.00036580180587703065 -0.00055555031948590987 0.042656679220938326 0.053846683508767569 0.75576651045345855 -1.2706208184913352 3.000135516024184 0.90450303635813967 4.9673664953973562 -0.38585406666000688 -1.1051806257428411 0.45019297311723439 0.025540405799370409 0.05968754213695944 -1.1365899591396251 -0.58712829270146105 0.67856359223196339 -0.0067569438368082048 2.7166559879832413 -0.11187921243948502 0.89841048642992982 0.9503352684489752 3.8571016798416773 -1.3265194026912963 2.6479471681591793 0.79435721286763883 -0.39129917387935254 -2.462201053142548 -0.059718549721578799 0.1739486647203545 1.5080591712218916
leaf_weight=7106624 165395 1587 9420 311 27 87 44 27 24 214 1918 12037 816 120 66 242 80 204 228 92 59 48 35 78 146 176 50 19257 1962 259
leaf_count=7106624 165395 1587 9420 311 27 87 44 27 24 214 1918 12037 816 120 66 242 80 204 228 92 59 48 35 78 146 176 50 19257 1962 259
internal_value=0 0.0120907 0.0542488 0.381254 1.23237 2.13069 0.025721 2.79616 2.26803 -0.762444 0.265668 0.0302025 0.124885 0.399139 0.898 0.146165 1.29884 1.9495 0.658431 -0.253477 1.16167 2.25431 0.730269 0.978502 1.4398 -0.137499 -0.849463 -0.00330287 0.0728927 0.329525
internal_weight=0 215009 49614 3981 476 165 45633 138 111 258 3505 45375 11860 2440 821 1619 609 284 577 212 349 107 325 290 224 1042 226 33515 14258 2221
internal_count=7321633 215009 49614 3981 476 165 45633 138 111 258 3505 45375 11860 2440 821 1619 609 284 577 212 349 107 325 290 224 1042 226 33515 14258 2221
is_linear=0
shrinkage=0.1


Tree=298
num_leaves=31
num_cat=0
split_feature=8 12 5 11 15 2 1 18 11 19 3 21 3 1 0 26 11 26 14 0 1 3 0 26 11 14 14 11 1 2
split_gain=3182.92 13430 11324.6 63475.3 29506 25887.6 25803 25037.1 39212.3 325627 75139.6 51740.2 32017.6 31113.2 42996.1 25540.9 28367.5 23512.1 22502.6 19577.9 24881.2 19558.4 18607.2 16192.3 68816.8 25393.1 18270.2 17609.9 17602.5 27894.7
threshold=3715.5000000000005 1.2925000000000002 1.0000000180025095e-35 12.669509803921573 1.2395566996643994 27.500000000000004 -22.499999999999996 17.435000000000006 5.5540927108566409 1.0000000180025095e-35 9.7661048689138585 16.460509296098724 14.160271209001479 -22.499999999999996 15.500000000000002 1.8450000000000004 7.8744310015222867 12.735000000000001 248.75000000000003 2.5000000000000004 -24.499999999999996 12.899320999803189 15.500000000000002 10.955000000000002 7.2922110575007748 541.41500000000008 246.57500000000002 5.6372523284679694 -21.499999999999996 27.500000000000004
decision_type=2 2 2 2 2 2 2 2 2 2 2 2 2 2 2 2 2 2 2 2 2 2 2 2 2 2 2 2 2 2
left_child=-1 2 23 4 7 6 21 8 18 10 -10 12 -11 -13 -15 -9 -17 -6 -4 20 -18 -5 -23 -2 26 28 27 -25 29 -26
right_child=1 -3 3 5 17 -7 -8 15 9 11 -12 13 -14 14 -16 16 19 -19 -20 -21 -22 22 -24 24 25 -27 -28 -29 -30 -31
leaf_value=-0.0011905459622475803 0.0027712727376512578 0.032128031670557701 -0.011503064473538036 -0.25284714791154783 1.5710192407257497 -1.3617492331604844 -1.0447835743192613 0.061422448525969078 -1.4968581026598411 0.24587962843220812 0.74312674799490541 2.7426657270001513 2.2679249815936529 7.7915820230756481 2.7603065028335112 -0.22739545756499863 1.3877431451246656 0.042577383793317353 -0.58004176617199377 -1.5993579542683076 -1.8307129790143268 3.1605474799019948 0.27653785597893504 -0.072260634139326915 0.32714952914845513 3.912493193149567 -0.97667233602541725 1.5734537886939612 2.1066746036885151 2.231243758604919
leaf_weight=5521417 1548340 151663 83768 436 208 424 381 3343 522 116 210 140 241 35 33 7202 58 195 702 258 41 35 62 914 358 32 213 70 118 98
leaf_count=5521417 1548340 151663 83768 436 208 424 381 3343 522 116 210 140 241 35 33 7202 58 195 702 258 41 35 62 914 358 32 213 70 118 98
internal_value=0 0.00365151 0.00103173 -0.031863 -0.022434 -0.715935 -0.416345 -0.0259938 -0.00784941 0.537824 -0.854239 2.34135 1.6109 3.59504 5.34993 -0.168737 -0.270526 0.831451 -0.016228 -1.14063 0.0548472 0.0328765 1.31716 0.00312004 0.302625 1.17091 -0.136955 0.0448125 1.01806 0.736363
internal_weight=0 1.80022e+06 1.64855e+06 98410 97072 1338 914 96669 85767 1297 732 565 357 208 68 10902 7559 403 84470 357 99 533 97 1.55014e+06 1803 606 1197 984 574 456
internal_count=7321633 1800216 1648553 98410 97072 1338 914 96669 85767 1297 732 565 357 208 68 10902 7559 403 84470 357 99 533 97 1550143 1803 606 1197 984 574 456
is_linear=0
shrinkage=0.1


Tree=299
num_leaves=31
num_cat=0
split_feature=26 12 14 0 0 11 12 12 14 13 11 15 5 15 12 18 14 11 12 18 15 18 14 0 3 25 14 14 13 19
split_gain=2963.69 14086.8 26414.4 25189.2 20406 18422.6 17764.6 18559.8 28462.7 28456.1 26634.5 72046.8 49580.4 97474 39647.6 39350.6 37317.9 24991.3 24913.7 23508.6 23346.5 28441.1 22580.1 97139.2 28784.6 19899.9 19197 16642.1 16106.1 16043.8
threshold=10.205000000000002 0.41250000000000009 110.01500000000001 15.500000000000002 1.5000000000000002 13.744946153846156 41.440000000000005 10.165000000000001 210.87500000000003 0.51500000000000012 14.572858851674644 1.3456173533083648 1.0000000180025095e-35 1.2799144345238098 6.8675000000000006 12.755000000000001 260.97500000000008 15.247429966617927 1.4125000000000003 11.175000000000002 4.6414118639980719 70.430000000000021 541.41500000000008 4.5000000000000009 12.034534009442213 3.5000000000000004 325.42000000000002 127.95500000000001 2.0050000000000003 1.0000000180025095e-35
decision_type=2 2 2 2 2 2 2 2 2 2 2 2 2 2 2 2 2 2 2 2 2 2 2 2 2 2 2 2 2 2
left_child=-1 2 -2 4 5 -4 7 9 -9 29 -11 12 13 15 18 16 -12 -17 19 -13 21 -21 -20 -24 -25 -10 -14 -5 -19 -3
right_child=1 6 3 27 -6 -7 -8 8 25 10 11 14 26 -15 -16 17 -18 28 22 20 -22 -23 23 24 -26 -27 -28 -29 -30 -31
leaf_value=0.00020339242739636531 -0.091924812321434388 -0.22274068575453485 0.039507612747352899 0.67561150747333654 0.66610181347231501 -2.5065425634384155 0.059810296884496329 -0.15119292829471809 -2.3880338149912217 -0.046804661117936609 0.93887894455208842 -1.6990966990044933 0.36716666498945821 7.3917727984984722 3.5566488006535701 4.876494325796763 -3.3410231060451938 1.4842971341857494 0.064671652641312041 1.0740167557967757 0.23249285685617013 4.3339078781933624 3.7565736564722929 -6.9300225648013027 -2.0152589678764343 -0.64464630402493894 -3.1987815201282501 -0.21864901974044348 4.4082854679652623 -0.045490468107209969
leaf_weight=7247564 2983 6486 254 263 1740 32 15771 9518 85 5972 83 41 36 30 34 30 27 183 4307 347 407 29 22 22 26 285 26 997 21 24012
leaf_count=7247564 2983 6486 254 263 1740 32 15771 9518 85 5972 83 41 36 30 34 30 27 183 4307 347 407 29 22 22 26 285 26 997 21 24012
internal_value=0 -0.0199017 0.123516 0.319092 0.537435 -0.245365 -0.0331626 -0.0613445 -0.184644 -0.0324133 0.100583 0.255793 1.49087 1.92505 0.152929 1.4483 -0.111642 2.1816 0.130678 0.635108 0.757333 1.32544 0.0357158 -1.74589 -4.26786 -1.04515 -1.12823 -0.0319899 1.7853 -0.0831862
internal_weight=0 74069 6269 3286 2026 286 67800 52029 9888 42141 11643 5671 436 374 5235 344 110 234 5201 824 783 376 4377 70 48 370 62 1260 204 30498
internal_count=7321633 74069 6269 3286 2026 286 67800 52029 9888 42141 11643 5671 436 374 5235 344 110 234 5201 824 783 376 4377 70 48 370 62 1260 204 30498
is_linear=0
shrinkage=0.1


Tree=300
num_leaves=31
num_cat=0
split_feature=12 21 11 2 11 8 18 8 1 26 18 8 3 11 14 2 18 1 14 2 26 8 13 1 13 8 0 14 17 26
split_gain=3025.42 12469.9 17819 53467.5 34318 69016.1 42837.5 76944.7 52510.7 31795.1 23928.3 23698.7 23149.7 22976.1 21322.9 17846.8 17349.3 17104.2 14511.5 28672 24482.8 22518.8 19759.8 18143 14030.2 14746.4 12969.2 12822.8 21701.7 11869
threshold=5.0025000000000004 31.281939121279969 56.445755494505498 26.500000000000004 21.984252873563221 76.500000000000014 49.685000000000009 841.50000000000011 -21.499999999999996 26.060000000000006 19.245000000000001 45.500000000000007 15.806564322658746 19.909737973662995 210.87500000000003 26.500000000000004 83.420000000000016 -22.499999999999996 104.98500000000001 27.500000000000004 0.025000000000000005 1528.5000000000002 0.31500000000000006 -21.499999999999996 0.015000000000000001 795.50000000000011 7.5000000000000009 199.94500000000002 0.025000000000000005 0.055000000000000007
decision_type=2 2 2 2 2 2 2 2 2 2 2 2 2 2 2 2 2 2 2 2 2 2 2 2 2 2 2 2 2 2
left_child=1 -1 4 16 6 11 10 15 9 -9 13 27 17 24 26 -8 -4 -5 -12 20 22 -21 23 -20 25 -3 -7 -6 -29 -13
right_child=-2 2 3 12 5 14 7 8 -10 -11 18 29 -14 -15 -16 -17 -18 -19 19 21 -22 -23 -24 -25 -26 -27 -28 28 -30 -31
leaf_value=3.4949831894021669e-06 0.010854975787623468 -0.07962298085109798 4.1092792053611911 -0.38646079500516262 -1.3397758818687278 1.2882873126438685 0.61591121004177973 6.0938405565917497 -1.0791965831409802 2.1624336361885073 -0.043373499543992659 -3.8860438664754238 1.0156399265609004 -1.8993185589710873 2.5553740933884024 -2.120537903904915 0.67384270032246907 -4.2943509009622387 0.92822399495308072 -0.88063980002462139 -0.79745531905681799 -3.4490714865215759 -1.2676770079826962 -1.5387322699322421 -0.04795345095242548 0.27338838391717823 -0.44528244111659759 -1.7675814719427203 2.6787323288295579 -1.9878618117741178
leaf_weight=7014846 248061 2000 49 24 188 63 52 48 22 36 697 48 44 66 43 44 21 21 242 81 646 59 69 34 50945 2898 137 21 23 105
leaf_count=7014846 248061 2000 49 24 188 63 52 48 22 36 697 48 44 66 43 44 21 21 242 81 646 59 69 34 50945 2898 137 21 23 105
internal_value=0 -0.00038067 -0.0462693 1.01093 -0.0491394 -0.784399 -0.04117 1.41254 3.2699 4.40895 -0.046256 -1.61725 -0.615374 -0.0346154 0.535142 -0.638295 3.07865 -2.21014 -0.402282 -0.623466 -0.434221 -1.96305 0.245923 0.624324 -0.0324115 0.129243 0.100792 -0.980113 0.556628 -2.58337
internal_weight=0 7.07357e+06 58726 159 58567 628 57939 202 106 84 57737 385 89 55909 243 96 70 45 1828 1131 991 140 345 276 55843 4898 200 232 44 153
internal_count=7321633 7073572 58726 159 58567 628 57939 202 106 84 57737 385 89 55909 243 96 70 45 1828 1131 991 140 345 276 55843 4898 200 232 44 153
is_linear=0
shrinkage=0.1


Tree=301
num_leaves=31
num_cat=0
split_feature=13 26 18 11 21 1 8 19 25 12 14 2 3 8 3 21 3 1 2 8 1 3 3 0 0 0 8 26 26 14
split_gain=2934.79 11323 17073 35115.2 50066.6 71722.7 61871.2 43975.2 62282.3 39670.1 37790.1 35431.7 73272.5 29454 19607.5 20357.9 33633 18947.7 33292 40460.7 18700.7 18107.1 16466.4 20681.7 24936.2 29780 28384.8 16463.4 16301 38543
threshold=0.095000000000000015 3.3750000000000004 35.705000000000005 18.720427927927933 14.222470423884381 -23.499999999999996 641.00000000000011 1.0000000180025095e-35 3.5000000000000004 0.77250000000000008 325.42000000000002 26.500000000000004 11.390359047066012 4544.0000000000009 13.212222028800179 31.281939121279969 7.0835724366271542 -21.499999999999996 26.500000000000004 1797.5000000000002 -21.499999999999996 10.545420446020598 8.6101518824518894 5.5000000000000009 14.500000000000002 21.500000000000004 723.50000000000011 14.195000000000002 29.215000000000003 203.35500000000005
decision_type=2 2 2 2 2 2 2 2 2 2 2 2 2 2 2 2 2 2 2 2 2 2 2 2 2 2 2 2 2 2
left_child=1 -1 28 9 6 10 -5 -7 17 14 22 -10 -13 -11 15 -4 -17 18 19 -9 -15 -22 -6 27 26 -26 -25 -24 -3 -30
right_child=-2 2 3 4 5 7 -8 8 11 13 -12 12 -14 20 -16 16 -18 -19 -20 -21 21 -23 23 24 25 -27 -28 -29 29 -31
leaf_value=-0.00065397771667786585 0.0030881808705792561 -0.021459153511973531 -0.26938641741674607 -1.4348307440280914 1.1989216336747632 -2.3277147537895613 4.4863453371326134 4.2109690354364675 -3.6276975765114745 -0.78804875229080507 -3.0462092819224513 -0.85446342518553142 5.5297233486175541 -0.3632285785871035 0.22587718157802239 3.9533992497126267 -0.86560667242322653 1.0581770793084175 5.8713882083588462 -1.1050153342160314 1.0487560107008271 -0.7390242972435096 2.3669126835284811 -0.77612420555669814 2.2820617296629484 -1.558004927635193 -3.9742399823908907 -0.24425390380952094 -0.025268673583080895 -4.8024559458096832
leaf_weight=5059449 2166655 87614 2361 25 64 28 60 41 21 1753 56 64 25 958 1617 30 28 31 47 22 207 78 33 64 36 46 49 90 57 24
leaf_count=5059449 2166655 87614 2361 25 64 28 60 41 21 1753 56 64 25 958 1617 30 28 31 47 22 207 78 33 64 36 46 49 90 57 24
internal_value=0 -0.00129797 -0.0354055 -0.176849 0.450066 0.178023 2.74482 1.43118 1.85049 -0.248349 -0.620217 0.0670525 0.938847 -0.524023 -0.0437098 -0.223917 1.62698 3.24183 3.85722 2.35459 -0.151669 0.559469 -0.264575 -0.559115 -1.19961 0.127878 -2.16292 0.456303 -0.0227701 -1.44073
internal_weight=0 5.15498e+06 95529 7834 802 717 85 279 251 7032 438 110 89 2996 4036 2419 58 141 110 63 1243 285 382 318 195 82 113 123 87695 81
internal_count=7321633 5154978 95529 7834 802 717 85 279 251 7032 438 110 89 2996 4036 2419 58 141 110 63 1243 285 382 318 195 82 113 123 87695 81
is_linear=0
shrinkage=0.1


Tree=302
num_leaves=31
num_cat=0
split_feature=15 26 26 26 11 12 8 3 6 14 15 5 17 14 6 18 26 26 21 21 0 11 11 14 13 12 11 8 15 8
split_gain=2993.22 12545.3 15059.8 11609.3 28901.9 33274.8 27595.9 23880.5 34533.6 22432.5 54910.6 36615.2 29392.3 26929.1 54953.2 21354.5 19077.5 18123.1 17820 18504.6 17522.4 16725.1 40070.6 27722.4 22484.9 16548.1 24784.4 21608.1 17191.8 88964.7
threshold=0.45365403753314187 33.435000000000009 23.575000000000003 1.0850000000000002 2.1207366268920831 1.2125000000000001 5260.5000000000009 15.036657886334611 1.0000000180025095e-35 248.75000000000003 0.41459200558213721 1.0000000180025095e-35 0.025000000000000005 222.31500000000003 1.0000000180025095e-35 18.685000000000006 5.4850000000000012 4.2650000000000006 24.488251813304284 10.487127586999657 17.500000000000004 5.137612136577407 7.2922110575007748 210.87500000000003 0.015000000000000001 0.31250000000000006 1.3225864105325325 6982.0000000000009 0.25548548518067404 4350.5000000000009
decision_type=2 2 2 2 2 2 2 2 2 2 2 2 2 2 2 2 2 2 2 2 2 2 2 2 2 2 2 2 2 2
left_child=1 2 3 -1 25 6 18 16 -9 13 11 15 -13 -7 -15 -11 -8 -17 19 -6 -10 -21 23 -23 -24 26 -5 28 29 -28
right_child=-2 -3 -4 4 5 9 7 8 20 10 -12 12 -14 14 -16 17 -18 -19 -20 21 -22 22 24 -25 -26 -27 27 -29 -30 -31
leaf_value=0.00046308837576535005 -0.0029391061434603186 2.1980039156400242 -1.3621475191763892 -0.012052032270001789 -0.11266066096712973 -0.020958911483449128 -0.017631915935416916 0.057401513517503215 3.352217604989006 0.24973423561224573 -4.2888772022433406 -0.12245057295350469 4.3440400352844826 -1.1622252490977909 3.490001589348239 -0.69971069915819983 -0.47078160812655706 -3.2474902150765907 -0.006835549062502895 0.18983021740337069 0.70680459411371332 0.55760185446635202 -1.2515051291267945 1.716128692447634 0.11145285352024921 -0.06288459572804378 0.18900833828829522 0.52394149541508539 0.029331826577812414 4.0903500549874066
leaf_weight=4788968 2351955 26 81 62434 1843 19523 5120 211 62 78 41 34 26 43 62 59 1135 53 5124 26256 42 1655 149 236 645 33009 6278 1194 15232 59
leaf_count=4788968 2351955 26 81 62434 1843 19523 5120 211 62 78 41 34 26 43 62 59 1135 53 5124 26256 42 1655 149 236 645 33009 6278 1194 15232 59
internal_value=0 0.00139096 0.00137947 0.0014017 0.0262903 0.0813507 0.131357 -0.0570742 0.792492 -0.0252904 -0.896848 -0.340556 1.81303 -0.0123689 1.5848 -1.02063 -0.0998581 -1.90536 0.165834 0.194575 2.28388 0.21414 0.451862 0.702188 -0.144316 -0.00277415 0.0205152 0.10984 0.0869168 0.225331
internal_weight=0 4.96968e+06 4.96965e+06 4.96957e+06 180603 62397 42478 6570 315 19919 291 250 60 19628 105 190 6255 112 35908 30784 104 28941 2685 1891 794 118206 85197 22763 21569 6337
internal_count=7321633 4969678 4969652 4969571 180603 62397 42478 6570 315 19919 291 250 60 19628 105 190 6255 112 35908 30784 104 28941 2685 1891 794 118206 85197 22763 21569 6337
is_linear=0
shrinkage=0.1


Tree=303
num_leaves=31
num_cat=0
split_feature=14 26 18 5 12 13 14 15 12 14 13 12 16 14 26 26 0 21 21 15 16 18 15 3 11 12 13 2 11 11
split_gain=2941.63 11635.2 8781.94 32115.7 49016.5 34566.9 32116.7 29536.2 25853.5 25166.3 26035.4 24744.3 24024.1 25780.2 22795.1 27458.3 22638.7 21739.5 60854.9 86594.5 59027.9 53885.7 68763.6 58509.5 52913 89802.9 51472.8 51094.7 92172 85444.6
threshold=50.005000000000003 13.035000000000002 11.645000000000001 1.0000000180025095e-35 327.12750000000005 118.00000000000001 541.41500000000008 0.93198297213622294 30.217500000000005 119.96000000000002 0.21500000000000002 54.522500000000008 0.012500000000000002 70.745000000000019 0.82500000000000007 1.1050000000000002 6.5000000000000009 10.487127586999657 16.460509296098724 0.55032776786310889 0.34250000000000008 16.585000000000004 0.20412828025087529 12.635419820140685 3.6974526504588554 0.97250000000000014 0.045000000000000005 27.500000000000004 10.493977542540565 9.2011025993237556
decision_type=2 2 2 2 2 2 2 2 2 2 2 2 2 2 2 2 2 2 2 2 2 2 2 2 2 2 2 2 2 2
left_child=1 -1 3 8 5 6 12 -6 -2 11 -11 -10 13 -5 -8 -16 -7 -4 19 20 21 22 23 -19 -21 -26 -27 29 -29 -23
right_child=2 -3 17 4 7 16 14 -9 9 10 -12 -13 -14 -15 15 -17 -18 18 -20 24 -22 27 -24 -25 25 26 -28 28 -30 -31
leaf_value=0.0016960456835066449 -0.0057047138620392275 -0.18959258339262586 -0.0030842825987854789 0.24146621919225036 -1.3942654842330564 3.4464338745389669 -2.7522383873527119 -5.7334797217732394 0.11092827490349061 1.3945138176391816 0.24550095322571061 -0.36483269515437666 -0.064948365243814019 1.8300295642201581 2.7775243441263839 -1.2962534709045521 0.67983974428748484 3.7874954914408074 -0.013381047873705844 -0.11551132267252905 3.1738180015893547 0.14988509602072139 0.32297628066516365 0.99312726853936051 0.27037353738879094 -0.32843148095756591 0.037184607312930884 -0.091255110965314037 -2.1830049505058144 1.4433304164222533
leaf_weight=4551258 1063229 3182 1314664 580 62 42 74 21 4471 204 5919 1447 100055 124 21 78 100 84 156099 18954 68 12772 11337 694 17361 4170 50270 3537 224 532
leaf_count=4551258 1063229 3182 1314664 580 62 42 74 21 4471 204 5919 1447 100055 124 21 78 100 84 156099 18954 68 12772 11337 694 17361 4170 50270 3537 224 532
internal_value=0 0.0015624 -0.00257151 -0.00912234 -0.0629911 -0.0609964 -0.0631899 -2.49214 -0.00405458 0.141653 0.283783 -0.00539922 -0.0608525 0.52127 -1.42454 -0.432119 1.49813 0.00227306 0.0277821 0.0813269 0.230963 0.224105 0.385387 1.29483 0.033103 0.0723342 0.00917911 0.109606 -0.215837 0.201607
internal_weight=0 4.55444e+06 2.76719e+06 1.17643e+06 101157 101074 100932 83 1.07527e+06 12041 6123 5918 100759 704 173 99 142 1.59077e+06 276102 120003 29248 29180 12115 778 90755 71801 54440 17065 3761 13304
internal_count=7321633 4554440 2767193 1176427 101157 101074 100932 83 1075270 12041 6123 5918 100759 704 173 99 142 1590766 276102 120003 29248 29180 12115 778 90755 71801 54440 17065 3761 13304
is_linear=0
shrinkage=0.1


Tree=304
num_leaves=31
num_cat=0
split_feature=13 18 21 0 8 26 14 1 26 1 21 21 11 18 18 26 11 11 0 14 8 26 26 14 26 14 12 16 14 3
split_gain=3004.27 9887.14 30233.4 20435.4 13453.4 10520.9 16999.1 11272.8 8822.89 9687.8 8089.39 19182.7 23101.2 18570.1 25319.3 16932.9 15721.2 30879.6 24283.6 47822.3 22692.4 22306.5 26837 18554.8 35770.9 25092.4 25929.6 16398.4 14905.7 19774.7
threshold=0.015000000000000001 33.140000000000008 14.222470423884381 15.500000000000002 657.50000000000011 0.40500000000000008 286.27500000000003 -25.499999999999996 3.0450000000000004 -24.499999999999996 14.102594559223187 18.944137109817394 9.6443558052434479 23.015000000000004 25.605000000000004 10.775 3.8964686975323821 4.2298520096684191 12.500000000000002 147.21000000000001 521.50000000000011 12.235000000000001 2.6350000000000002 214.71500000000003 2.3350000000000004 150.04000000000005 0.20250000000000004 0.047500000000000007 32.845000000000006 4.0350864893115279
decision_type=2 2 2 2 2 2 2 2 2 2 2 2 2 2 2 2 2 2 2 2 2 2 2 2 2 2 2 2 2 2
left_child=1 10 -3 4 8 7 -7 -5 9 -4 -1 12 13 28 15 -15 -13 20 19 -19 -18 22 -21 25 -25 -20 -27 -22 -12 -30
right_child=-2 2 3 5 -6 6 -8 -9 -10 -11 11 16 -14 14 -16 -17 17 18 23 21 27 -23 -24 24 -26 26 -28 -29 29 -31
leaf_value=-9.6933886893986259e-05 0.0015782603561656965 -0.030602295634434801 1.5814502968237951 1.1071224921090264 -0.36737049217830159 -1.1202842175646532 -3.2661124728446786 -0.81497079174116471 2.5082655135276064 -1.2697984478690409 -0.01570695936068324 0.010375484615378664 -0.54942071554566396 1.5568504225450885 0.090206645307952638 -0.047901837257566034 -0.1471999816106761 0.17005944170495341 -0.068475737209000118 2.2773593313269207 0.75640025245751641 4.5775934197685935 0.29405852942291999 0.58894669154677737 -1.8413250162815438 3.6835622885647945 0.53699341008537693 1.9988763158971612 1.4840313975403949 -0.069762467136366718
leaf_weight=2361898 4555941 5097 26 35 358 261 43 238 28 22 219548 95725 849 237 933 91 232 2569 3635 134 544 22 139 99 156 34 114 132 82 72411
leaf_count=2361898 4555941 5097 26 35 358 261 43 238 28 22 219548 95725 849 237 933 91 232 2569 3635 134 544 22 139 99 156 34 114 132 82 72411
internal_value=0 -0.00259988 -0.129688 -0.629234 -0.110841 -1.01915 -1.42381 -0.568549 1.09755 0.274628 -0.00231858 -0.0155132 -0.0285431 -0.0270354 0.35589 1.11163 0.0215059 0.157928 0.0858067 0.30853 0.706149 1.5144 1.26755 -0.0721624 -0.897808 -0.0165083 1.25985 0.999014 -0.0286888 -0.0680049
internal_weight=0 2.76569e+06 6108 1011 434 577 304 273 76 48 2.75958e+06 397686 294151 293302 1261 328 103535 7810 6902 2864 908 295 273 4038 255 3783 148 676 292041 72493
internal_count=7321633 2765692 6108 1011 434 577 304 273 76 48 2759584 397686 294151 293302 1261 328 103535 7810 6902 2864 908 295 273 4038 255 3783 148 676 292041 72493
is_linear=0
shrinkage=0.1


Tree=305
num_leaves=31
num_cat=0
split_feature=26 8 8 8 2 1 3 0 1 21 21 16 11 0 8 26 8 14 0 1 0 1 11 1 2 19 12 12 13 15
split_gain=2940.14 12052.1 22658.4 15823 22914.4 24849.5 20083.4 20965.9 17643.7 14766.5 18447.1 21345.5 20531.9 17526.6 13261 12273.3 18708.6 13604.3 13555.7 14265.8 19264.7 18675.5 12539.6 11871 13772.4 21668.1 11021.1 17559.3 11485 25817.2
threshold=29.215000000000003 1179.5000000000002 1552.0000000000002 1126.5000000000002 26.500000000000004 -21.499999999999996 18.547854455874035 19.500000000000004 -23.499999999999996 25.921826227355329 14.222470423884381 0.027500000000000004 3.9604193944353523 17.500000000000004 1893.5000000000002 40.945000000000007 4587.5000000000009 405.02000000000004 1.5000000000000002 -21.499999999999996 11.500000000000002 -22.499999999999996 15.247429966617927 -23.499999999999996 26.500000000000004 1.0000000180025095e-35 0.52250000000000008 0.51250000000000007 0.54500000000000015 5.4919345238095243
decision_type=2 2 2 2 2 2 2 2 2 2 2 2 2 2 2 2 2 2 2 2 2 2 2 2 2 2 2 2 2 2
left_child=-1 3 23 26 -5 6 -6 -8 -9 10 12 -12 -4 -11 -14 16 -13 18 -17 20 22 -22 -20 -3 -25 -26 27 -2 -28 -30
right_child=1 2 9 4 5 -7 7 8 -10 13 11 15 14 -15 -16 17 -18 -19 19 -21 21 -23 -24 24 25 -27 28 -29 29 -31
leaf_value=7.8422355873902127e-05 0.24615379383550451 -1.4059037962797387 1.7126306329224563 -1.1718928977847101 2.6127584540325666 4.8062742662429816 2.2448623065948485 -3.3035671648771867 0.65762066407637165 -2.3610469598855293 -1.6745281165500856 1.2738975402678034 1.7601993846893311 1.0875851368904115 -0.88167030932871926 2.3507051785786945 -0.39459118436981039 2.2887142257690427 -0.65999882723155778 1.6866921014645522 0.68287265538390174 -1.5267614943431873 -2.73796830741649 1.1052791683649532 -2.2923933865889063 0.79068248208612202 -0.26159745737456763 2.4161951047182084 0.55824067430600099 -0.060423965040677347
leaf_weight=7310437 550 239 37 40 46 20 25 23 22 56 53 257 20 20 380 21 91 25 76 34 153 51 47 49 53 40 2031 40 761 5936
leaf_count=7310437 550 239 37 40 46 20 25 23 22 56 53 257 20 20 380 21 91 25 76 34 153 51 47 49 53 40 2031 40 761 5936
internal_value=0 -0.0512059 -0.29625 -0.00727657 0.932067 1.55088 0.989604 -0.0770405 -1.36699 -0.1003 -0.017694 0.265389 -0.541106 -1.45351 -0.749577 0.401569 0.837597 0.028748 -0.119156 -0.262832 -0.465534 0.130464 -1.45402 -0.975648 -0.251485 -0.966339 -0.0250191 0.393275 -0.0532951 0.00987674
internal_weight=0 11196 1702 9494 176 136 116 70 45 1321 1245 808 437 76 400 755 348 407 382 361 327 204 123 381 142 93 9318 590 8728 6697
internal_count=7321633 11196 1702 9494 176 136 116 70 45 1321 1245 808 437 76 400 755 348 407 382 361 327 204 123 381 142 93 9318 590 8728 6697
is_linear=0
shrinkage=0.1


Tree=306
num_leaves=31
num_cat=0
split_feature=18 21 12 11 15 10 11 14 1 18 21 11 14 14 1 15 14 15 14 3 0 2 14 17 12 1 11 1 1 0
split_gain=2915.32 14345 19326.1 29661.9 24014.1 21953.9 34251.3 50215.2 67962.8 28079.5 20195.7 29604.4 29439 32013.6 26562.9 63766.7 33036.2 22686.5 32784.4 23123.5 20617.5 20479.1 35175 18481 17290.6 16837.7 14877.3 80022.4 36305 30938.1
threshold=2.6250000000000004 7.5210234038549517 0.29250000000000009 0.53567859365101522 0.095341368914694066 1.0000000180025095e-35 15.247429966617927 158.11500000000004 -25.499999999999996 1.925 24.488251813304284 39.961155172413804 286.27500000000003 230.54500000000004 -22.499999999999996 0.066226371863901956 325.42000000000002 0.040730756100719266 158.11500000000004 6.8933563948253811 14.500000000000002 26.500000000000004 325.42000000000002 0.045000000000000005 3.0825000000000005 -24.499999999999996 17.262942467089228 -22.499999999999996 -23.499999999999996 20.500000000000004
decision_type=2 2 2 2 2 2 2 2 2 2 2 2 2 2 2 2 2 2 2 2 2 2 2 2 2 2 2 2 2 2
left_child=1 -1 3 -3 26 10 7 -7 -9 -10 11 12 13 -4 15 -14 -17 -13 -19 -20 -16 22 -21 -23 -12 -18 -5 28 -28 -30
right_child=-2 2 5 4 -6 6 -8 8 9 -11 24 17 14 -15 20 16 25 18 19 21 -22 23 -24 -25 -26 -27 27 -29 29 -31
leaf_value=0.0018203707353569674 0.0012326236544121152 -0.028745839208671593 -0.057427721910989528 0.092096915135790783 0.00095056060347440633 0.2364663546889948 -0.115926191675263 5.0193528995513921 2.2584379792590688 -0.26392545425891878 -0.040107564031177143 -0.1957865765290136 -5.6965065696022732 2.4006847003720844 2.993134828408559 -2.5233859797886442 -0.73220150679872753 -0.16217277716800926 -4.6574758789756086 -1.0369829770177603 -0.83499782681465151 -2.199207479517225 3.4812072118123378 0.11924443942744559 0.06382927070051074 2.0072692014075613 2.8300341157913209 -2.9872587035611735 0.33951651414374373 -3.4105172668512056
leaf_weight=1487322 5299472 165384 159518 51468 82175 3932 3172 50 79 100 39201 1357 33 53 24 70 57 336 22 96 34 213 21 41 27050 37 50 97 143 26
leaf_count=1487322 5299472 165384 159518 51468 82175 3932 3172 50 79 100 39201 1357 33 53 24 70 57 336 22 96 34 213 21 41 27050 37 50 97 143 26
internal_value=0 -0.00323033 -0.0172757 -0.000415345 0.0345611 -0.0387072 0.131605 0.320302 1.75979 0.849296 -0.044181 -0.063212 -0.0583269 -0.0566113 -1.13193 -1.68573 -0.87868 -0.4375 -0.887437 -1.50751 0.749057 -1.32072 -0.226026 -1.82497 0.0023294 0.346101 0.087897 -0.596155 0.462918 -0.237412
internal_weight=0 2.02216e+06 534839 299343 133959 235496 7333 4161 229 179 228163 161912 159826 159571 255 197 164 2086 729 393 58 371 117 254 66251 94 51784 316 219 169
internal_count=7321633 2022161 534839 299343 133959 235496 7333 4161 229 179 228163 161912 159826 159571 255 197 164 2086 729 393 58 371 117 254 66251 94 51784 316 219 169
is_linear=0
shrinkage=0.1


Tree=307
num_leaves=31
num_cat=0
split_feature=0 14 26 16 12 0 3 14 8 15 26 6 26 14 3 2 3 17 26 26 18 11 8 1 8 18 26 11 11 26
split_gain=2952.42 10646.6 19913.5 31479.5 31804.9 40636.7 26867.3 44819.9 41848 25907.2 30822.5 23626.8 55949.8 41606.6 41133.2 72849.7 54327.7 41161.9 32220.7 29697.1 34164.6 23257.6 22327.1 42182.7 34213.7 49456.6 58535.7 30026 43920.8 66716.3
threshold=4.5000000000000009 120.68500000000002 0.8650000000000001 0.077500000000000027 327.12750000000005 1.5000000000000002 8.9135687470008769 210.87500000000003 24.500000000000004 0.20069977081741788 3.0950000000000002 1.0000000180025095e-35 10.775 405.02000000000004 7.4296365914786984 26.500000000000004 6.554514610642646 0.025000000000000005 3.6950000000000007 2.1550000000000007 25.605000000000004 15.949366438356167 132.50000000000003 -26.499999999999996 270.50000000000006 93.940000000000012 23.575000000000003 33.912511961722494 18.720427927927933 40.945000000000007
decision_type=2 2 2 2 2 2 2 2 2 2 2 2 2 2 2 2 2 2 2 2 2 2 2 2 2 2 2 2 2 2
left_child=1 -1 -3 4 6 -6 7 9 -9 10 -4 12 19 -14 15 16 -13 21 -17 -10 -21 -16 23 -8 25 -24 -27 28 -26 -30
right_child=-2 2 3 -5 5 -7 22 8 11 -11 -12 14 13 -15 17 18 -18 -19 -20 20 -22 -23 24 -25 27 26 -28 -29 29 -31
leaf_value=0.00049791519695067726 0.0011009169232788101 -0.0095499994257809643 -0.018894330771373855 -0.0060828133861006769 -0.14123018264770509 -4.6488179816140072 1.1499866907085692 -2.2637629445522065 -0.090130366281628085 -0.21143304892199485 5.1210769057273868 1.2533882380811716 -0.57583726908266541 -3.638472412343611 -0.44445926211530867 3.3420888721942905 4.0637878594278289 3.650077102645751 0.082077420684671276 1.6330823946588464 0.045557217251869946 0.96220332866982572 0.22651348544584393 -1.4421038150681895 -0.27242605397828523 7.5311188703491583 0.92093143978634395 -1.0729182020407515 0.33794924949077798 5.5905010318756112
leaf_weight=1326966 5629575 315721 28 27312 45 36 77 62 640 5068 20 163 200 57 459 33 119 31 373 299 248 158 491 340 11858 21 37 432 739 25
leaf_count=1326966 5629575 315721 28 27312 45 36 77 62 640 5068 20 163 200 57 459 33 119 31 373 299 248 158 491 340 11858 21 37 432 739 25
internal_value=0 -0.00366281 -0.0187854 -0.0778448 -0.166696 -2.1446 -0.159406 -0.0126523 0.305758 -0.189533 2.12276 0.363064 0.0826496 -1.2551 0.666146 1.20465 2.43934 0.0944039 0.347054 0.372288 0.913327 -0.0842442 -0.242706 -0.963468 -0.220611 0.552725 3.31428 -0.253135 -0.225077 0.509826
internal_weight=0 1.69206e+06 365092 49371 22059 81 21978 7958 2842 5116 48 2780 1444 257 1336 688 282 648 406 1187 547 617 14020 417 13603 549 58 13054 12622 764
internal_count=7321633 1692058 365092 49371 22059 81 21978 7958 2842 5116 48 2780 1444 257 1336 688 282 648 406 1187 547 617 14020 417 13603 549 58 13054 12622 764
is_linear=0
shrinkage=0.1


Tree=308
num_leaves=31
num_cat=0
split_feature=0 21 3 14 1 13 14 26 13 1 16 14 22 14 7 18 1 18 0 14 26 14 13 1 21 3 8 15 3 14
split_gain=3110.08 13655.9 25826.8 43429.7 36815.6 41113.1 40353.3 40382.6 30614.2 29987 29647.8 25600.7 22096.5 19234.8 18947.3 18574.7 30754.2 34210.9 59142.8 77115.9 47871.7 32238.2 33134.5 49618.7 43967.8 31972.7 31336 28936.5 28935.9 27868.7
threshold=15.500000000000002 21.806458357887127 11.818782152230973 74.135000000000005 -23.499999999999996 128.35500000000005 230.54500000000004 23.575000000000003 118.00000000000001 -26.499999999999996 4.8850000000000007 470.11500000000007 4.541972752559345 216.98500000000004 20780.000000000004 15.765000000000002 -22.499999999999996 35.705000000000005 16.500000000000004 470.11500000000007 86.485000000000014 206.09500000000003 58.57500000000001 -26.499999999999996 36.995128987870253 11.134276547403468 40.500000000000007 0.15717495881383856 9.5221782918289488 127.95500000000001
decision_type=2 2 2 2 2 2 2 2 2 2 2 2 2 2 2 2 2 2 2 2 2 2 2 2 2 2 2 2 2 2
left_child=-1 -2 15 -4 5 8 13 14 12 -7 -11 -10 -5 -6 -8 -3 21 25 19 -19 26 -17 27 28 -25 -18 -20 -23 -24 -27
right_child=1 2 3 4 6 9 7 -9 11 10 -12 -13 -14 -15 -16 16 17 18 20 -21 -22 22 23 24 -26 29 -28 -29 -30 -31
leaf_value=0.0015595482869421372 -0.00099948323818520985 -0.0017094523502991976 -0.015085035696455194 -0.14491905023622548 -0.21995528335933648 -0.40207088331918461 0.7063593001938181 0.64900260323953662 0.39347509995102881 0.25628908841082682 2.4388345735303822 -2.6985720528496637 0.088153371530380845 1.4316862585101751 -0.90595781670945075 0.069905988544579606 -0.060395960503586602 -1.5370759955029403 3.2265426848245706 -8.2176498150825505 3.7936210291726251 4.3706724621000745 -0.19160410258919003 -0.25247185654614285 -4.3144072217600691 0.33960051955655218 -0.51798783764148693 0.64284762011304442 3.6445637104558011 2.3189321303525858
leaf_weight=4655816 2519586 28983 74505 14851 10234 111 76 202 40 104 155 81 5602 71 1779 3642 1354 127 23 20 28 21 32 552 28 192 789 2465 51 113
leaf_count=4655816 2519586 28983 74505 14851 10234 111 76 202 40 104 155 81 5602 71 1779 3642 1354 127 23 20 28 21 32 552 28 192 789 2465 51 113
internal_value=0 -0.00272373 -0.0324328 -0.0575207 -0.152448 -0.0716749 -0.289297 -0.693688 -0.0904638 0.973091 1.56245 -1.67641 -0.0810814 -0.208576 -0.839901 0.0379665 0.15982 -0.129386 -0.595565 -2.446 -0.271739 0.272504 0.50682 -0.121307 -0.448565 0.147961 -0.411924 0.674338 2.16556 1.07293
internal_weight=0 2.66582e+06 146231 107811 33306 20944 12362 2057 20574 370 259 121 20453 10305 1855 38420 9437 2646 987 147 840 6791 3149 663 580 1659 812 2486 83 305
internal_count=7321633 2665817 146231 107811 33306 20944 12362 2057 20574 370 259 121 20453 10305 1855 38420 9437 2646 987 147 840 6791 3149 663 580 1659 812 2486 83 305
is_linear=0
shrinkage=0.1


Tree=309
num_leaves=31
num_cat=0
split_feature=12 13 21 21 26 16 12 14 16 21 18 14 26 14 14 3 5 0 2 0 13 18 14 8 5 8 3 16 14 14
split_gain=3212.85 11468 15777.6 14239.7 17612.9 11950.2 12881 11723.7 10082.3 15979.1 19572.3 32947.8 17374.9 17241 14285.5 95619.9 57088.4 28269.8 68230.7 66115.6 13124.9 13076.4 20476 16995.2 16312 73432.7 41456 21809.4 19650 45372.9
threshold=5.0025000000000004 2.0550000000000002 0.65339723827636775 14.102594559223187 40.945000000000007 0.10250000000000002 200.10000000000002 751.73500000000013 3.2550000000000003 20.361829940509359 46.900000000000013 300.30000000000007 4.8050000000000006 751.73500000000013 751.73500000000013 11.755687085502389 1.0000000180025095e-35 3.5000000000000004 26.500000000000004 17.500000000000004 0.025000000000000005 17.890000000000004 751.73500000000013 140.50000000000003 1.0000000180025095e-35 536.50000000000011 13.102534418022531 1.7250000000000003 210.87500000000003 325.42000000000002
decision_type=2 2 2 2 2 2 2 2 2 2 2 2 2 2 2 2 2 2 2 2 2 2 2 2 2 2 2 2 2 2
left_child=-1 2 7 4 5 6 -3 -2 20 10 11 -10 -13 -12 -11 16 17 18 -16 -19 -4 23 24 -22 27 28 -27 -23 -26 -30
right_child=1 3 8 -5 -6 -7 -8 -9 9 14 13 12 -14 -15 15 -17 -18 19 -20 -21 21 22 -24 -25 25 26 -28 -29 29 -31
leaf_value=-0.00039228458917029237 -0.072835907451862164 0.33930473488690044 -0.016237687373677381 -0.0083375886856033848 3.0511384498505367 0.0066777147748942195 -1.8183519704001292 -1.3285212004979452 -0.15782504444877826 0.046558400492681812 -0.69304312012375213 0.64858552994935414 3.6556201017264165 -3.2104700712362928 1.0490570749555317 6.5498674466059761 3.7150038814544679 3.0441712466153232 -6.7560867826143909 -4.2423136258125309 0.13800515181267967 0.24623107012687276 -2.4156001045786102 0.0052689702879502613 0.50178788180992739 0.93677636362715733 4.2961291108131405 -0.3492261135546646 -1.2257821715919786 1.2330925348012345
leaf_weight=7073572 8627 2336 12148 165753 21 2732 28 75 3953 6490 292 46 33 30 21 26 30 33 24 20 21839 3824 29 17277 1163 72 75 733 216 115
leaf_count=7073572 8627 2336 12148 165753 21 2732 28 75 3953 6490 292 46 33 30 21 26 30 33 24 20 21839 3824 29 17277 1163 72 75 733 216 115
internal_value=0 0.0111862 0.0431762 -0.00326541 0.161036 0.149126 0.313749 -0.0836583 0.0592914 -0.0284314 -0.17733 -0.117414 1.90469 -0.927586 0.069146 1.02105 -0.101987 -1.27045 -3.11369 0.294554 0.0760727 0.100804 0.235398 0.0793774 0.247802 0.518144 2.65073 0.150451 0.308311 -0.37149
internal_weight=0 248061 77191 170870 5117 5096 2364 8702 68489 10998 4354 4032 79 322 6644 154 128 98 45 53 57491 45343 6227 39116 6198 1641 147 4557 1494 331
internal_count=7321633 248061 77191 170870 5117 5096 2364 8702 68489 10998 4354 4032 79 322 6644 154 128 98 45 53 57491 45343 6227 39116 6198 1641 147 4557 1494 331
is_linear=0
shrinkage=0.1


Tree=310
num_leaves=31
num_cat=0
split_feature=16 26 12 26 15 18 0 0 15 0 14 14 19 14 13 7 25 26 26 17 13 8 8 0 11 26 12 21 2 14
split_gain=2942.34 13655.9 29262.3 45687.3 31594.1 34518.7 26233 71250.8 19092.5 25761.6 25372.7 18447.7 44912 64499.4 52274.9 52125 45141.2 110318 109249 78847.1 44652.8 40451.7 51999.7 39324.5 37844.9 50659.7 99396.5 41931.6 38387.9 37676.6
threshold=0.21750000000000005 3.3750000000000004 327.12750000000005 10.775 6.8370836019772199 183.14000000000001 15.500000000000002 5.5000000000000009 10.066381131341933 1.0000000180025095e-35 200.01000000000002 199.94500000000002 1.0000000180025095e-35 325.42000000000002 0.37500000000000006 19197.000000000004 3.5000000000000004 17.025000000000002 19.960000000000004 0.025000000000000005 0.43500000000000005 65.500000000000014 216.50000000000003 21.500000000000004 97.595652173913066 21.300000000000004 141.31500000000003 25.921826227355329 26.500000000000004 198.17000000000004
decision_type=2 2 2 2 2 2 2 2 2 2 2 2 2 2 2 2 2 2 2 2 2 2 2 2 2 2 2 2 2 2
left_child=1 -1 8 -4 -5 -6 7 -7 11 -10 -11 29 13 21 -14 -15 24 -18 -19 -20 -16 -13 -23 -22 27 26 -26 -17 -29 -3
right_child=-2 2 3 4 5 6 -8 -9 9 10 -12 12 14 15 20 16 17 18 19 -21 23 22 -24 -25 25 -27 -28 28 -30 -31
leaf_value=8.5601707412345278e-05 0.006053223344895148 -0.021506392428754538 -5.7411195373535158 2.3865118503570559 -2.9418425398213524 -1.4903703162010682 -2.8518162078857423 4.8819495507649018 -1.888127972682317 -0.45191150454706269 1.0347805960091956 0.69138304175752585 0.048076384305776855 -2.1377215707176171 -2.1106923497434873 -2.4583263859152797 0.44791050977177094 9.786522470070766 4.9271605935096749 -1.2613091605050224 -0.17690572885057712 -1.2878269725082208 -0.38766369268095835 -1.1490313755789479 8.4701964044570932 -1.1396380339944086 0.86457449134256026 3.1197495335165195 -1.5348877305920059 0.33364600065794753
leaf_weight=6423645 723642 140363 20 28 70 47 25 28 42 152 469 297 17890 71 134 104 315 26 50 35 4758 739 4876 456 20 86 122 34 37 3052
leaf_count=6423645 723642 140363 20 28 70 47 25 28 42 152 469 297 17890 71 134 104 315 26 50 35 4758 739 4876 456 20 86 122 34 37 3052
internal_value=0 -0.000663894 -0.0282785 -1.18613 -0.726035 -1.23869 -0.0464822 0.888629 -0.0268289 0.508779 0.670888 -0.0288761 -0.100119 -0.325917 -0.0339281 0.462737 0.685454 1.40318 4.11407 2.37897 -0.308248 -0.445976 -0.506136 -0.261925 -0.0732312 0.775759 1.93579 -1.17934 0.694093 -0.0139484
internal_weight=0 6.59799e+06 174346 218 198 170 100 75 174128 663 621 173465 30050 6812 23238 900 829 426 111 85 5348 5912 5615 5214 403 228 142 175 71 143415
internal_count=7321633 6597991 174346 218 198 170 100 75 174128 663 621 173465 30050 6812 23238 900 829 426 111 85 5348 5912 5615 5214 403 228 142 175 71 143415
is_linear=0
shrinkage=0.1


Tree=311
num_leaves=31
num_cat=0
split_feature=21 22 25 15 14 14 15 16 14 2 3 13 16 21 26 13 11 21 13 14 15 14 5 15 18 12 14 18 11 14
split_gain=2900.19 40624.9 22550.9 22323.8 57643.4 42532.3 41032.2 47616 45392.8 38273.1 34453.2 28675.8 27499.1 28160.1 22530.7 21208 29645.3 21566.8 32955.7 53266 41709.4 43663.6 35114.4 34770.8 49892.4 27513.9 43556.6 27714.2 52266.1 43898
threshold=20.361829940509359 4.541972752559345 3.5000000000000004 0.74508547008547021 300.30000000000007 100.01000000000001 2.2697546549835712 0.027500000000000004 751.73500000000013 26.500000000000004 11.85353317890721 0.065000000000000016 0.022500000000000003 33.883288290323883 6.5250000000000012 0.96500000000000008 2.4991639575205902 26.415021400611611 0.28500000000000009 325.42000000000002 0.94303353658536593 71.435000000000016 1.0000000180025095e-35 1.9107239583333335 16.025000000000002 0.82250000000000012 139.87500000000003 9.8550000000000022 13.744946153846156 250.17500000000004
decision_type=2 2 2 2 2 2 2 2 2 2 2 2 2 2 2 2 2 2 2 2 2 2 2 2 2 2 2 2 2 2
left_child=-1 2 -2 4 -4 -5 7 -7 9 -8 -6 -11 -13 -14 -12 16 -3 18 20 23 21 -18 -21 24 -20 27 -27 -22 -29 -30
right_child=1 15 3 5 10 6 8 -9 -10 11 14 12 13 -15 -16 -17 17 -19 19 22 25 -23 -24 -25 -26 26 -28 28 29 -31
leaf_value=-0.00052984744405133591 -0.002895819663119685 0.027648927794785328 -0.046980642586324027 -0.024154568864367992 5.1917895188698404 -1.5277454928564289 -0.75446305374644673 -0.47351485627334899 -3.9444150863155247 -1.2824044997623163 0.60088873029165324 2.2696025505661965 0.10736721803828193 3.3045437301908223 3.9853882474203908 -0.013724378185944675 0.11902826138347707 0.060664406684831779 0.48394507891095506 5.1270523256063463 -0.49656156553098674 0.50167539573786535 0.82210215694374511 0.093569890891137875 1.8731239096439385 0.12502329058595343 -0.53335876909190416 0.1289929674440258 1.1450683214423949 5.7812191269614486
leaf_weight=6837067 288184 67657 27943 6054 26 551 657 1926 31 134 109 64 1709 28 24 39875 7805 23759 1583 40 618 4826 36 1763 309 1970 2051 4527 285 22
leaf_count=6837067 288184 67657 27943 6054 26 551 657 1926 31 134 109 64 1709 28 24 39875 7805 23759 1583 40 618 4826 36 1763 309 1970 2051 4527 285 22
internal_value=0 0.00747597 -0.0125816 -0.0836862 -0.036177 -0.203383 -0.416138 -0.708025 -0.140499 -0.0950047 1.86247 0.128904 0.23391 0.158905 1.21163 0.0492746 0.0706994 0.12943 0.192669 0.467575 0.146267 0.265228 3.08787 0.41309 0.710825 -0.0123525 -0.210799 0.134007 0.214622 1.4773
internal_weight=0 484566 327440 39256 28102 11154 5100 2477 2623 2592 159 1935 1801 1737 133 157126 117251 49594 25835 3731 22104 12631 76 3655 1892 9473 4021 5452 4834 307
internal_count=7321633 484566 327440 39256 28102 11154 5100 2477 2623 2592 159 1935 1801 1737 133 157126 117251 49594 25835 3731 22104 12631 76 3655 1892 9473 4021 5452 4834 307
is_linear=0
shrinkage=0.1


Tree=312
num_leaves=31
num_cat=0
split_feature=12 21 11 12 15 14 5 8 26 3 14 13 14 16 8 17 1 1 3 3 1 14 1 7 12 15 21 1 11 14
split_gain=2903.84 27134.5 31179.6 40742.2 47086.8 69539.8 33169.8 56565.7 56039.7 39009 37219.2 38147.8 47052.3 41343.9 35858.8 51254.9 35673.2 57744.6 36169.2 33612.8 37269.6 42735.7 43476 33502.8 64869.9 33264.7 64381.2 59403.6 32451.7 30310
threshold=1.0725000000000005 7.5210234038549517 5.6372523284679694 1.2425000000000004 0.3131944902730292 158.11500000000004 1.0000000180025095e-35 5341.5000000000009 2.7350000000000008 9.31735420335872 300.30000000000007 0.31500000000000006 199.94500000000002 0.48250000000000004 270.50000000000006 0.065000000000000016 -22.499999999999996 -21.499999999999996 12.899320999803189 9.1567940263018919 -24.499999999999996 210.87500000000003 -21.499999999999996 1919260.5000000002 1.2075000000000002 0.70977154413403343 25.921826227355329 -26.499999999999996 11.975994789405126 286.27500000000003
decision_type=2 2 2 2 2 2 2 2 2 2 2 2 2 2 2 2 2 2 2 2 2 2 2 2 2 2 2 2 2 2
left_child=-1 -2 29 4 5 -4 7 9 -9 19 11 28 -13 -14 -11 25 18 -18 -10 20 -6 -22 -23 -12 -25 26 -16 -27 -8 -3
right_child=1 2 3 -5 6 -7 10 8 16 14 23 12 13 -15 15 -17 17 -19 -20 -21 21 22 -24 24 -26 27 -28 -29 -30 -31
leaf_value=-0.0011001088260713125 0.012020951693525805 -0.042123944192660093 0.19944973850214942 -0.0031510862036933465 -0.38625644188914399 1.6451916707423972 0.04716499666388569 5.3283495208195282 1.2216561949396709 0.012169072966068357 -2.8392755991792029 0.11615662276272216 1.6790766070888212 -0.62794793592285869 0.74832694976971359 3.112366287010472 -2.4943128661105511 2.7128290162366984 4.7590180696759914 -3.1117899543709227 -0.19926370433193513 1.5232871381882227 -0.16101551038290685 -0.80648855031403599 4.6431923068088032 1.7737401536956665 3.6912170073488255 0.11471902386908571 -0.52651875413349625 -0.74118566766884364
leaf_weight=5609823 1183164 218363 957 294099 1476 510 2780 35 166 1378 73 1872 390 97 406 82 57 34 35 36 716 424 240 434 23 253 91 1469 1528 622
leaf_count=5609823 1183164 218363 957 294099 1476 510 2780 35 166 1378 73 1872 390 97 406 82 57 34 35 36 716 424 240 434 23 253 91 1469 1528 622
internal_value=0 0.0036052 -0.0152301 0.00519273 0.162879 0.702059 0.106761 0.263455 1.54714 0.199574 -0.0434233 0.0206948 0.343948 1.21957 0.415597 0.657199 1.09391 -0.548787 1.83761 -0.0752357 -0.0369598 0.336636 0.914503 -0.849981 -0.532216 0.566471 1.28717 0.358466 -0.156314 -0.0441095
internal_weight=0 1.71181e+06 528646 309661 15562 1467 14095 6898 327 6571 7197 6667 2359 487 3679 2301 292 91 201 2892 2856 1380 664 530 457 2219 497 1722 4308 218985
internal_count=7321633 1711810 528646 309661 15562 1467 14095 6898 327 6571 7197 6667 2359 487 3679 2301 292 91 201 2892 2856 1380 664 530 457 2219 497 1722 4308 218985
is_linear=0
shrinkage=0.1


Tree=313
num_leaves=31
num_cat=0
split_feature=21 22 18 15 13 14 3 8 14 3 16 3 11 1 13 26 14 8 14 14 18 2 21 1 26 17 15 8 12 11
split_gain=2810.94 32568.4 18512.3 22806.8 34324.8 40714.4 69008.6 48901.5 37531.7 32714.6 32686.3 32074.2 29825.2 34125.9 54249 58949.1 73880.3 38321.1 27487 33385.7 37633.4 26370.7 25783.8 35307.1 25503.7 41525.4 24964.8 24691.9 23811.3 40370.2
threshold=20.361829940509359 4.541972752559345 7.6550000000000011 3.4360934744268081 0.28500000000000009 150.04000000000005 3.2436894560357681 40.500000000000007 230.54500000000004 15.262784383016031 0.35250000000000004 15.445864539238036 28.835726227795195 -26.499999999999996 118.00000000000001 7.8250000000000011 541.41500000000008 89.500000000000014 90.00500000000001 80.085000000000022 15.295000000000002 26.500000000000004 27.676095370189646 -21.499999999999996 11.495000000000003 0.17500000000000002 2.758695826645265 95.500000000000014 0.82250000000000012 17.262942467089228
decision_type=2 2 2 2 2 2 2 2 2 2 2 2 2 2 2 2 2 2 2 2 2 2 2 2 2 2 2 2 2 2
left_child=-1 -2 -3 4 9 -6 7 -7 10 18 -8 21 -5 14 17 -16 -17 -14 19 -4 -21 -11 26 27 25 -10 -12 -24 29 -20
right_child=1 2 3 12 5 6 8 -9 24 11 22 -13 13 -15 15 16 -18 -19 28 20 -22 -23 23 -25 -26 -27 -28 -29 -30 -31
leaf_value=-0.00052163067974524157 -0.010598871620912484 0.0095291196348538665 0.084709544614432086 -0.11415719226082262 0.19630381781838657 0.55493549108505247 -0.15416312180292446 6.3508195039388298 -0.23572729434754025 -0.071512757625320167 2.2776833286535529 0.26527204918519387 -0.056754308139989273 0.034384045257708204 -1.0306794109344481 0.76472584152221679 8.0711927042853446 0.8074381699604859 -0.020766913848421345 0.074188537486923986 1.047862642228665 1.8593833582317931 3.2120991869767508 2.7261534572637913 2.0047432013533331 -4.5634541302919391 -0.0017614872291170317 0.24502684759568175 -0.33988081533579473 1.6826271884407558
leaf_weight=6837067 327440 76460 27843 12044 6043 24 223 37 291 101 280 4044 1043 11940 25 25 31 1010 10508 802 786 236 30 79 44 24 58 431 2523 141
leaf_count=6837067 327440 76460 27843 12044 6043 24 223 37 291 101 280 4044 1043 11940 25 25 31 1010 10508 802 786 236 30 79 44 24 58 431 2523 141
internal_value=0 0.00736004 0.0447852 0.078203 0.114996 0.312699 0.775144 4.07047 0.637463 0.0831677 0.926981 0.343381 0.00135968 0.100215 0.468545 3.00689 4.80938 0.368396 0.0564092 0.110145 0.55612 1.28069 1.20158 0.772844 -0.250448 -0.565459 1.88654 0.438112 -0.0636568 0.00178718
internal_weight=0 484566 157126 80666 54548 7564 1521 61 1460 46984 1101 4381 26118 14074 2134 81 56 2053 42603 29431 1588 337 878 540 359 315 338 461 13172 10649
internal_count=7321633 484566 157126 80666 54548 7564 1521 61 1460 46984 1101 4381 26118 14074 2134 81 56 2053 42603 29431 1588 337 878 540 359 315 338 461 13172 10649
is_linear=0
shrinkage=0.1


Tree=314
num_leaves=31
num_cat=0
split_feature=26 14 8 21 26 0 0 14 0 11 12 14 14 21 13 18 0 3 14 0 12 21 3 16 16 3 14 0 14 2
split_gain=3026.83 12004.2 13628.8 18651.9 19681.1 49859.6 50281.2 39564.2 71957.5 18172 29835 41160.6 34052.9 34162 34829.3 28239.1 20697.2 15392.6 15109.2 16864.1 14285.1 14185.9 20069.6 20293.9 17717.8 28121.3 36947.4 24195.2 22546.9 62694.9
threshold=10.205000000000002 30.005000000000006 45.500000000000007 31.281939121279969 86.485000000000014 13.500000000000002 1.5000000000000002 509.5750000000001 13.500000000000002 39.961155172413804 10.165000000000001 541.41500000000008 222.31500000000003 24.488251813304284 2.7350000000000008 13.735000000000001 17.500000000000004 5.0069444444444455 184.94000000000003 10.500000000000002 1.9125000000000003 14.78430661152403 7.2842413236481045 0.43250000000000011 18.355000000000004 16.929430331131382 751.73500000000013 18.500000000000004 541.41500000000008 26.500000000000004
decision_type=2 2 2 2 2 2 2 2 2 2 2 2 2 2 2 2 2 2 2 2 2 2 2 2 2 2 2 2 2 2
left_child=-1 -2 3 9 7 6 -6 -5 -9 -3 11 12 16 14 15 -14 18 -17 -11 -20 -15 22 23 -12 28 26 -26 -27 -23 -30
right_child=1 2 -4 4 5 -7 -8 8 -10 10 21 -13 13 20 -16 17 -18 -19 19 -21 -22 24 -24 -25 25 27 -28 -29 29 -31
leaf_value=0.00020554767054393845 -0.22555455273420449 0.02793047367369858 -0.030757992931956524 -0.14229203414897987 0.38749830506064675 -1.2091640490752003 7.2284417243230905 -7.1842438307675458 1.1035013866424561 1.2806736418270859 -2.1182439744472505 5.5146769976615913 1.0429044609978086 3.7684150115303376 2.2136621200520064 -5.1885458151499435 0.483383423398281 -2.0273334248121393 2.2533103270608872 5.3371799812316896 0.11417782306671143 0.44459603878772685 -0.46259870517419793 0.68044367348802115 -0.26525937647341646 4.2311852994172474 -4.6560030859708794 0.55096036822302263 6.4984066590018905 -0.2616465673727148
leaf_weight=7247564 2739 4501 60460 2450 22 39 21 22 20 87 28 20 21 23 23 24 116 43 61 25 20 1723 595 347 459 23 20 80 23 34
leaf_count=7247564 2739 4501 60460 2450 22 39 21 22 20 87 28 20 21 23 23 24 116 43 61 25 20 1723 595 347 459 23 20 80 23 34
internal_value=0 -0.0201126 -0.0122238 0.090865 -0.144302 1.38006 3.72842 -0.194462 -3.2377 0.16383 0.325012 1.07719 0.87685 -0.324209 -1.25122 -2.15681 1.51686 -3.15971 2.20983 3.14978 2.06877 0.220493 -0.101488 0.471475 0.352721 -0.126254 -0.448589 1.37276 0.509329 2.46609
internal_weight=0 74069 71330 10870 2574 82 43 2492 42 8296 3795 463 443 154 111 88 289 67 173 86 43 3332 970 375 2362 582 479 103 1780 57
internal_count=7321633 74069 71330 10870 2574 82 43 2492 42 8296 3795 463 443 154 111 88 289 67 173 86 43 3332 970 375 2362 582 479 103 1780 57
is_linear=0
shrinkage=0.1


Tree=315
num_leaves=31
num_cat=0
split_feature=26 8 21 8 0 21 16 11 26 13 8 12 13 14 14 1 16 15 18 0 14 11 2 1 1 2 14 14 0 8
split_gain=2948.55 9301.81 18156.5 16141.9 14292.8 14000 17877.3 15102.5 13502.7 18919.7 18138.9 12970.5 24396.8 22144.4 25504.3 27750.8 51054.8 32007.8 37933 29019.1 68166.2 24908.1 32832.8 59371.7 27267.7 21786.3 57066.5 19454.2 17731 29227.6
threshold=29.215000000000003 1179.5000000000002 20.361829940509359 1528.5000000000002 16.500000000000004 14.222470423884381 0.027500000000000004 3.9604193944353523 53.555000000000007 0.15500000000000003 2440.5000000000005 2.4425000000000003 0.095000000000000015 751.73500000000013 200.01000000000002 -22.499999999999996 0.59250000000000014 6.8370836019772199 70.430000000000021 1.0000000180025095e-35 325.42000000000002 33.912511961722494 27.500000000000004 -25.499999999999996 -23.499999999999996 26.500000000000004 260.97500000000008 286.27500000000003 15.500000000000002 604.50000000000011
decision_type=2 2 2 2 2 2 2 2 2 2 2 2 2 2 2 2 2 2 2 2 2 2 2 2 2 2 2 2 2 2
left_child=-1 11 3 -3 -4 7 -7 -5 -8 10 -10 13 -13 14 -2 16 19 28 -19 20 -16 25 24 -24 27 26 -21 -23 29 -17
right_child=1 2 4 5 -6 6 8 -9 9 -11 -12 12 -14 -15 15 17 -18 18 -20 21 -22 22 23 -25 -26 -27 -28 -29 -30 -31
leaf_value=7.8534388529922161e-05 -0.1143050562635714 -0.9304460320345781 -1.5076266848161572 1.5347101424996918 0.24916703720246591 -1.4919587711118303 0.69002814847296612 -0.56616757243462323 1.3672981919386449 -1.7338183127103315 -0.97956437531270479 -3.0487396082707816 -0.089905857038533474 -3.1008002417428155 0.12604817875794003 0.90979265335757864 2.0067907494824317 2.4002115736405059 -1.8816436228752136 -0.11952415559472157 7.1038799603780109 2.5385387102762862 0.4722904528340986 7.2648827054283842 3.5282292840572502 -0.38218658375048015 4.3316540870227316 -0.37294957248214028 1.1880980380718282 -1.3206799349596359
leaf_weight=7310437 1766 216 183 37 62 53 499 455 78 62 57 28 5870 21 42 118 236 24 150 119 21 27 31 22 26 534 38 153 151 117
leaf_count=7310437 1766 216 183 37 62 53 499 455 78 62 57 28 5870 21 42 118 236 24 150 119 21 27 31 22 26 534 38 153 151 117
internal_value=0 -0.0512791 -0.266556 -0.132622 -1.06305 0.00624143 0.278461 -0.408175 0.413278 -0.287729 0.376401 -0.0126862 -0.103953 0.137005 0.156024 0.419928 0.682187 -0.165005 -1.29104 0.373592 2.45199 0.235762 1.07213 3.29186 0.501035 -0.0777253 0.957831 0.0637737 0.342588 -0.200698
internal_weight=0 11196 1702 1457 245 1241 749 492 696 197 135 9494 5898 3596 3575 1809 1249 560 174 1013 63 950 259 53 206 691 157 180 386 235
internal_count=7321633 11196 1702 1457 245 1241 749 492 696 197 135 9494 5898 3596 3575 1809 1249 560 174 1013 63 950 259 53 206 691 157 180 386 235
is_linear=0
shrinkage=0.1


Tree=316
num_leaves=31
num_cat=0
split_feature=12 11 26 26 21 11 22 1 14 12 12 14 14 14 21 13 18 8 16 21 8 8 26 3 3 25 0 2 8 3
split_gain=2906.8 12160.9 28821.9 61462.2 39557 35779.6 30402.5 30218.8 118083 40975.2 47707.4 80621.4 44960.1 35984.2 45060 46081.7 45075.3 35961.5 34641.4 33392.4 37744.9 32915.5 32151.2 38155.4 27837.1 27471.7 32072.4 26805.4 25055.9 22720.6
threshold=2.9125000000000005 19.909737973662995 6.0750000000000011 3.6950000000000007 28.872821175412202 56.445755494505498 3.913104740650081 -25.499999999999996 751.73500000000013 2.1325000000000003 0.95250000000000012 751.73500000000013 366.89500000000004 260.97500000000008 20.361829940509359 0.14500000000000005 10.885000000000003 71.500000000000014 0.047500000000000007 25.921826227355329 238.50000000000003 116.50000000000001 9.2300000000000022 11.490710834915729 15.057112485504447 3.5000000000000004 1.5000000000000002 26.500000000000004 89.500000000000014 10.681127163868281
decision_type=2 2 2 2 2 2 2 2 2 2 2 2 2 2 2 2 2 2 2 2 2 2 2 2 2 2 2 2 2 2
left_child=1 -1 3 4 -3 6 -6 8 13 10 19 -12 -11 -4 17 -16 -17 -15 22 -9 -21 -18 23 -19 -8 27 -27 -24 -7 -22
right_child=-2 2 7 -5 5 28 24 9 -10 12 11 -13 -14 14 15 16 21 18 -20 20 29 -23 25 -25 -26 26 -28 -29 -30 -31
leaf_value=-3.6583807015345878e-05 0.0091059297293323276 -0.04442353461192796 0.20542134433922843 -0.80971364144914182 2.7606813526153569 -0.565174725561431 -1.7505284566862482 -0.79598345617840305 -6.4691393087650173 -0.18227145903527478 0.56969287986033323 6.2720384140014653 -4.5667518933614097 -3.647407948344946 -3.1043097362798804 -3.6789249601818272 3.1755050776434728 -0.97603808593749997 1.091085688977302 -0.76136776994321953 4.2287925210492361 0.5380901560399205 -4.1950162092223762 3.6346036221299856 -0.31077163049744239 2.1546291433274747 -1.4047671920196576 -0.65029598698019986 3.3316678741213046 1.0793243757765227
leaf_weight=6923627 334545 54272 1805 1097 20 33 355 462 29 917 3006 25 24 50 34 21 61 50 79 107 29 211 64 28 216 28 264 32 33 109
leaf_count=6923627 334545 54272 1805 1097 20 33 355 462 29 917 3006 25 24 50 34 21 61 50 79 107 29 211 64 28 216 28 264 32 33 109
internal_value=0 -0.000435996 -0.0440121 -0.0685622 -0.0537605 -0.825048 -1.07166 0.140984 -0.121701 0.295709 0.444186 0.616726 -0.294097 -0.0541997 -0.56246 0.380547 0.784933 -1.08072 -0.845242 -0.295515 0.648224 1.12957 -1.1735 0.679064 -1.20589 -1.54593 -1.06346 -3.01344 1.38325 1.74117
internal_weight=0 6.98709e+06 63461 56026 54929 657 591 7435 2756 4679 3738 3031 941 2727 922 327 293 595 545 707 245 272 466 78 571 388 292 96 66 138
internal_count=7321633 6987088 63461 56026 54929 657 591 7435 2756 4679 3738 3031 941 2727 922 327 293 595 545 707 245 272 466 78 571 388 292 96 66 138
is_linear=0
shrinkage=0.1


Tree=317
num_leaves=31
num_cat=0
split_feature=18 5 8 15 1 11 18 17 0 16 14 12 12 16 1 8 18 2 1 26 26 7 16 16 26 16 0 25 14 1
split_gain=2920.61 15962.5 44865.8 48972.5 55534.6 105723 58381.6 56509.4 39427.5 36321.7 33332.2 103772 82474.2 78038.9 40290.5 62354.6 43110.5 41866.9 35569.7 29928.7 26025.2 29722.7 24295.7 23953.8 55355.5 41727.1 47802.5 42905.6 34684.2 29434.4
threshold=59.515000000000008 1.0000000180025095e-35 4656.0000000000009 0.94303353658536593 -22.499999999999996 8.8865236985236997 64.200000000000017 0.025000000000000005 1.5000000000000002 0.027500000000000004 541.41500000000008 3.4650000000000003 327.12750000000005 0.027500000000000004 -26.499999999999996 390.50000000000006 147.99500000000003 27.500000000000004 -21.499999999999996 0.28500000000000009 10.205000000000002 1919260.5000000002 50.882500000000007 0.037500000000000012 2.6850000000000005 0.36250000000000004 5.5000000000000009 3.5000000000000004 405.02000000000004 -24.499999999999996
decision_type=2 2 2 2 2 2 2 2 2 2 2 2 2 2 2 2 2 2 2 2 2 2 2 2 2 2 2 2 2 2
left_child=-1 -2 3 4 6 19 -3 -8 22 -7 12 -12 23 -13 15 -15 20 18 -18 -6 -16 -22 -5 29 25 -25 28 -28 -27 -10
right_child=1 2 -4 8 5 9 7 -9 10 -11 11 13 -14 14 16 -17 17 -19 -20 -21 21 -23 -24 24 -26 26 27 -29 -30 -31
leaf_value=-0.00029553598755028296 0.0045963634146378224 -1.5835160998079927 -0.33529284694901795 0.87457367084340432 3.9341280871629714 0.46034107406934099 0.43857089685303952 3.440794154959665 -0.44063661407858201 4.7309918495324945 -4.3148324603465067 5.4041713759303098 3.6785570350060102 -0.62384731916733738 -5.1831261665924737 -5.7807288523876315 -0.55027308090123028 2.343240381330252 1.76163892319173 -0.18407194089889528 -3.8793409830331806 1.3404064933458963 -2.021893156369527 1.9038377089855765 0.07061870541531555 0.91402512499780364 0.59038307197433693 -1.7329572772557758 4.6754823782505133 0.21026742513184213
leaf_weight=7164757 145543 125 1766 835 20 24 536 71 1437 117 67 24 65 81 23 33 373 80 81 150 20 24 30 312 3208 66 268 113 39 1345
leaf_count=7164757 145543 125 1766 835 20 24 536 71 1437 117 67 24 65 81 23 33 373 80 81 150 20 24 30 312 3208 66 268 113 39 1345
internal_value=0 0.0134976 0.12781 0.213296 0.860093 1.97957 0.384468 0.789737 0.134154 4.00407 0.0618766 -0.546425 0.133421 -0.204769 -0.393041 -2.11663 -0.0661046 0.233895 -0.137795 0.300422 -2.45715 -1.03221 0.774118 0.0994733 0.256019 1.00133 0.421951 -0.0986916 2.31114 -0.125947
internal_weight=0 156876 11333 9567 1043 311 732 607 8524 141 7659 806 6853 739 715 114 601 534 454 170 67 44 865 6788 4006 798 486 381 105 2782
internal_count=7321633 156876 11333 9567 1043 311 732 607 8524 141 7659 806 6853 739 715 114 601 534 454 170 67 44 865 6788 4006 798 486 381 105 2782
is_linear=0
shrinkage=0.1


Tree=318
num_leaves=31
num_cat=0
split_feature=26 1 14 8 0 13 7 21 13 14 16 3 13 21 8 15 3 0 7 15 8 8 26 2 14 15 26 16 26 18
split_gain=3052.57 8635.95 47475.8 62782.5 43782.4 83489.6 34914 18260.8 18786.2 20824.1 29481 21569.5 19410.9 18540.2 23764 28215.1 22898.4 39039.2 16258 25809.9 15811.3 15078 14836.4 14120.8 13717 13631.2 12371.5 11539.6 15995.2 25418.3
threshold=29.215000000000003 -26.499999999999996 541.41500000000008 60.500000000000007 14.500000000000002 1.0950000000000004 1020841.5000000001 33.883288290323883 0.38500000000000006 196.70000000000002 11.520000000000001 10.31914662416691 0.15500000000000003 18.944137109817394 32.500000000000007 10.066381131341933 14.199578600219862 19.500000000000004 1619415.5000000002 1.1359032517061423 5126.0000000000009 156.50000000000003 53.555000000000007 27.500000000000004 216.98500000000004 2.758695826645265 53.555000000000007 50.882500000000007 86.485000000000014 115.04000000000001
decision_type=2 2 2 2 2 2 2 2 2 2 2 2 2 2 2 2 2 2 2 2 2 2 2 2 2 2 2 2 2 2
left_child=-1 2 7 -4 5 -5 -7 8 12 -10 11 -11 18 16 -15 24 23 -18 -2 -20 -3 -14 -22 -13 -16 -21 -27 28 29 -12
right_child=1 20 3 4 -6 6 -8 -9 9 10 27 13 21 14 15 -17 17 -19 19 25 22 -23 -24 -25 -26 26 -28 -29 -30 -31
leaf_value=7.9907681745205583e-05 -0.27083128706241649 -0.067303857531478078 3.3856331005096436 0.13139518847068152 0.34950862884521489 -2.8806011572480203 -7.3913476106282836 -1.5396924889817531 -0.025618501257176709 0.29197609591706891 -0.2132648968580857 0.41467387303709985 0.13093536496162414 5.6053335113525398 2.4225253752942355 -0.20061072461745322 1.7358515776120702 -3.3263381233215337 4.526594625200544 -0.98632344698364083 -0.62529554755972894 -1.6217146305753305 -3.2880172895348596 2.9393424366911254 5.4424619038899742 0.4350046942362914 3.4295128616419706 0.98409455637542576 1.757917757332325 -3.8901172233664472
leaf_weight=7310437 132 9297 25 48 55 32 37 49 294 107 103 32 88 25 53 34 39 25 21 33 232 111 23 72 21 37 22 98 28 23
leaf_count=7310437 132 9297 25 48 55 32 37 49 294 107 103 32 88 25 53 34 39 25 21 33 232 111 23 72 21 37 22 98 28 23
internal_value=0 -0.0521758 0.159524 -1.2969 -1.9775 -3.07139 -5.29941 0.357806 0.424313 0.674396 0.98622 1.51147 -0.113026 1.94498 2.82705 2.18393 1.24668 -0.241566 0.482876 1.36331 -0.0886115 -0.846673 -0.865463 2.16252 3.27953 0.641259 1.5516 0.135809 -0.404008 -0.884436
internal_weight=0 11196 1644 197 172 117 69 1447 1398 954 660 408 444 301 133 108 168 64 245 113 9552 199 255 104 74 92 59 252 154 126
internal_count=7321633 11196 1644 197 172 117 69 1447 1398 954 660 408 444 301 133 108 168 64 245 113 9552 199 255 104 74 92 59 252 154 126
is_linear=0
shrinkage=0.1


Tree=319
num_leaves=31
num_cat=0
split_feature=15 12 21 14 18 15 25 3 3 19 26 8 9 14 11 0 9 16 1 1 1 14 13 1 25 21 18 11 15 13
split_gain=2880.79 8037.08 15737.3 32523.9 131511 55426.6 162599 108217 171963 95706.5 75424.5 74770.1 74076.4 62322.5 83043 73642.9 41321.9 38166.1 75612.9 37988 36578.6 78319.5 65006.1 62974.4 52776 52246.2 46506.9 84187.6 146231 54454.3
threshold=1.0637109049602425 10.890000000000002 12.066169858953876 196.99000000000004 40.985000000000007 2.4855725623582772 3.5000000000000004 10.825949615444985 11.341787705766473 1.0000000180025095e-35 16.025000000000002 185.50000000000003 1.0000000180025095e-35 214.71500000000003 17.262942467089228 17.500000000000004 1.0000000180025095e-35 0.16750000000000004 -21.499999999999996 -26.499999999999996 -24.499999999999996 286.27500000000003 0.68500000000000016 -21.499999999999996 3.5000000000000004 14.222470423884381 23.925000000000004 39.961155172413804 2.2697546549835712 0.46500000000000002
decision_type=2 2 2 2 2 2 2 2 2 2 2 2 2 2 2 2 2 2 2 2 2 2 2 2 2 2 2 2 2 2
left_child=-1 2 -2 -4 20 6 10 11 9 -9 12 -8 -6 17 19 -16 -13 18 -10 -15 25 -22 24 -24 -23 -5 -27 29 -29 -28
right_child=1 -3 3 4 5 -7 7 8 13 -11 -12 16 -14 14 15 -17 -18 -19 -20 -21 21 22 23 -25 -26 26 27 28 -30 -31
leaf_value=0.00062199229822971092 -0.002161946104869326 0.016116278449638231 -0.018383749458006877 -1.3065764943884715 2.8870204244398963 -0.065178650360026333 3.1280049032635162 0.88639189438386401 0.17045795007645032 6.9258928511692934 0.12994927461234687 -1.0633976097630446 -1.1379908846873865 1.0148533712658618 6.806599466728442 0.073885404691100123 0.078568789046984444 2.7383894923077503 4.5834726259443492 -0.4555107266915025 -0.37977112756154663 -2.6612916406550831 -1.0005367801323826 3.126399822070681 -1.0328770661912861 -0.33973811422139227 0.36644933429367443 9.3672108325958252 1.1634722264865078 -0.71925289320982311
leaf_weight=6666178 402238 128333 101623 394 442 6138 54 44 283 65 191 907 51 216 33 32 487 142 45 942 5639 340 102 58 480 3748 1585 25 166 652
leaf_count=6666178 402238 128333 101623 394 442 6138 54 44 283 65 191 907 51 216 33 32 487 142 45 942 5639 340 102 58 480 3748 1585 25 166 652
internal_value=0 -0.00632585 -0.0117896 -0.0427993 -0.149466 0.122625 0.415646 0.120709 0.637975 4.48793 1.81703 -0.523015 2.47064 0.390104 0.0139815 3.49203 -0.664447 1.36882 0.775902 -0.181246 -0.357254 -0.523172 -1.34831 0.495478 -1.70807 -0.190098 -0.118872 0.22207 2.23726 0.0500086
internal_weight=0 655455 527122 124884 23261 10072 3934 3250 1802 109 684 1448 493 1693 1223 65 1394 470 328 1158 13189 6619 980 160 820 6570 6176 2428 191 2237
internal_count=7321633 655455 527122 124884 23261 10072 3934 3250 1802 109 684 1448 493 1693 1223 65 1394 470 328 1158 13189 6619 980 160 820 6570 6176 2428 191 2237
is_linear=0
shrinkage=0.1


end of trees

feature_importances:
max_win_bid_device=1390
median_win_bid_device=719
popularity_of_device=711
hour=645
mean_win_bid_c1=616
sentPrice=612
min_win_bid_device=569
max_sent_price_device=551
mean_win_bid_device=537
mean_hour_device=532
day_of_week=514
mean_sent_price_device=466
median_sent_price_device=357
week_of_year=337
popularity_of_brand=178
is_interstitial=146
min_sent_price_device=146
is_rewarded=117
is_WIFI=90
mediation_minor=85
is_banner=76
is_US=65
size_height=49
mean_win_bid_c3=32
is_apple=24
is_3G=22
size_width=14

parameters:
[boosting: gbdt]
[objective: regression]
[metric: rmse]
[tree_learner: serial]
[device_type: cpu]
[data: ]
[valid: ]
[num_iterations: 320]
[learning_rate: 0.1]
[num_leaves: 31]
[num_threads: -1]
[deterministic: 0]
[force_col_wise: 0]
[force_row_wise: 0]
[histogram_pool_size: -1]
[max_depth: 12]
[min_data_in_leaf: 20]
[min_sum_hessian_in_leaf: 0.001]
[bagging_fraction: 0.6]
[pos_bagging_fraction: 1]
[neg_bagging_fraction: 1]
[bagging_freq: 0]
[bagging_seed: 3]
[feature_fraction: 1]
[feature_fraction_bynode: 1]
[feature_fraction_seed: 2]
[extra_trees: 0]
[extra_seed: 6]
[early_stopping_round: 0]
[first_metric_only: 0]
[max_delta_step: 0]
[lambda_l1: 0]
[lambda_l2: 0]
[linear_lambda: 0]
[min_gain_to_split: 0]
[drop_rate: 0.1]
[max_drop: 50]
[skip_drop: 0.5]
[xgboost_dart_mode: 0]
[uniform_drop: 0]
[drop_seed: 4]
[top_rate: 0.2]
[other_rate: 0.1]
[min_data_per_group: 100]
[max_cat_threshold: 32]
[cat_l2: 10]
[cat_smooth: 10]
[max_cat_to_onehot: 4]
[top_k: 20]
[monotone_constraints: ]
[monotone_constraints_method: basic]
[monotone_penalty: 0]
[feature_contri: ]
[forcedsplits_filename: ]
[refit_decay_rate: 0.9]
[cegb_tradeoff: 1]
[cegb_penalty_split: 0]
[cegb_penalty_feature_lazy: ]
[cegb_penalty_feature_coupled: ]
[path_smooth: 0]
[interaction_constraints: ]
[verbosity: -1]
[saved_feature_importance_type: 0]
[linear_tree: 0]
[max_bin: 255]
[max_bin_by_feature: ]
[min_data_in_bin: 3]
[bin_construct_sample_cnt: 200000]
[data_random_seed: 1]
[is_enable_sparse: 1]
[enable_bundle: 1]
[use_missing: 1]
[zero_as_missing: 0]
[feature_pre_filter: 1]
[pre_partition: 0]
[two_round: 0]
[header: 0]
[label_column: ]
[weight_column: ]
[group_column: ]
[ignore_column: ]
[categorical_feature: ]
[forcedbins_filename: ]
[precise_float_parser: 0]
[objective_seed: 5]
[num_class: 1]
[is_unbalance: 0]
[scale_pos_weight: 1]
[sigmoid: 1]
[boost_from_average: 1]
[reg_sqrt: 0]
[alpha: 0.9]
[fair_c: 1]
[poisson_max_delta_step: 0.7]
[tweedie_variance_power: 1.5]
[lambdarank_truncation_level: 30]
[lambdarank_norm: 1]
[label_gain: ]
[eval_at: ]
[multi_error_top_k: 1]
[auc_mu_weights: ]
[num_machines: 1]
[local_listen_port: 12400]
[time_out: 120]
[machine_list_filename: ]
[machines: ]
[gpu_platform_id: -1]
[gpu_device_id: -1]
[gpu_use_dp: 0]
[num_gpu: 1]

end of parameters

pandas_categorical:[]
